order_item_id,order_id,product_id,quantity,unit_price,discount_percent,line_total,line_cost,line_profit
ITEM_000001,ORD_00001,PRD_C03,2,2199.0,5.0,4178.1,1600.0,2578.1
ITEM_000002,ORD_00002,PRD_H01,2,8495.0,10.0,15291.0,9600.0,5691.0
ITEM_000003,ORD_00003,PRD_F07,1,24999.0,10.0,22499.1,15000.0,7499.1
ITEM_000004,ORD_00004,PRD_C09,1,3299.0,5.0,3134.05,1200.0,1934.05
ITEM_000005,ORD_00005,PRD_E04,1,124900.0,10.0,112410.0,95000.0,17410.0
ITEM_000006,ORD_00006,PRD_F01,1,12999.0,0.0,12999.0,7500.0,5499.0
ITEM_000007,ORD_00006,PRD_H05,1,14999.0,5.0,14249.05,9500.0,4749.05
ITEM_000008,ORD_00007,PRD_F08,1,25500.0,0.0,25500.0,16000.0,9500.0
ITEM_000009,ORD_00008,PRD_C04,2,3899.0,10.0,7018.2,2800.0,4218.2
ITEM_000010,ORD_00009,PRD_E11,1,8995.0,15.0,7645.75,6200.0,1445.75
ITEM_000011,ORD_00010,PRD_C10,2,3490.0,0.0,6980.0,2200.0,4780.0
ITEM_000012,ORD_00011,PRD_C04,1,3899.0,5.0,3704.05,1400.0,2304.05
ITEM_000013,ORD_00011,PRD_E10,1,28500.0,15.0,24225.0,21000.0,3225.0
ITEM_000014,ORD_00011,PRD_E07,1,28990.0,0.0,28990.0,20000.0,8990.0
ITEM_000015,ORD_00012,PRD_C05,1,4999.0,5.0,4749.05,1800.0,2949.05
ITEM_000016,ORD_00013,PRD_F07,1,24999.0,15.0,21249.15,15000.0,6249.15
ITEM_000017,ORD_00014,PRD_E13,1,4999.0,5.0,4749.05,3200.0,1549.05
ITEM_000018,ORD_00015,PRD_H05,2,14999.0,15.0,25498.3,19000.0,6498.3
ITEM_000019,ORD_00016,PRD_F08,2,25500.0,5.0,48450.0,32000.0,16450.0
ITEM_000020,ORD_00016,PRD_E06,1,64999.0,0.0,64999.0,45000.0,19999.0
ITEM_000021,ORD_00017,PRD_E03,1,62000.0,10.0,55800.0,48000.0,7800.0
ITEM_000022,ORD_00017,PRD_F01,1,12999.0,0.0,12999.0,7500.0,5499.0
ITEM_000023,ORD_00018,PRD_H04,2,29900.0,10.0,53820.0,38000.0,15820.0
ITEM_000024,ORD_00019,PRD_E13,1,4999.0,10.0,4499.1,3200.0,1299.1
ITEM_000025,ORD_00020,PRD_C03,3,2199.0,5.0,6267.15,2400.0,3867.15
ITEM_000026,ORD_00021,PRD_C03,3,2199.0,5.0,6267.15,2400.0,3867.15
ITEM_000027,ORD_00021,PRD_C08,3,4999.0,20.0,11997.6,6600.0,5397.6
ITEM_000028,ORD_00021,PRD_E06,1,64999.0,10.0,58499.1,45000.0,13499.1
ITEM_000029,ORD_00022,PRD_F05,1,34999.0,5.0,33249.05,22000.0,11249.05
ITEM_000030,ORD_00023,PRD_F04,1,14500.0,5.0,13775.0,9000.0,4775.0
ITEM_000031,ORD_00024,PRD_C08,2,4999.0,0.0,9998.0,4400.0,5598.0
ITEM_000032,ORD_00025,PRD_E10,1,28500.0,15.0,24225.0,21000.0,3225.0
ITEM_000033,ORD_00026,PRD_H03,1,9999.0,0.0,9999.0,5500.0,4499.0
ITEM_000034,ORD_00026,PRD_C09,2,3299.0,0.0,6598.0,2400.0,4198.0
ITEM_000035,ORD_00027,PRD_E01,1,94900.0,0.0,94900.0,72000.0,22900.0
ITEM_000036,ORD_00028,PRD_C02,3,2499.0,0.0,7497.0,2850.0,4647.0
ITEM_000037,ORD_00029,PRD_C08,1,4999.0,0.0,4999.0,2200.0,2799.0
ITEM_000038,ORD_00030,PRD_F03,2,26999.0,10.0,48598.2,36000.0,12598.2
ITEM_000039,ORD_00031,PRD_H02,1,3890.0,15.0,3306.5,2100.0,1206.5
ITEM_000040,ORD_00032,PRD_C05,1,4999.0,5.0,4749.05,1800.0,2949.05
ITEM_000041,ORD_00033,PRD_C06,1,2999.0,0.0,2999.0,1100.0,1899.0
ITEM_000042,ORD_00033,PRD_F10,1,7999.0,5.0,7599.05,4500.0,3099.05
ITEM_000043,ORD_00033,PRD_E05,1,79999.0,5.0,75999.05,60000.0,15999.05
ITEM_000044,ORD_00034,PRD_E11,1,8995.0,5.0,8545.25,6200.0,2345.25
ITEM_000045,ORD_00034,PRD_E08,1,22900.0,20.0,18320.0,16000.0,2320.0
ITEM_000046,ORD_00035,PRD_C05,2,4999.0,5.0,9498.1,3600.0,5898.1
ITEM_000047,ORD_00036,PRD_E11,2,8995.0,15.0,15291.5,12400.0,2891.5
ITEM_000048,ORD_00036,PRD_F10,1,7999.0,10.0,7199.1,4500.0,2699.1
ITEM_000049,ORD_00036,PRD_E10,1,28500.0,5.0,27075.0,21000.0,6075.0
ITEM_000050,ORD_00037,PRD_C02,1,2499.0,0.0,2499.0,950.0,1549.0
ITEM_000051,ORD_00038,PRD_C06,2,2999.0,5.0,5698.1,2200.0,3498.1
ITEM_000052,ORD_00038,PRD_F08,1,25500.0,5.0,24225.0,16000.0,8225.0
ITEM_000053,ORD_00038,PRD_C10,1,3490.0,5.0,3315.5,1100.0,2215.5
ITEM_000054,ORD_00039,PRD_H02,2,3890.0,10.0,7002.0,4200.0,2802.0
ITEM_000055,ORD_00040,PRD_E06,1,64999.0,5.0,61749.05,45000.0,16749.05
ITEM_000056,ORD_00041,PRD_E06,1,64999.0,10.0,58499.1,45000.0,13499.1
ITEM_000057,ORD_00041,PRD_C02,1,2499.0,10.0,2249.1,950.0,1299.1
ITEM_000058,ORD_00042,PRD_F06,1,52000.0,10.0,46800.0,34000.0,12800.0
ITEM_000059,ORD_00042,PRD_H03,1,9999.0,0.0,9999.0,5500.0,4499.0
ITEM_000060,ORD_00043,PRD_F03,1,26999.0,10.0,24299.1,18000.0,6299.1
ITEM_000061,ORD_00043,PRD_E02,1,85000.0,0.0,85000.0,65000.0,20000.0
ITEM_000062,ORD_00043,PRD_H04,1,29900.0,5.0,28405.0,19000.0,9405.0
ITEM_000063,ORD_00044,PRD_H04,1,29900.0,15.0,25415.0,19000.0,6415.0
ITEM_000064,ORD_00045,PRD_C04,2,3899.0,0.0,7798.0,2800.0,4998.0
ITEM_000065,ORD_00045,PRD_F05,1,34999.0,10.0,31499.1,22000.0,9499.1
ITEM_000066,ORD_00046,PRD_F01,2,12999.0,5.0,24698.1,15000.0,9698.1
ITEM_000067,ORD_00047,PRD_E06,1,64999.0,0.0,64999.0,45000.0,19999.0
ITEM_000068,ORD_00047,PRD_E05,1,79999.0,5.0,75999.05,60000.0,15999.05
ITEM_000069,ORD_00048,PRD_C03,4,2199.0,15.0,7476.6,3200.0,4276.6
ITEM_000070,ORD_00049,PRD_E13,2,4999.0,10.0,8998.2,6400.0,2598.2
ITEM_000071,ORD_00050,PRD_F05,1,34999.0,0.0,34999.0,22000.0,12999.0
ITEM_000072,ORD_00051,PRD_E12,1,6495.0,10.0,5845.5,4500.0,1345.5
ITEM_000073,ORD_00051,PRD_E10,1,28500.0,0.0,28500.0,21000.0,7500.0
ITEM_000074,ORD_00052,PRD_H04,1,29900.0,0.0,29900.0,19000.0,10900.0
ITEM_000075,ORD_00052,PRD_F03,1,26999.0,5.0,25649.05,18000.0,7649.05
ITEM_000076,ORD_00053,PRD_H02,1,3890.0,10.0,3501.0,2100.0,1401.0
ITEM_000077,ORD_00054,PRD_C08,2,4999.0,20.0,7998.4,4400.0,3598.4
ITEM_000078,ORD_00055,PRD_H03,1,9999.0,10.0,8999.1,5500.0,3499.1
ITEM_000079,ORD_00056,PRD_F10,1,7999.0,10.0,7199.1,4500.0,2699.1
ITEM_000080,ORD_00057,PRD_E09,1,1499.0,10.0,1349.1,800.0,549.1
ITEM_000081,ORD_00058,PRD_C02,2,2499.0,0.0,4998.0,1900.0,3098.0
ITEM_000082,ORD_00059,PRD_E12,1,6495.0,20.0,5196.0,4500.0,696.0
ITEM_000083,ORD_00059,PRD_E11,1,8995.0,0.0,8995.0,6200.0,2795.0
ITEM_000084,ORD_00059,PRD_F07,1,24999.0,5.0,23749.05,15000.0,8749.05
ITEM_000085,ORD_00060,PRD_E03,1,62000.0,0.0,62000.0,48000.0,14000.0
ITEM_000086,ORD_00061,PRD_E14,2,8499.0,10.0,15298.2,12000.0,3298.2
ITEM_000087,ORD_00061,PRD_H05,2,14999.0,10.0,26998.2,19000.0,7998.2
ITEM_000088,ORD_00062,PRD_C07,2,8995.0,0.0,17990.0,8400.0,9590.0
ITEM_000089,ORD_00063,PRD_C02,1,2499.0,0.0,2499.0,950.0,1549.0
ITEM_000090,ORD_00064,PRD_E14,1,8499.0,10.0,7649.1,6000.0,1649.1
ITEM_000091,ORD_00064,PRD_F07,1,24999.0,0.0,24999.0,15000.0,9999.0
ITEM_000092,ORD_00065,PRD_H02,1,3890.0,0.0,3890.0,2100.0,1790.0
ITEM_000093,ORD_00066,PRD_E09,1,1499.0,0.0,1499.0,800.0,699.0
ITEM_000094,ORD_00067,PRD_E08,1,22900.0,15.0,19465.0,16000.0,3465.0
ITEM_000095,ORD_00067,PRD_E06,1,64999.0,20.0,51999.2,45000.0,6999.2
ITEM_000096,ORD_00068,PRD_E02,1,85000.0,10.0,76500.0,65000.0,11500.0
ITEM_000097,ORD_00069,PRD_F09,1,38000.0,5.0,36100.0,24000.0,12100.0
ITEM_000098,ORD_00070,PRD_C02,2,2499.0,5.0,4748.1,1900.0,2848.1
ITEM_000099,ORD_00070,PRD_F02,1,18500.0,0.0,18500.0,11000.0,7500.0
ITEM_000100,ORD_00070,PRD_F04,1,14500.0,5.0,13775.0,9000.0,4775.0
ITEM_000101,ORD_00071,PRD_F06,1,52000.0,5.0,49400.0,34000.0,15400.0
ITEM_000102,ORD_00072,PRD_F02,1,18500.0,0.0,18500.0,11000.0,7500.0
ITEM_000103,ORD_00072,PRD_E03,1,62000.0,5.0,58900.0,48000.0,10900.0
ITEM_000104,ORD_00073,PRD_E13,1,4999.0,15.0,4249.15,3200.0,1049.15
ITEM_000105,ORD_00074,PRD_F08,1,25500.0,10.0,22950.0,16000.0,6950.0
ITEM_000106,ORD_00074,PRD_E12,1,6495.0,20.0,5196.0,4500.0,696.0
ITEM_000107,ORD_00075,PRD_F02,1,18500.0,5.0,17575.0,11000.0,6575.0
ITEM_000108,ORD_00076,PRD_F10,1,7999.0,5.0,7599.05,4500.0,3099.05
ITEM_000109,ORD_00077,PRD_C04,4,3899.0,5.0,14816.2,5600.0,9216.2
ITEM_000110,ORD_00078,PRD_E04,1,124900.0,0.0,124900.0,95000.0,29900.0
ITEM_000111,ORD_00079,PRD_H02,2,3890.0,0.0,7780.0,4200.0,3580.0
ITEM_000112,ORD_00080,PRD_C03,2,2199.0,5.0,4178.1,1600.0,2578.1
ITEM_000113,ORD_00081,PRD_C04,2,3899.0,10.0,7018.2,2800.0,4218.2
ITEM_000114,ORD_00082,PRD_F10,1,7999.0,5.0,7599.05,4500.0,3099.05
ITEM_000115,ORD_00082,PRD_F04,1,14500.0,0.0,14500.0,9000.0,5500.0
ITEM_000116,ORD_00082,PRD_C09,1,3299.0,5.0,3134.05,1200.0,1934.05
ITEM_000117,ORD_00083,PRD_F05,2,34999.0,0.0,69998.0,44000.0,25998.0
ITEM_000118,ORD_00084,PRD_E14,1,8499.0,5.0,8074.05,6000.0,2074.05
ITEM_000119,ORD_00084,PRD_C05,2,4999.0,15.0,8498.3,3600.0,4898.3
ITEM_000120,ORD_00084,PRD_H02,1,3890.0,0.0,3890.0,2100.0,1790.0
ITEM_000121,ORD_00085,PRD_F07,1,24999.0,10.0,22499.1,15000.0,7499.1
ITEM_000122,ORD_00086,PRD_C03,1,2199.0,15.0,1869.15,800.0,1069.15
ITEM_000123,ORD_00087,PRD_H05,1,14999.0,0.0,14999.0,9500.0,5499.0
ITEM_000124,ORD_00087,PRD_E05,1,79999.0,10.0,71999.1,60000.0,11999.1
ITEM_000125,ORD_00088,PRD_E04,1,124900.0,5.0,118655.0,95000.0,23655.0
ITEM_000126,ORD_00089,PRD_E04,1,124900.0,10.0,112410.0,95000.0,17410.0
ITEM_000127,ORD_00090,PRD_F02,2,18500.0,15.0,31450.0,22000.0,9450.0
ITEM_000128,ORD_00091,PRD_F07,1,24999.0,5.0,23749.05,15000.0,8749.05
ITEM_000129,ORD_00092,PRD_E02,1,85000.0,5.0,80750.0,65000.0,15750.0
ITEM_000130,ORD_00092,PRD_E09,1,1499.0,0.0,1499.0,800.0,699.0
ITEM_000131,ORD_00092,PRD_C08,2,4999.0,5.0,9498.1,4400.0,5098.1
ITEM_000132,ORD_00093,PRD_E07,1,28990.0,0.0,28990.0,20000.0,8990.0
ITEM_000133,ORD_00093,PRD_E04,1,124900.0,0.0,124900.0,95000.0,29900.0
ITEM_000134,ORD_00094,PRD_F08,1,25500.0,0.0,25500.0,16000.0,9500.0
ITEM_000135,ORD_00095,PRD_C10,1,3490.0,15.0,2966.5,1100.0,1866.5
ITEM_000136,ORD_00096,PRD_E13,2,4999.0,0.0,9998.0,6400.0,3598.0
ITEM_000137,ORD_00097,PRD_E09,2,1499.0,5.0,2848.1,1600.0,1248.1
ITEM_000138,ORD_00098,PRD_C10,1,3490.0,5.0,3315.5,1100.0,2215.5
ITEM_000139,ORD_00099,PRD_F07,1,24999.0,5.0,23749.05,15000.0,8749.05
ITEM_000140,ORD_00100,PRD_C01,1,5999.0,10.0,5399.1,2600.0,2799.1
ITEM_000141,ORD_00100,PRD_C06,1,2999.0,10.0,2699.1,1100.0,1599.1
ITEM_000142,ORD_00101,PRD_E03,1,62000.0,5.0,58900.0,48000.0,10900.0
ITEM_000143,ORD_00102,PRD_F10,1,7999.0,0.0,7999.0,4500.0,3499.0
ITEM_000144,ORD_00103,PRD_C02,1,2499.0,10.0,2249.1,950.0,1299.1
ITEM_000145,ORD_00104,PRD_E14,1,8499.0,20.0,6799.2,6000.0,799.2
ITEM_000146,ORD_00105,PRD_E05,1,79999.0,0.0,79999.0,60000.0,19999.0
ITEM_000147,ORD_00105,PRD_E02,1,85000.0,15.0,72250.0,65000.0,7250.0
ITEM_000148,ORD_00106,PRD_F09,1,38000.0,15.0,32300.0,24000.0,8300.0
ITEM_000149,ORD_00107,PRD_F01,1,12999.0,10.0,11699.1,7500.0,4199.1
ITEM_000150,ORD_00107,PRD_F02,1,18500.0,0.0,18500.0,11000.0,7500.0
ITEM_000151,ORD_00108,PRD_C06,2,2999.0,0.0,5998.0,2200.0,3798.0
ITEM_000152,ORD_00109,PRD_E11,1,8995.0,10.0,8095.5,6200.0,1895.5
ITEM_000153,ORD_00110,PRD_E01,1,94900.0,10.0,85410.0,72000.0,13410.0
ITEM_000154,ORD_00111,PRD_C07,2,8995.0,5.0,17090.5,8400.0,8690.5
ITEM_000155,ORD_00112,PRD_E04,1,124900.0,10.0,112410.0,95000.0,17410.0
ITEM_000156,ORD_00112,PRD_E10,1,28500.0,0.0,28500.0,21000.0,7500.0
ITEM_000157,ORD_00113,PRD_E03,1,62000.0,15.0,52700.0,48000.0,4700.0
ITEM_000158,ORD_00114,PRD_E06,1,64999.0,0.0,64999.0,45000.0,19999.0
ITEM_000159,ORD_00115,PRD_F07,1,24999.0,0.0,24999.0,15000.0,9999.0
ITEM_000160,ORD_00116,PRD_H05,1,14999.0,10.0,13499.1,9500.0,3999.1
ITEM_000161,ORD_00116,PRD_F03,2,26999.0,15.0,45898.3,36000.0,9898.3
ITEM_000162,ORD_00116,PRD_F09,2,38000.0,5.0,72200.0,48000.0,24200.0
ITEM_000163,ORD_00117,PRD_H05,1,14999.0,10.0,13499.1,9500.0,3999.1
ITEM_000164,ORD_00118,PRD_F10,1,7999.0,0.0,7999.0,4500.0,3499.0
ITEM_000165,ORD_00119,PRD_C03,1,2199.0,0.0,2199.0,800.0,1399.0
ITEM_000166,ORD_00120,PRD_E09,1,1499.0,15.0,1274.15,800.0,474.15
ITEM_000167,ORD_00121,PRD_H01,1,8495.0,10.0,7645.5,4800.0,2845.5
ITEM_000168,ORD_00121,PRD_F09,1,38000.0,5.0,36100.0,24000.0,12100.0
ITEM_000169,ORD_00122,PRD_F08,1,25500.0,15.0,21675.0,16000.0,5675.0
ITEM_000170,ORD_00123,PRD_E12,1,6495.0,5.0,6170.25,4500.0,1670.25
ITEM_000171,ORD_00124,PRD_E14,1,8499.0,0.0,8499.0,6000.0,2499.0
ITEM_000172,ORD_00125,PRD_E09,1,1499.0,0.0,1499.0,800.0,699.0
ITEM_000173,ORD_00126,PRD_H05,1,14999.0,5.0,14249.05,9500.0,4749.05
ITEM_000174,ORD_00127,PRD_F01,2,12999.0,0.0,25998.0,15000.0,10998.0
ITEM_000175,ORD_00128,PRD_H01,2,8495.0,0.0,16990.0,9600.0,7390.0
ITEM_000176,ORD_00128,PRD_E11,1,8995.0,5.0,8545.25,6200.0,2345.25
ITEM_000177,ORD_00129,PRD_E06,1,64999.0,0.0,64999.0,45000.0,19999.0
ITEM_000178,ORD_00130,PRD_F08,1,25500.0,0.0,25500.0,16000.0,9500.0
ITEM_000179,ORD_00131,PRD_F08,2,25500.0,0.0,51000.0,32000.0,19000.0
ITEM_000180,ORD_00132,PRD_E06,1,64999.0,15.0,55249.15,45000.0,10249.15
ITEM_000181,ORD_00133,PRD_E08,1,22900.0,0.0,22900.0,16000.0,6900.0
ITEM_000182,ORD_00133,PRD_H01,1,8495.0,0.0,8495.0,4800.0,3695.0
ITEM_000183,ORD_00133,PRD_E11,1,8995.0,10.0,8095.5,6200.0,1895.5
ITEM_000184,ORD_00134,PRD_F01,1,12999.0,5.0,12349.05,7500.0,4849.05
ITEM_000185,ORD_00135,PRD_E11,2,8995.0,0.0,17990.0,12400.0,5590.0
ITEM_000186,ORD_00136,PRD_E14,2,8499.0,10.0,15298.2,12000.0,3298.2
ITEM_000187,ORD_00137,PRD_E11,2,8995.0,20.0,14392.0,12400.0,1992.0
ITEM_000188,ORD_00138,PRD_E11,1,8995.0,0.0,8995.0,6200.0,2795.0
ITEM_000189,ORD_00139,PRD_H04,1,29900.0,0.0,29900.0,19000.0,10900.0
ITEM_000190,ORD_00140,PRD_F04,1,14500.0,0.0,14500.0,9000.0,5500.0
ITEM_000191,ORD_00141,PRD_E10,1,28500.0,0.0,28500.0,21000.0,7500.0
ITEM_000192,ORD_00142,PRD_H01,2,8495.0,5.0,16140.5,9600.0,6540.5
ITEM_000193,ORD_00143,PRD_E07,1,28990.0,10.0,26091.0,20000.0,6091.0
ITEM_000194,ORD_00144,PRD_E14,1,8499.0,5.0,8074.05,6000.0,2074.05
ITEM_000195,ORD_00145,PRD_H03,1,9999.0,5.0,9499.05,5500.0,3999.05
ITEM_000196,ORD_00146,PRD_E08,1,22900.0,20.0,18320.0,16000.0,2320.0
ITEM_000197,ORD_00147,PRD_C01,2,5999.0,0.0,11998.0,5200.0,6798.0
ITEM_000198,ORD_00148,PRD_E01,1,94900.0,20.0,75920.0,72000.0,3920.0
ITEM_000199,ORD_00149,PRD_C07,1,8995.0,5.0,8545.25,4200.0,4345.25
ITEM_000200,ORD_00150,PRD_E06,1,64999.0,5.0,61749.05,45000.0,16749.05
ITEM_000201,ORD_00150,PRD_C07,2,8995.0,0.0,17990.0,8400.0,9590.0
ITEM_000202,ORD_00151,PRD_E12,1,6495.0,15.0,5520.75,4500.0,1020.75
ITEM_000203,ORD_00152,PRD_C02,3,2499.0,0.0,7497.0,2850.0,4647.0
ITEM_000204,ORD_00153,PRD_C06,2,2999.0,0.0,5998.0,2200.0,3798.0
ITEM_000205,ORD_00154,PRD_E08,1,22900.0,5.0,21755.0,16000.0,5755.0
ITEM_000206,ORD_00155,PRD_F03,1,26999.0,5.0,25649.05,18000.0,7649.05
ITEM_000207,ORD_00155,PRD_C03,1,2199.0,10.0,1979.1,800.0,1179.1
ITEM_000208,ORD_00155,PRD_F08,1,25500.0,0.0,25500.0,16000.0,9500.0
ITEM_000209,ORD_00156,PRD_H04,1,29900.0,10.0,26910.0,19000.0,7910.0
ITEM_000210,ORD_00157,PRD_H01,1,8495.0,20.0,6796.0,4800.0,1996.0
ITEM_000211,ORD_00158,PRD_H01,1,8495.0,20.0,6796.0,4800.0,1996.0
ITEM_000212,ORD_00159,PRD_F02,1,18500.0,0.0,18500.0,11000.0,7500.0
ITEM_000213,ORD_00160,PRD_C02,1,2499.0,0.0,2499.0,950.0,1549.0
ITEM_000214,ORD_00161,PRD_F09,1,38000.0,0.0,38000.0,24000.0,14000.0
ITEM_000215,ORD_00162,PRD_E04,1,124900.0,5.0,118655.0,95000.0,23655.0
ITEM_000216,ORD_00163,PRD_E07,1,28990.0,5.0,27540.5,20000.0,7540.5
ITEM_000217,ORD_00163,PRD_C06,2,2999.0,0.0,5998.0,2200.0,3798.0
ITEM_000218,ORD_00164,PRD_F01,2,12999.0,15.0,22098.3,15000.0,7098.3
ITEM_000219,ORD_00164,PRD_C10,1,3490.0,5.0,3315.5,1100.0,2215.5
ITEM_000220,ORD_00165,PRD_F06,1,52000.0,5.0,49400.0,34000.0,15400.0
ITEM_000221,ORD_00165,PRD_H04,1,29900.0,10.0,26910.0,19000.0,7910.0
ITEM_000222,ORD_00166,PRD_C06,1,2999.0,10.0,2699.1,1100.0,1599.1
ITEM_000223,ORD_00166,PRD_E11,1,8995.0,0.0,8995.0,6200.0,2795.0
ITEM_000224,ORD_00167,PRD_E13,2,4999.0,10.0,8998.2,6400.0,2598.2
ITEM_000225,ORD_00168,PRD_E02,1,85000.0,0.0,85000.0,65000.0,20000.0
ITEM_000226,ORD_00168,PRD_E09,1,1499.0,20.0,1199.2,800.0,399.2
ITEM_000227,ORD_00169,PRD_C04,1,3899.0,10.0,3509.1,1400.0,2109.1
ITEM_000228,ORD_00170,PRD_C07,2,8995.0,0.0,17990.0,8400.0,9590.0
ITEM_000229,ORD_00171,PRD_C03,2,2199.0,5.0,4178.1,1600.0,2578.1
ITEM_000230,ORD_00171,PRD_E07,1,28990.0,5.0,27540.5,20000.0,7540.5
ITEM_000231,ORD_00172,PRD_C10,1,3490.0,5.0,3315.5,1100.0,2215.5
ITEM_000232,ORD_00173,PRD_H04,2,29900.0,10.0,53820.0,38000.0,15820.0
ITEM_000233,ORD_00173,PRD_E03,1,62000.0,0.0,62000.0,48000.0,14000.0
ITEM_000234,ORD_00174,PRD_H02,1,3890.0,0.0,3890.0,2100.0,1790.0
ITEM_000235,ORD_00175,PRD_H03,1,9999.0,0.0,9999.0,5500.0,4499.0
ITEM_000236,ORD_00176,PRD_F08,2,25500.0,15.0,43350.0,32000.0,11350.0
ITEM_000237,ORD_00177,PRD_F08,1,25500.0,20.0,20400.0,16000.0,4400.0
ITEM_000238,ORD_00178,PRD_C10,1,3490.0,0.0,3490.0,1100.0,2390.0
ITEM_000239,ORD_00179,PRD_E11,2,8995.0,0.0,17990.0,12400.0,5590.0
ITEM_000240,ORD_00180,PRD_E02,1,85000.0,15.0,72250.0,65000.0,7250.0
ITEM_000241,ORD_00181,PRD_C09,1,3299.0,20.0,2639.2,1200.0,1439.2
ITEM_000242,ORD_00182,PRD_H04,2,29900.0,0.0,59800.0,38000.0,21800.0
ITEM_000243,ORD_00183,PRD_F04,1,14500.0,15.0,12325.0,9000.0,3325.0
ITEM_000244,ORD_00183,PRD_E05,1,79999.0,15.0,67999.15,60000.0,7999.15
ITEM_000245,ORD_00184,PRD_H05,1,14999.0,0.0,14999.0,9500.0,5499.0
ITEM_000246,ORD_00185,PRD_H05,2,14999.0,10.0,26998.2,19000.0,7998.2
ITEM_000247,ORD_00186,PRD_C08,2,4999.0,0.0,9998.0,4400.0,5598.0
ITEM_000248,ORD_00187,PRD_E04,1,124900.0,5.0,118655.0,95000.0,23655.0
ITEM_000249,ORD_00188,PRD_F07,1,24999.0,0.0,24999.0,15000.0,9999.0
ITEM_000250,ORD_00189,PRD_F07,1,24999.0,0.0,24999.0,15000.0,9999.0
ITEM_000251,ORD_00190,PRD_E03,1,62000.0,5.0,58900.0,48000.0,10900.0
ITEM_000252,ORD_00190,PRD_E02,1,85000.0,15.0,72250.0,65000.0,7250.0
ITEM_000253,ORD_00191,PRD_F04,1,14500.0,10.0,13050.0,9000.0,4050.0
ITEM_000254,ORD_00191,PRD_C02,1,2499.0,5.0,2374.05,950.0,1424.05
ITEM_000255,ORD_00192,PRD_E07,1,28990.0,0.0,28990.0,20000.0,8990.0
ITEM_000256,ORD_00192,PRD_C07,1,8995.0,0.0,8995.0,4200.0,4795.0
ITEM_000257,ORD_00193,PRD_C01,1,5999.0,5.0,5699.05,2600.0,3099.05
ITEM_000258,ORD_00193,PRD_F08,1,25500.0,5.0,24225.0,16000.0,8225.0
ITEM_000259,ORD_00193,PRD_C02,1,2499.0,10.0,2249.1,950.0,1299.1
ITEM_000260,ORD_00194,PRD_F02,2,18500.0,5.0,35150.0,22000.0,13150.0
ITEM_000261,ORD_00195,PRD_F07,1,24999.0,0.0,24999.0,15000.0,9999.0
ITEM_000262,ORD_00196,PRD_C07,1,8995.0,10.0,8095.5,4200.0,3895.5
ITEM_000263,ORD_00197,PRD_E07,1,28990.0,0.0,28990.0,20000.0,8990.0
ITEM_000264,ORD_00197,PRD_C02,1,2499.0,0.0,2499.0,950.0,1549.0
ITEM_000265,ORD_00198,PRD_F10,1,7999.0,0.0,7999.0,4500.0,3499.0
ITEM_000266,ORD_00199,PRD_F05,2,34999.0,0.0,69998.0,44000.0,25998.0
ITEM_000267,ORD_00199,PRD_E10,1,28500.0,0.0,28500.0,21000.0,7500.0
ITEM_000268,ORD_00200,PRD_C07,3,8995.0,5.0,25635.75,12600.0,13035.75
ITEM_000269,ORD_00201,PRD_E14,1,8499.0,0.0,8499.0,6000.0,2499.0
ITEM_000270,ORD_00202,PRD_F01,1,12999.0,5.0,12349.05,7500.0,4849.05
ITEM_000271,ORD_00203,PRD_E04,1,124900.0,5.0,118655.0,95000.0,23655.0
ITEM_000272,ORD_00204,PRD_F03,1,26999.0,5.0,25649.05,18000.0,7649.05
ITEM_000273,ORD_00205,PRD_H02,1,3890.0,5.0,3695.5,2100.0,1595.5
ITEM_000274,ORD_00205,PRD_E10,1,28500.0,5.0,27075.0,21000.0,6075.0
ITEM_000275,ORD_00206,PRD_F05,2,34999.0,0.0,69998.0,44000.0,25998.0
ITEM_000276,ORD_00207,PRD_E10,1,28500.0,5.0,27075.0,21000.0,6075.0
ITEM_000277,ORD_00208,PRD_F04,1,14500.0,15.0,12325.0,9000.0,3325.0
ITEM_000278,ORD_00209,PRD_E06,1,64999.0,0.0,64999.0,45000.0,19999.0
ITEM_000279,ORD_00210,PRD_F04,1,14500.0,15.0,12325.0,9000.0,3325.0
ITEM_000280,ORD_00211,PRD_H02,2,3890.0,0.0,7780.0,4200.0,3580.0
ITEM_000281,ORD_00211,PRD_C06,2,2999.0,5.0,5698.1,2200.0,3498.1
ITEM_000282,ORD_00212,PRD_H04,1,29900.0,0.0,29900.0,19000.0,10900.0
ITEM_000283,ORD_00213,PRD_C08,2,4999.0,5.0,9498.1,4400.0,5098.1
ITEM_000284,ORD_00213,PRD_E01,1,94900.0,0.0,94900.0,72000.0,22900.0
ITEM_000285,ORD_00214,PRD_C05,1,4999.0,0.0,4999.0,1800.0,3199.0
ITEM_000286,ORD_00215,PRD_C01,1,5999.0,5.0,5699.05,2600.0,3099.05
ITEM_000287,ORD_00216,PRD_E11,1,8995.0,15.0,7645.75,6200.0,1445.75
ITEM_000288,ORD_00216,PRD_F02,2,18500.0,0.0,37000.0,22000.0,15000.0
ITEM_000289,ORD_00217,PRD_F01,1,12999.0,15.0,11049.15,7500.0,3549.15
ITEM_000290,ORD_00218,PRD_C01,2,5999.0,0.0,11998.0,5200.0,6798.0
ITEM_000291,ORD_00219,PRD_C08,1,4999.0,10.0,4499.1,2200.0,2299.1
ITEM_000292,ORD_00219,PRD_E03,1,62000.0,5.0,58900.0,48000.0,10900.0
ITEM_000293,ORD_00220,PRD_E10,1,28500.0,10.0,25650.0,21000.0,4650.0
ITEM_000294,ORD_00221,PRD_C10,2,3490.0,5.0,6631.0,2200.0,4431.0
ITEM_000295,ORD_00222,PRD_E03,1,62000.0,15.0,52700.0,48000.0,4700.0
ITEM_000296,ORD_00223,PRD_E13,1,4999.0,5.0,4749.05,3200.0,1549.05
ITEM_000297,ORD_00223,PRD_C08,1,4999.0,0.0,4999.0,2200.0,2799.0
ITEM_000298,ORD_00224,PRD_C08,2,4999.0,15.0,8498.3,4400.0,4098.3
ITEM_000299,ORD_00224,PRD_E09,1,1499.0,5.0,1424.05,800.0,624.05
ITEM_000300,ORD_00224,PRD_F09,2,38000.0,15.0,64600.0,48000.0,16600.0
ITEM_000301,ORD_00225,PRD_E10,1,28500.0,5.0,27075.0,21000.0,6075.0
ITEM_000302,ORD_00226,PRD_E05,1,79999.0,5.0,75999.05,60000.0,15999.05
ITEM_000303,ORD_00227,PRD_E05,1,79999.0,0.0,79999.0,60000.0,19999.0
ITEM_000304,ORD_00228,PRD_F10,1,7999.0,5.0,7599.05,4500.0,3099.05
ITEM_000305,ORD_00229,PRD_H01,1,8495.0,0.0,8495.0,4800.0,3695.0
ITEM_000306,ORD_00230,PRD_F05,1,34999.0,10.0,31499.1,22000.0,9499.1
ITEM_000307,ORD_00230,PRD_E03,1,62000.0,0.0,62000.0,48000.0,14000.0
ITEM_000308,ORD_00231,PRD_C04,1,3899.0,5.0,3704.05,1400.0,2304.05
ITEM_000309,ORD_00232,PRD_F01,1,12999.0,0.0,12999.0,7500.0,5499.0
ITEM_000310,ORD_00233,PRD_H03,2,9999.0,10.0,17998.2,11000.0,6998.2
ITEM_000311,ORD_00234,PRD_C02,2,2499.0,5.0,4748.1,1900.0,2848.1
ITEM_000312,ORD_00235,PRD_E09,1,1499.0,0.0,1499.0,800.0,699.0
ITEM_000313,ORD_00236,PRD_F01,1,12999.0,10.0,11699.1,7500.0,4199.1
ITEM_000314,ORD_00236,PRD_C02,3,2499.0,5.0,7122.15,2850.0,4272.15
ITEM_000315,ORD_00237,PRD_H05,1,14999.0,5.0,14249.05,9500.0,4749.05
ITEM_000316,ORD_00238,PRD_H02,1,3890.0,10.0,3501.0,2100.0,1401.0
ITEM_000317,ORD_00239,PRD_E11,1,8995.0,0.0,8995.0,6200.0,2795.0
ITEM_000318,ORD_00240,PRD_C04,1,3899.0,5.0,3704.05,1400.0,2304.05
ITEM_000319,ORD_00241,PRD_C09,1,3299.0,0.0,3299.0,1200.0,2099.0
ITEM_000320,ORD_00242,PRD_F08,1,25500.0,5.0,24225.0,16000.0,8225.0
ITEM_000321,ORD_00243,PRD_C05,1,4999.0,5.0,4749.05,1800.0,2949.05
ITEM_000322,ORD_00243,PRD_E01,1,94900.0,0.0,94900.0,72000.0,22900.0
ITEM_000323,ORD_00244,PRD_E10,1,28500.0,10.0,25650.0,21000.0,4650.0
ITEM_000324,ORD_00245,PRD_C08,1,4999.0,15.0,4249.15,2200.0,2049.15
ITEM_000325,ORD_00246,PRD_E13,1,4999.0,5.0,4749.05,3200.0,1549.05
ITEM_000326,ORD_00247,PRD_C08,1,4999.0,0.0,4999.0,2200.0,2799.0
ITEM_000327,ORD_00248,PRD_F05,1,34999.0,10.0,31499.1,22000.0,9499.1
ITEM_000328,ORD_00249,PRD_E02,1,85000.0,10.0,76500.0,65000.0,11500.0
ITEM_000329,ORD_00250,PRD_C10,2,3490.0,5.0,6631.0,2200.0,4431.0
ITEM_000330,ORD_00250,PRD_C09,3,3299.0,0.0,9897.0,3600.0,6297.0
ITEM_000331,ORD_00250,PRD_F07,1,24999.0,0.0,24999.0,15000.0,9999.0
ITEM_000332,ORD_00251,PRD_C08,2,4999.0,0.0,9998.0,4400.0,5598.0
ITEM_000333,ORD_00252,PRD_C04,1,3899.0,5.0,3704.05,1400.0,2304.05
ITEM_000334,ORD_00253,PRD_F02,2,18500.0,15.0,31450.0,22000.0,9450.0
ITEM_000335,ORD_00254,PRD_H03,1,9999.0,0.0,9999.0,5500.0,4499.0
ITEM_000336,ORD_00255,PRD_F04,1,14500.0,0.0,14500.0,9000.0,5500.0
ITEM_000337,ORD_00256,PRD_E13,1,4999.0,10.0,4499.1,3200.0,1299.1
ITEM_000338,ORD_00257,PRD_C09,3,3299.0,0.0,9897.0,3600.0,6297.0
ITEM_000339,ORD_00257,PRD_C03,2,2199.0,10.0,3958.2,1600.0,2358.2
ITEM_000340,ORD_00258,PRD_F08,2,25500.0,5.0,48450.0,32000.0,16450.0
ITEM_000341,ORD_00259,PRD_H04,1,29900.0,10.0,26910.0,19000.0,7910.0
ITEM_000342,ORD_00260,PRD_H04,1,29900.0,10.0,26910.0,19000.0,7910.0
ITEM_000343,ORD_00261,PRD_E02,1,85000.0,0.0,85000.0,65000.0,20000.0
ITEM_000344,ORD_00262,PRD_E14,1,8499.0,5.0,8074.05,6000.0,2074.05
ITEM_000345,ORD_00263,PRD_E01,1,94900.0,5.0,90155.0,72000.0,18155.0
ITEM_000346,ORD_00263,PRD_C07,4,8995.0,5.0,34181.0,16800.0,17381.0
ITEM_000347,ORD_00263,PRD_F03,1,26999.0,5.0,25649.05,18000.0,7649.05
ITEM_000348,ORD_00264,PRD_C01,1,5999.0,0.0,5999.0,2600.0,3399.0
ITEM_000349,ORD_00265,PRD_C10,1,3490.0,0.0,3490.0,1100.0,2390.0
ITEM_000350,ORD_00266,PRD_C08,1,4999.0,0.0,4999.0,2200.0,2799.0
ITEM_000351,ORD_00267,PRD_E05,1,79999.0,0.0,79999.0,60000.0,19999.0
ITEM_000352,ORD_00267,PRD_E12,2,6495.0,10.0,11691.0,9000.0,2691.0
ITEM_000353,ORD_00268,PRD_C09,2,3299.0,10.0,5938.2,2400.0,3538.2
ITEM_000354,ORD_00269,PRD_H03,1,9999.0,0.0,9999.0,5500.0,4499.0
ITEM_000355,ORD_00270,PRD_C09,2,3299.0,5.0,6268.1,2400.0,3868.1
ITEM_000356,ORD_00270,PRD_C08,1,4999.0,0.0,4999.0,2200.0,2799.0
ITEM_000357,ORD_00270,PRD_E14,1,8499.0,5.0,8074.05,6000.0,2074.05
ITEM_000358,ORD_00271,PRD_F03,1,26999.0,20.0,21599.2,18000.0,3599.2
ITEM_000359,ORD_00272,PRD_E12,1,6495.0,15.0,5520.75,4500.0,1020.75
ITEM_000360,ORD_00273,PRD_C01,1,5999.0,10.0,5399.1,2600.0,2799.1
ITEM_000361,ORD_00274,PRD_F09,1,38000.0,0.0,38000.0,24000.0,14000.0
ITEM_000362,ORD_00274,PRD_F04,2,14500.0,15.0,24650.0,18000.0,6650.0
ITEM_000363,ORD_00275,PRD_E14,1,8499.0,0.0,8499.0,6000.0,2499.0
ITEM_000364,ORD_00276,PRD_C06,1,2999.0,0.0,2999.0,1100.0,1899.0
ITEM_000365,ORD_00277,PRD_H02,1,3890.0,0.0,3890.0,2100.0,1790.0
ITEM_000366,ORD_00278,PRD_E10,1,28500.0,0.0,28500.0,21000.0,7500.0
ITEM_000367,ORD_00279,PRD_C01,1,5999.0,10.0,5399.1,2600.0,2799.1
ITEM_000368,ORD_00279,PRD_E11,1,8995.0,20.0,7196.0,6200.0,996.0
ITEM_000369,ORD_00279,PRD_F01,1,12999.0,5.0,12349.05,7500.0,4849.05
ITEM_000370,ORD_00280,PRD_E12,1,6495.0,15.0,5520.75,4500.0,1020.75
ITEM_000371,ORD_00281,PRD_F03,1,26999.0,5.0,25649.05,18000.0,7649.05
ITEM_000372,ORD_00282,PRD_E04,1,124900.0,10.0,112410.0,95000.0,17410.0
ITEM_000373,ORD_00283,PRD_E12,1,6495.0,10.0,5845.5,4500.0,1345.5
ITEM_000374,ORD_00283,PRD_H04,1,29900.0,5.0,28405.0,19000.0,9405.0
ITEM_000375,ORD_00283,PRD_F09,2,38000.0,10.0,68400.0,48000.0,20400.0
ITEM_000376,ORD_00284,PRD_E03,1,62000.0,5.0,58900.0,48000.0,10900.0
ITEM_000377,ORD_00284,PRD_F04,1,14500.0,0.0,14500.0,9000.0,5500.0
ITEM_000378,ORD_00284,PRD_C04,3,3899.0,20.0,9357.6,4200.0,5157.6
ITEM_000379,ORD_00285,PRD_E07,1,28990.0,5.0,27540.5,20000.0,7540.5
ITEM_000380,ORD_00286,PRD_E14,1,8499.0,0.0,8499.0,6000.0,2499.0
ITEM_000381,ORD_00287,PRD_E13,1,4999.0,5.0,4749.05,3200.0,1549.05
ITEM_000382,ORD_00287,PRD_E10,1,28500.0,0.0,28500.0,21000.0,7500.0
ITEM_000383,ORD_00287,PRD_C06,4,2999.0,0.0,11996.0,4400.0,7596.0
ITEM_000384,ORD_00288,PRD_E09,1,1499.0,0.0,1499.0,800.0,699.0
ITEM_000385,ORD_00288,PRD_H04,2,29900.0,10.0,53820.0,38000.0,15820.0
ITEM_000386,ORD_00289,PRD_E09,1,1499.0,15.0,1274.15,800.0,474.15
ITEM_000387,ORD_00290,PRD_E07,1,28990.0,15.0,24641.5,20000.0,4641.5
ITEM_000388,ORD_00291,PRD_F03,1,26999.0,20.0,21599.2,18000.0,3599.2
ITEM_000389,ORD_00292,PRD_E09,1,1499.0,5.0,1424.05,800.0,624.05
ITEM_000390,ORD_00293,PRD_C08,1,4999.0,5.0,4749.05,2200.0,2549.05
ITEM_000391,ORD_00294,PRD_F03,1,26999.0,0.0,26999.0,18000.0,8999.0
ITEM_000392,ORD_00294,PRD_H02,2,3890.0,5.0,7391.0,4200.0,3191.0
ITEM_000393,ORD_00295,PRD_E08,1,22900.0,5.0,21755.0,16000.0,5755.0
ITEM_000394,ORD_00296,PRD_C09,2,3299.0,10.0,5938.2,2400.0,3538.2
ITEM_000395,ORD_00297,PRD_E09,1,1499.0,5.0,1424.05,800.0,624.05
ITEM_000396,ORD_00298,PRD_C05,1,4999.0,0.0,4999.0,1800.0,3199.0
ITEM_000397,ORD_00299,PRD_C10,1,3490.0,10.0,3141.0,1100.0,2041.0
ITEM_000398,ORD_00299,PRD_E03,1,62000.0,5.0,58900.0,48000.0,10900.0
ITEM_000399,ORD_00300,PRD_C02,1,2499.0,5.0,2374.05,950.0,1424.05
ITEM_000400,ORD_00300,PRD_H04,1,29900.0,0.0,29900.0,19000.0,10900.0
ITEM_000401,ORD_00301,PRD_F07,2,24999.0,5.0,47498.1,30000.0,17498.1
ITEM_000402,ORD_00302,PRD_E11,1,8995.0,0.0,8995.0,6200.0,2795.0
ITEM_000403,ORD_00303,PRD_E11,1,8995.0,0.0,8995.0,6200.0,2795.0
ITEM_000404,ORD_00304,PRD_E02,1,85000.0,5.0,80750.0,65000.0,15750.0
ITEM_000405,ORD_00305,PRD_F08,1,25500.0,10.0,22950.0,16000.0,6950.0
ITEM_000406,ORD_00306,PRD_C08,2,4999.0,5.0,9498.1,4400.0,5098.1
ITEM_000407,ORD_00306,PRD_E11,2,8995.0,10.0,16191.0,12400.0,3791.0
ITEM_000408,ORD_00307,PRD_E12,1,6495.0,10.0,5845.5,4500.0,1345.5
ITEM_000409,ORD_00307,PRD_C10,1,3490.0,15.0,2966.5,1100.0,1866.5
ITEM_000410,ORD_00308,PRD_C09,2,3299.0,10.0,5938.2,2400.0,3538.2
ITEM_000411,ORD_00309,PRD_F04,1,14500.0,0.0,14500.0,9000.0,5500.0
ITEM_000412,ORD_00310,PRD_E05,1,79999.0,10.0,71999.1,60000.0,11999.1
ITEM_000413,ORD_00310,PRD_E06,1,64999.0,5.0,61749.05,45000.0,16749.05
ITEM_000414,ORD_00311,PRD_E14,1,8499.0,0.0,8499.0,6000.0,2499.0
ITEM_000415,ORD_00311,PRD_H01,1,8495.0,5.0,8070.25,4800.0,3270.25
ITEM_000416,ORD_00312,PRD_C06,2,2999.0,10.0,5398.2,2200.0,3198.2
ITEM_000417,ORD_00313,PRD_E01,1,94900.0,15.0,80665.0,72000.0,8665.0
ITEM_000418,ORD_00314,PRD_C09,2,3299.0,10.0,5938.2,2400.0,3538.2
ITEM_000419,ORD_00314,PRD_C10,2,3490.0,5.0,6631.0,2200.0,4431.0
ITEM_000420,ORD_00315,PRD_C07,2,8995.0,0.0,17990.0,8400.0,9590.0
ITEM_000421,ORD_00316,PRD_E03,1,62000.0,15.0,52700.0,48000.0,4700.0
ITEM_000422,ORD_00317,PRD_C01,1,5999.0,0.0,5999.0,2600.0,3399.0
ITEM_000423,ORD_00318,PRD_F05,1,34999.0,15.0,29749.15,22000.0,7749.15
ITEM_000424,ORD_00319,PRD_C06,3,2999.0,5.0,8547.15,3300.0,5247.15
ITEM_000425,ORD_00319,PRD_E05,1,79999.0,0.0,79999.0,60000.0,19999.0
ITEM_000426,ORD_00320,PRD_H03,1,9999.0,5.0,9499.05,5500.0,3999.05
ITEM_000427,ORD_00321,PRD_E12,1,6495.0,5.0,6170.25,4500.0,1670.25
ITEM_000428,ORD_00321,PRD_C10,2,3490.0,0.0,6980.0,2200.0,4780.0
ITEM_000429,ORD_00322,PRD_E07,1,28990.0,0.0,28990.0,20000.0,8990.0
ITEM_000430,ORD_00322,PRD_H02,1,3890.0,5.0,3695.5,2100.0,1595.5
ITEM_000431,ORD_00323,PRD_E11,1,8995.0,0.0,8995.0,6200.0,2795.0
ITEM_000432,ORD_00324,PRD_E02,1,85000.0,15.0,72250.0,65000.0,7250.0
ITEM_000433,ORD_00324,PRD_H04,2,29900.0,15.0,50830.0,38000.0,12830.0
ITEM_000434,ORD_00325,PRD_F08,1,25500.0,0.0,25500.0,16000.0,9500.0
ITEM_000435,ORD_00326,PRD_C02,2,2499.0,5.0,4748.1,1900.0,2848.1
ITEM_000436,ORD_00327,PRD_E01,1,94900.0,0.0,94900.0,72000.0,22900.0
ITEM_000437,ORD_00328,PRD_E10,1,28500.0,0.0,28500.0,21000.0,7500.0
ITEM_000438,ORD_00329,PRD_F03,2,26999.0,15.0,45898.3,36000.0,9898.3
ITEM_000439,ORD_00329,PRD_H02,1,3890.0,5.0,3695.5,2100.0,1595.5
ITEM_000440,ORD_00330,PRD_E06,1,64999.0,5.0,61749.05,45000.0,16749.05
ITEM_000441,ORD_00330,PRD_F04,1,14500.0,0.0,14500.0,9000.0,5500.0
ITEM_000442,ORD_00331,PRD_H05,1,14999.0,10.0,13499.1,9500.0,3999.1
ITEM_000443,ORD_00332,PRD_C05,2,4999.0,0.0,9998.0,3600.0,6398.0
ITEM_000444,ORD_00332,PRD_F07,1,24999.0,10.0,22499.1,15000.0,7499.1
ITEM_000445,ORD_00332,PRD_E05,1,79999.0,0.0,79999.0,60000.0,19999.0
ITEM_000446,ORD_00333,PRD_F08,1,25500.0,0.0,25500.0,16000.0,9500.0
ITEM_000447,ORD_00333,PRD_F03,1,26999.0,5.0,25649.05,18000.0,7649.05
ITEM_000448,ORD_00334,PRD_H01,1,8495.0,15.0,7220.75,4800.0,2420.75
ITEM_000449,ORD_00335,PRD_H04,1,29900.0,5.0,28405.0,19000.0,9405.0
ITEM_000450,ORD_00336,PRD_E14,1,8499.0,10.0,7649.1,6000.0,1649.1
ITEM_000451,ORD_00337,PRD_F02,1,18500.0,15.0,15725.0,11000.0,4725.0
ITEM_000452,ORD_00338,PRD_C01,1,5999.0,10.0,5399.1,2600.0,2799.1
ITEM_000453,ORD_00339,PRD_C10,1,3490.0,5.0,3315.5,1100.0,2215.5
ITEM_000454,ORD_00339,PRD_E13,1,4999.0,0.0,4999.0,3200.0,1799.0
ITEM_000455,ORD_00340,PRD_E09,1,1499.0,20.0,1199.2,800.0,399.2
ITEM_000456,ORD_00341,PRD_F06,1,52000.0,5.0,49400.0,34000.0,15400.0
ITEM_000457,ORD_00341,PRD_E09,2,1499.0,0.0,2998.0,1600.0,1398.0
ITEM_000458,ORD_00342,PRD_C06,1,2999.0,20.0,2399.2,1100.0,1299.2
ITEM_000459,ORD_00343,PRD_F09,1,38000.0,0.0,38000.0,24000.0,14000.0
ITEM_000460,ORD_00344,PRD_C04,3,3899.0,10.0,10527.3,4200.0,6327.3
ITEM_000461,ORD_00345,PRD_E11,1,8995.0,15.0,7645.75,6200.0,1445.75
ITEM_000462,ORD_00346,PRD_E05,1,79999.0,5.0,75999.05,60000.0,15999.05
ITEM_000463,ORD_00347,PRD_H01,1,8495.0,0.0,8495.0,4800.0,3695.0
ITEM_000464,ORD_00348,PRD_E14,2,8499.0,0.0,16998.0,12000.0,4998.0
ITEM_000465,ORD_00349,PRD_C06,1,2999.0,0.0,2999.0,1100.0,1899.0
ITEM_000466,ORD_00350,PRD_C10,1,3490.0,0.0,3490.0,1100.0,2390.0
ITEM_000467,ORD_00351,PRD_C08,4,4999.0,10.0,17996.4,8800.0,9196.4
ITEM_000468,ORD_00352,PRD_E08,1,22900.0,15.0,19465.0,16000.0,3465.0
ITEM_000469,ORD_00352,PRD_C01,1,5999.0,0.0,5999.0,2600.0,3399.0
ITEM_000470,ORD_00352,PRD_C06,1,2999.0,5.0,2849.05,1100.0,1749.05
ITEM_000471,ORD_00353,PRD_E03,1,62000.0,0.0,62000.0,48000.0,14000.0
ITEM_000472,ORD_00354,PRD_E07,1,28990.0,20.0,23192.0,20000.0,3192.0
ITEM_000473,ORD_00355,PRD_E05,1,79999.0,20.0,63999.2,60000.0,3999.2
ITEM_000474,ORD_00356,PRD_C03,3,2199.0,0.0,6597.0,2400.0,4197.0
ITEM_000475,ORD_00357,PRD_E14,1,8499.0,5.0,8074.05,6000.0,2074.05
ITEM_000476,ORD_00358,PRD_C04,2,3899.0,15.0,6628.3,2800.0,3828.3
ITEM_000477,ORD_00359,PRD_C07,1,8995.0,10.0,8095.5,4200.0,3895.5
ITEM_000478,ORD_00359,PRD_F10,1,7999.0,20.0,6399.2,4500.0,1899.2
ITEM_000479,ORD_00360,PRD_F08,1,25500.0,5.0,24225.0,16000.0,8225.0
ITEM_000480,ORD_00361,PRD_C05,1,4999.0,0.0,4999.0,1800.0,3199.0
ITEM_000481,ORD_00362,PRD_C10,1,3490.0,0.0,3490.0,1100.0,2390.0
ITEM_000482,ORD_00363,PRD_E14,1,8499.0,0.0,8499.0,6000.0,2499.0
ITEM_000483,ORD_00364,PRD_C03,3,2199.0,0.0,6597.0,2400.0,4197.0
ITEM_000484,ORD_00365,PRD_F02,2,18500.0,5.0,35150.0,22000.0,13150.0
ITEM_000485,ORD_00366,PRD_E03,1,62000.0,0.0,62000.0,48000.0,14000.0
ITEM_000486,ORD_00367,PRD_C04,2,3899.0,10.0,7018.2,2800.0,4218.2
ITEM_000487,ORD_00368,PRD_C02,1,2499.0,5.0,2374.05,950.0,1424.05
ITEM_000488,ORD_00369,PRD_E11,1,8995.0,5.0,8545.25,6200.0,2345.25
ITEM_000489,ORD_00370,PRD_C06,1,2999.0,0.0,2999.0,1100.0,1899.0
ITEM_000490,ORD_00371,PRD_H05,1,14999.0,5.0,14249.05,9500.0,4749.05
ITEM_000491,ORD_00372,PRD_E03,1,62000.0,20.0,49600.0,48000.0,1600.0
ITEM_000492,ORD_00373,PRD_H04,1,29900.0,10.0,26910.0,19000.0,7910.0
ITEM_000493,ORD_00373,PRD_C03,1,2199.0,0.0,2199.0,800.0,1399.0
ITEM_000494,ORD_00374,PRD_C07,2,8995.0,0.0,17990.0,8400.0,9590.0
ITEM_000495,ORD_00375,PRD_F07,1,24999.0,0.0,24999.0,15000.0,9999.0
ITEM_000496,ORD_00376,PRD_C02,2,2499.0,20.0,3998.4,1900.0,2098.4
ITEM_000497,ORD_00376,PRD_E07,1,28990.0,10.0,26091.0,20000.0,6091.0
ITEM_000498,ORD_00377,PRD_H01,1,8495.0,0.0,8495.0,4800.0,3695.0
ITEM_000499,ORD_00378,PRD_E12,1,6495.0,15.0,5520.75,4500.0,1020.75
ITEM_000500,ORD_00378,PRD_C10,1,3490.0,0.0,3490.0,1100.0,2390.0
ITEM_000501,ORD_00379,PRD_C10,1,3490.0,10.0,3141.0,1100.0,2041.0
ITEM_000502,ORD_00380,PRD_C03,1,2199.0,5.0,2089.05,800.0,1289.05
ITEM_000503,ORD_00381,PRD_C04,1,3899.0,10.0,3509.1,1400.0,2109.1
ITEM_000504,ORD_00382,PRD_C09,2,3299.0,20.0,5278.4,2400.0,2878.4
ITEM_000505,ORD_00382,PRD_F03,1,26999.0,10.0,24299.1,18000.0,6299.1
ITEM_000506,ORD_00383,PRD_E12,1,6495.0,15.0,5520.75,4500.0,1020.75
ITEM_000507,ORD_00384,PRD_C10,1,3490.0,5.0,3315.5,1100.0,2215.5
ITEM_000508,ORD_00384,PRD_E13,2,4999.0,0.0,9998.0,6400.0,3598.0
ITEM_000509,ORD_00384,PRD_F08,1,25500.0,0.0,25500.0,16000.0,9500.0
ITEM_000510,ORD_00385,PRD_E01,1,94900.0,15.0,80665.0,72000.0,8665.0
ITEM_000511,ORD_00386,PRD_C04,3,3899.0,20.0,9357.6,4200.0,5157.6
ITEM_000512,ORD_00387,PRD_C06,3,2999.0,0.0,8997.0,3300.0,5697.0
ITEM_000513,ORD_00388,PRD_E10,1,28500.0,0.0,28500.0,21000.0,7500.0
ITEM_000514,ORD_00389,PRD_E14,1,8499.0,0.0,8499.0,6000.0,2499.0
ITEM_000515,ORD_00390,PRD_C06,4,2999.0,5.0,11396.2,4400.0,6996.2
ITEM_000516,ORD_00391,PRD_E10,1,28500.0,20.0,22800.0,21000.0,1800.0
ITEM_000517,ORD_00392,PRD_C05,2,4999.0,0.0,9998.0,3600.0,6398.0
ITEM_000518,ORD_00393,PRD_C06,1,2999.0,5.0,2849.05,1100.0,1749.05
ITEM_000519,ORD_00394,PRD_F01,1,12999.0,5.0,12349.05,7500.0,4849.05
ITEM_000520,ORD_00395,PRD_F04,1,14500.0,5.0,13775.0,9000.0,4775.0
ITEM_000521,ORD_00396,PRD_H04,1,29900.0,5.0,28405.0,19000.0,9405.0
ITEM_000522,ORD_00396,PRD_F07,2,24999.0,0.0,49998.0,30000.0,19998.0
ITEM_000523,ORD_00397,PRD_E04,1,124900.0,0.0,124900.0,95000.0,29900.0
ITEM_000524,ORD_00398,PRD_C03,3,2199.0,10.0,5937.3,2400.0,3537.3
ITEM_000525,ORD_00399,PRD_C04,3,3899.0,10.0,10527.3,4200.0,6327.3
ITEM_000526,ORD_00399,PRD_E03,1,62000.0,10.0,55800.0,48000.0,7800.0
ITEM_000527,ORD_00400,PRD_F08,2,25500.0,5.0,48450.0,32000.0,16450.0
ITEM_000528,ORD_00400,PRD_F06,2,52000.0,0.0,104000.0,68000.0,36000.0
ITEM_000529,ORD_00401,PRD_F06,1,52000.0,0.0,52000.0,34000.0,18000.0
ITEM_000530,ORD_00401,PRD_F01,1,12999.0,0.0,12999.0,7500.0,5499.0
ITEM_000531,ORD_00401,PRD_F09,2,38000.0,5.0,72200.0,48000.0,24200.0
ITEM_000532,ORD_00402,PRD_F05,1,34999.0,10.0,31499.1,22000.0,9499.1
ITEM_000533,ORD_00403,PRD_C06,3,2999.0,5.0,8547.15,3300.0,5247.15
ITEM_000534,ORD_00404,PRD_E09,2,1499.0,0.0,2998.0,1600.0,1398.0
ITEM_000535,ORD_00405,PRD_E06,1,64999.0,10.0,58499.1,45000.0,13499.1
ITEM_000536,ORD_00406,PRD_E12,1,6495.0,0.0,6495.0,4500.0,1995.0
ITEM_000537,ORD_00406,PRD_F03,1,26999.0,20.0,21599.2,18000.0,3599.2
ITEM_000538,ORD_00406,PRD_E10,1,28500.0,0.0,28500.0,21000.0,7500.0
ITEM_000539,ORD_00407,PRD_E01,1,94900.0,0.0,94900.0,72000.0,22900.0
ITEM_000540,ORD_00407,PRD_H05,1,14999.0,5.0,14249.05,9500.0,4749.05
ITEM_000541,ORD_00408,PRD_E12,1,6495.0,10.0,5845.5,4500.0,1345.5
ITEM_000542,ORD_00408,PRD_F07,2,24999.0,0.0,49998.0,30000.0,19998.0
ITEM_000543,ORD_00408,PRD_E08,1,22900.0,0.0,22900.0,16000.0,6900.0
ITEM_000544,ORD_00409,PRD_E03,1,62000.0,5.0,58900.0,48000.0,10900.0
ITEM_000545,ORD_00410,PRD_F09,1,38000.0,5.0,36100.0,24000.0,12100.0
ITEM_000546,ORD_00411,PRD_C09,2,3299.0,10.0,5938.2,2400.0,3538.2
ITEM_000547,ORD_00412,PRD_E04,1,124900.0,0.0,124900.0,95000.0,29900.0
ITEM_000548,ORD_00412,PRD_E05,1,79999.0,0.0,79999.0,60000.0,19999.0
ITEM_000549,ORD_00413,PRD_C02,3,2499.0,0.0,7497.0,2850.0,4647.0
ITEM_000550,ORD_00414,PRD_C10,1,3490.0,5.0,3315.5,1100.0,2215.5
ITEM_000551,ORD_00415,PRD_E02,1,85000.0,0.0,85000.0,65000.0,20000.0
ITEM_000552,ORD_00416,PRD_F09,1,38000.0,10.0,34200.0,24000.0,10200.0
ITEM_000553,ORD_00416,PRD_C02,1,2499.0,0.0,2499.0,950.0,1549.0
ITEM_000554,ORD_00416,PRD_F07,1,24999.0,10.0,22499.1,15000.0,7499.1
ITEM_000555,ORD_00417,PRD_H04,1,29900.0,0.0,29900.0,19000.0,10900.0
ITEM_000556,ORD_00418,PRD_H05,1,14999.0,20.0,11999.2,9500.0,2499.2
ITEM_000557,ORD_00419,PRD_C06,1,2999.0,0.0,2999.0,1100.0,1899.0
ITEM_000558,ORD_00420,PRD_C04,2,3899.0,0.0,7798.0,2800.0,4998.0
ITEM_000559,ORD_00421,PRD_C09,2,3299.0,10.0,5938.2,2400.0,3538.2
ITEM_000560,ORD_00422,PRD_C09,3,3299.0,10.0,8907.3,3600.0,5307.3
ITEM_000561,ORD_00422,PRD_E06,1,64999.0,0.0,64999.0,45000.0,19999.0
ITEM_000562,ORD_00423,PRD_E05,1,79999.0,0.0,79999.0,60000.0,19999.0
ITEM_000563,ORD_00424,PRD_E07,1,28990.0,5.0,27540.5,20000.0,7540.5
ITEM_000564,ORD_00425,PRD_F02,2,18500.0,5.0,35150.0,22000.0,13150.0
ITEM_000565,ORD_00426,PRD_C09,1,3299.0,0.0,3299.0,1200.0,2099.0
ITEM_000566,ORD_00427,PRD_E09,2,1499.0,0.0,2998.0,1600.0,1398.0
ITEM_000567,ORD_00428,PRD_C06,2,2999.0,5.0,5698.1,2200.0,3498.1
ITEM_000568,ORD_00429,PRD_C01,4,5999.0,20.0,19196.8,10400.0,8796.8
ITEM_000569,ORD_00430,PRD_H05,1,14999.0,0.0,14999.0,9500.0,5499.0
ITEM_000570,ORD_00431,PRD_C09,1,3299.0,5.0,3134.05,1200.0,1934.05
ITEM_000571,ORD_00432,PRD_C07,2,8995.0,5.0,17090.5,8400.0,8690.5
ITEM_000572,ORD_00432,PRD_C01,1,5999.0,0.0,5999.0,2600.0,3399.0
ITEM_000573,ORD_00432,PRD_C09,3,3299.0,0.0,9897.0,3600.0,6297.0
ITEM_000574,ORD_00433,PRD_C06,1,2999.0,15.0,2549.15,1100.0,1449.15
ITEM_000575,ORD_00434,PRD_H03,1,9999.0,10.0,8999.1,5500.0,3499.1
ITEM_000576,ORD_00435,PRD_C05,1,4999.0,5.0,4749.05,1800.0,2949.05
ITEM_000577,ORD_00435,PRD_F04,1,14500.0,15.0,12325.0,9000.0,3325.0
ITEM_000578,ORD_00436,PRD_E14,1,8499.0,15.0,7224.15,6000.0,1224.15
ITEM_000579,ORD_00437,PRD_C02,1,2499.0,15.0,2124.15,950.0,1174.15
ITEM_000580,ORD_00438,PRD_C03,4,2199.0,0.0,8796.0,3200.0,5596.0
ITEM_000581,ORD_00439,PRD_C02,1,2499.0,0.0,2499.0,950.0,1549.0
ITEM_000582,ORD_00440,PRD_C10,2,3490.0,10.0,6282.0,2200.0,4082.0
ITEM_000583,ORD_00441,PRD_F07,1,24999.0,15.0,21249.15,15000.0,6249.15
ITEM_000584,ORD_00442,PRD_E01,1,94900.0,10.0,85410.0,72000.0,13410.0
ITEM_000585,ORD_00442,PRD_C01,1,5999.0,0.0,5999.0,2600.0,3399.0
ITEM_000586,ORD_00443,PRD_E01,1,94900.0,15.0,80665.0,72000.0,8665.0
ITEM_000587,ORD_00444,PRD_F04,1,14500.0,0.0,14500.0,9000.0,5500.0
ITEM_000588,ORD_00445,PRD_E04,1,124900.0,5.0,118655.0,95000.0,23655.0
ITEM_000589,ORD_00445,PRD_C07,2,8995.0,5.0,17090.5,8400.0,8690.5
ITEM_000590,ORD_00446,PRD_C10,1,3490.0,20.0,2792.0,1100.0,1692.0
ITEM_000591,ORD_00447,PRD_E06,1,64999.0,5.0,61749.05,45000.0,16749.05
ITEM_000592,ORD_00448,PRD_C03,2,2199.0,10.0,3958.2,1600.0,2358.2
ITEM_000593,ORD_00449,PRD_F09,1,38000.0,10.0,34200.0,24000.0,10200.0
ITEM_000594,ORD_00449,PRD_F01,1,12999.0,0.0,12999.0,7500.0,5499.0
ITEM_000595,ORD_00450,PRD_C09,1,3299.0,10.0,2969.1,1200.0,1769.1
ITEM_000596,ORD_00451,PRD_C03,2,2199.0,0.0,4398.0,1600.0,2798.0
ITEM_000597,ORD_00452,PRD_E13,1,4999.0,15.0,4249.15,3200.0,1049.15
ITEM_000598,ORD_00452,PRD_F01,1,12999.0,15.0,11049.15,7500.0,3549.15
ITEM_000599,ORD_00453,PRD_C02,1,2499.0,15.0,2124.15,950.0,1174.15
ITEM_000600,ORD_00454,PRD_E09,2,1499.0,0.0,2998.0,1600.0,1398.0
ITEM_000601,ORD_00455,PRD_H01,1,8495.0,0.0,8495.0,4800.0,3695.0
ITEM_000602,ORD_00456,PRD_H02,1,3890.0,5.0,3695.5,2100.0,1595.5
ITEM_000603,ORD_00457,PRD_E12,1,6495.0,0.0,6495.0,4500.0,1995.0
ITEM_000604,ORD_00458,PRD_C05,1,4999.0,5.0,4749.05,1800.0,2949.05
ITEM_000605,ORD_00459,PRD_C03,3,2199.0,0.0,6597.0,2400.0,4197.0
ITEM_000606,ORD_00460,PRD_E12,1,6495.0,0.0,6495.0,4500.0,1995.0
ITEM_000607,ORD_00460,PRD_E11,1,8995.0,0.0,8995.0,6200.0,2795.0
ITEM_000608,ORD_00461,PRD_E13,1,4999.0,10.0,4499.1,3200.0,1299.1
ITEM_000609,ORD_00461,PRD_C09,4,3299.0,5.0,12536.2,4800.0,7736.2
ITEM_000610,ORD_00462,PRD_E04,1,124900.0,0.0,124900.0,95000.0,29900.0
ITEM_000611,ORD_00463,PRD_C09,3,3299.0,5.0,9402.15,3600.0,5802.15
ITEM_000612,ORD_00464,PRD_C06,1,2999.0,5.0,2849.05,1100.0,1749.05
ITEM_000613,ORD_00464,PRD_C02,1,2499.0,0.0,2499.0,950.0,1549.0
ITEM_000614,ORD_00465,PRD_E13,1,4999.0,5.0,4749.05,3200.0,1549.05
ITEM_000615,ORD_00465,PRD_E05,1,79999.0,5.0,75999.05,60000.0,15999.05
ITEM_000616,ORD_00466,PRD_C02,2,2499.0,0.0,4998.0,1900.0,3098.0
ITEM_000617,ORD_00467,PRD_H05,1,14999.0,0.0,14999.0,9500.0,5499.0
ITEM_000618,ORD_00468,PRD_C09,1,3299.0,10.0,2969.1,1200.0,1769.1
ITEM_000619,ORD_00469,PRD_E01,1,94900.0,0.0,94900.0,72000.0,22900.0
ITEM_000620,ORD_00469,PRD_C10,3,3490.0,10.0,9423.0,3300.0,6123.0
ITEM_000621,ORD_00470,PRD_E05,1,79999.0,0.0,79999.0,60000.0,19999.0
ITEM_000622,ORD_00471,PRD_E05,1,79999.0,5.0,75999.05,60000.0,15999.05
ITEM_000623,ORD_00472,PRD_F09,1,38000.0,0.0,38000.0,24000.0,14000.0
ITEM_000624,ORD_00473,PRD_C03,2,2199.0,0.0,4398.0,1600.0,2798.0
ITEM_000625,ORD_00474,PRD_F08,1,25500.0,10.0,22950.0,16000.0,6950.0
ITEM_000626,ORD_00474,PRD_E02,1,85000.0,10.0,76500.0,65000.0,11500.0
ITEM_000627,ORD_00475,PRD_C05,2,4999.0,15.0,8498.3,3600.0,4898.3
ITEM_000628,ORD_00476,PRD_F05,1,34999.0,5.0,33249.05,22000.0,11249.05
ITEM_000629,ORD_00477,PRD_F09,1,38000.0,10.0,34200.0,24000.0,10200.0
ITEM_000630,ORD_00478,PRD_F03,1,26999.0,0.0,26999.0,18000.0,8999.0
ITEM_000631,ORD_00479,PRD_F05,2,34999.0,0.0,69998.0,44000.0,25998.0
ITEM_000632,ORD_00479,PRD_C08,1,4999.0,20.0,3999.2,2200.0,1799.2
ITEM_000633,ORD_00480,PRD_F10,2,7999.0,15.0,13598.3,9000.0,4598.3
ITEM_000634,ORD_00481,PRD_F06,2,52000.0,0.0,104000.0,68000.0,36000.0
ITEM_000635,ORD_00482,PRD_E01,1,94900.0,10.0,85410.0,72000.0,13410.0
ITEM_000636,ORD_00483,PRD_F06,1,52000.0,15.0,44200.0,34000.0,10200.0
ITEM_000637,ORD_00483,PRD_H04,1,29900.0,10.0,26910.0,19000.0,7910.0
ITEM_000638,ORD_00483,PRD_E12,1,6495.0,10.0,5845.5,4500.0,1345.5
ITEM_000639,ORD_00484,PRD_C08,2,4999.0,0.0,9998.0,4400.0,5598.0
ITEM_000640,ORD_00485,PRD_C07,1,8995.0,5.0,8545.25,4200.0,4345.25
ITEM_000641,ORD_00486,PRD_E06,1,64999.0,0.0,64999.0,45000.0,19999.0
ITEM_000642,ORD_00486,PRD_F06,1,52000.0,0.0,52000.0,34000.0,18000.0
ITEM_000643,ORD_00487,PRD_E13,1,4999.0,10.0,4499.1,3200.0,1299.1
ITEM_000644,ORD_00488,PRD_C08,1,4999.0,20.0,3999.2,2200.0,1799.2
ITEM_000645,ORD_00488,PRD_C04,2,3899.0,0.0,7798.0,2800.0,4998.0
ITEM_000646,ORD_00489,PRD_E12,1,6495.0,10.0,5845.5,4500.0,1345.5
ITEM_000647,ORD_00490,PRD_E14,1,8499.0,20.0,6799.2,6000.0,799.2
ITEM_000648,ORD_00491,PRD_F10,1,7999.0,0.0,7999.0,4500.0,3499.0
ITEM_000649,ORD_00492,PRD_E10,1,28500.0,0.0,28500.0,21000.0,7500.0
ITEM_000650,ORD_00493,PRD_F04,1,14500.0,10.0,13050.0,9000.0,4050.0
ITEM_000651,ORD_00493,PRD_E04,1,124900.0,20.0,99920.0,95000.0,4920.0
ITEM_000652,ORD_00494,PRD_E03,1,62000.0,10.0,55800.0,48000.0,7800.0
ITEM_000653,ORD_00494,PRD_H02,1,3890.0,0.0,3890.0,2100.0,1790.0
ITEM_000654,ORD_00494,PRD_E12,1,6495.0,0.0,6495.0,4500.0,1995.0
ITEM_000655,ORD_00495,PRD_F01,1,12999.0,15.0,11049.15,7500.0,3549.15
ITEM_000656,ORD_00496,PRD_F02,1,18500.0,10.0,16650.0,11000.0,5650.0
ITEM_000657,ORD_00497,PRD_C02,2,2499.0,0.0,4998.0,1900.0,3098.0
ITEM_000658,ORD_00498,PRD_C02,3,2499.0,0.0,7497.0,2850.0,4647.0
ITEM_000659,ORD_00499,PRD_F07,1,24999.0,10.0,22499.1,15000.0,7499.1
ITEM_000660,ORD_00500,PRD_F07,1,24999.0,20.0,19999.2,15000.0,4999.2
ITEM_000661,ORD_00501,PRD_H03,2,9999.0,5.0,18998.1,11000.0,7998.1
ITEM_000662,ORD_00501,PRD_F09,1,38000.0,0.0,38000.0,24000.0,14000.0
ITEM_000663,ORD_00502,PRD_H05,1,14999.0,5.0,14249.05,9500.0,4749.05
ITEM_000664,ORD_00503,PRD_E01,1,94900.0,0.0,94900.0,72000.0,22900.0
ITEM_000665,ORD_00504,PRD_E08,1,22900.0,15.0,19465.0,16000.0,3465.0
ITEM_000666,ORD_00504,PRD_F07,1,24999.0,20.0,19999.2,15000.0,4999.2
ITEM_000667,ORD_00505,PRD_E04,1,124900.0,10.0,112410.0,95000.0,17410.0
ITEM_000668,ORD_00505,PRD_F01,1,12999.0,0.0,12999.0,7500.0,5499.0
ITEM_000669,ORD_00506,PRD_H01,2,8495.0,10.0,15291.0,9600.0,5691.0
ITEM_000670,ORD_00507,PRD_C06,1,2999.0,0.0,2999.0,1100.0,1899.0
ITEM_000671,ORD_00508,PRD_E06,1,64999.0,15.0,55249.15,45000.0,10249.15
ITEM_000672,ORD_00508,PRD_F05,1,34999.0,15.0,29749.15,22000.0,7749.15
ITEM_000673,ORD_00509,PRD_C03,1,2199.0,0.0,2199.0,800.0,1399.0
ITEM_000674,ORD_00509,PRD_F03,1,26999.0,0.0,26999.0,18000.0,8999.0
ITEM_000675,ORD_00510,PRD_F05,1,34999.0,0.0,34999.0,22000.0,12999.0
ITEM_000676,ORD_00511,PRD_C07,3,8995.0,10.0,24286.5,12600.0,11686.5
ITEM_000677,ORD_00512,PRD_C07,2,8995.0,10.0,16191.0,8400.0,7791.0
ITEM_000678,ORD_00512,PRD_C03,1,2199.0,15.0,1869.15,800.0,1069.15
ITEM_000679,ORD_00512,PRD_E09,1,1499.0,10.0,1349.1,800.0,549.1
ITEM_000680,ORD_00513,PRD_E09,1,1499.0,0.0,1499.0,800.0,699.0
ITEM_000681,ORD_00514,PRD_F01,1,12999.0,20.0,10399.2,7500.0,2899.2
ITEM_000682,ORD_00515,PRD_C02,1,2499.0,10.0,2249.1,950.0,1299.1
ITEM_000683,ORD_00515,PRD_F09,1,38000.0,0.0,38000.0,24000.0,14000.0
ITEM_000684,ORD_00516,PRD_H02,2,3890.0,5.0,7391.0,4200.0,3191.0
ITEM_000685,ORD_00517,PRD_E02,1,85000.0,10.0,76500.0,65000.0,11500.0
ITEM_000686,ORD_00518,PRD_E04,1,124900.0,0.0,124900.0,95000.0,29900.0
ITEM_000687,ORD_00518,PRD_E09,1,1499.0,0.0,1499.0,800.0,699.0
ITEM_000688,ORD_00519,PRD_E14,1,8499.0,0.0,8499.0,6000.0,2499.0
ITEM_000689,ORD_00520,PRD_F02,2,18500.0,0.0,37000.0,22000.0,15000.0
ITEM_000690,ORD_00521,PRD_E04,1,124900.0,5.0,118655.0,95000.0,23655.0
ITEM_000691,ORD_00522,PRD_H03,1,9999.0,5.0,9499.05,5500.0,3999.05
ITEM_000692,ORD_00523,PRD_E06,1,64999.0,5.0,61749.05,45000.0,16749.05
ITEM_000693,ORD_00524,PRD_F01,1,12999.0,5.0,12349.05,7500.0,4849.05
ITEM_000694,ORD_00524,PRD_F07,1,24999.0,0.0,24999.0,15000.0,9999.0
ITEM_000695,ORD_00525,PRD_F08,1,25500.0,0.0,25500.0,16000.0,9500.0
ITEM_000696,ORD_00526,PRD_F02,1,18500.0,0.0,18500.0,11000.0,7500.0
ITEM_000697,ORD_00526,PRD_F05,2,34999.0,20.0,55998.4,44000.0,11998.4
ITEM_000698,ORD_00527,PRD_H02,1,3890.0,10.0,3501.0,2100.0,1401.0
ITEM_000699,ORD_00527,PRD_E10,1,28500.0,0.0,28500.0,21000.0,7500.0
ITEM_000700,ORD_00528,PRD_F02,1,18500.0,10.0,16650.0,11000.0,5650.0
ITEM_000701,ORD_00529,PRD_C10,1,3490.0,10.0,3141.0,1100.0,2041.0
ITEM_000702,ORD_00529,PRD_E04,1,124900.0,10.0,112410.0,95000.0,17410.0
ITEM_000703,ORD_00530,PRD_H01,2,8495.0,5.0,16140.5,9600.0,6540.5
ITEM_000704,ORD_00531,PRD_C02,1,2499.0,0.0,2499.0,950.0,1549.0
ITEM_000705,ORD_00532,PRD_F06,1,52000.0,0.0,52000.0,34000.0,18000.0
ITEM_000706,ORD_00532,PRD_H01,1,8495.0,20.0,6796.0,4800.0,1996.0
ITEM_000707,ORD_00532,PRD_F05,1,34999.0,5.0,33249.05,22000.0,11249.05
ITEM_000708,ORD_00533,PRD_H04,1,29900.0,0.0,29900.0,19000.0,10900.0
ITEM_000709,ORD_00534,PRD_E05,1,79999.0,5.0,75999.05,60000.0,15999.05
ITEM_000710,ORD_00534,PRD_F06,1,52000.0,5.0,49400.0,34000.0,15400.0
ITEM_000711,ORD_00535,PRD_E11,2,8995.0,10.0,16191.0,12400.0,3791.0
ITEM_000712,ORD_00536,PRD_E01,1,94900.0,0.0,94900.0,72000.0,22900.0
ITEM_000713,ORD_00536,PRD_F06,1,52000.0,10.0,46800.0,34000.0,12800.0
ITEM_000714,ORD_00537,PRD_E06,1,64999.0,0.0,64999.0,45000.0,19999.0
ITEM_000715,ORD_00538,PRD_F02,1,18500.0,15.0,15725.0,11000.0,4725.0
ITEM_000716,ORD_00538,PRD_E14,1,8499.0,0.0,8499.0,6000.0,2499.0
ITEM_000717,ORD_00539,PRD_E08,1,22900.0,0.0,22900.0,16000.0,6900.0
ITEM_000718,ORD_00539,PRD_F10,2,7999.0,5.0,15198.1,9000.0,6198.1
ITEM_000719,ORD_00540,PRD_E11,1,8995.0,5.0,8545.25,6200.0,2345.25
ITEM_000720,ORD_00541,PRD_F01,1,12999.0,15.0,11049.15,7500.0,3549.15
ITEM_000721,ORD_00542,PRD_H03,1,9999.0,20.0,7999.2,5500.0,2499.2
ITEM_000722,ORD_00542,PRD_F03,1,26999.0,0.0,26999.0,18000.0,8999.0
ITEM_000723,ORD_00542,PRD_F06,1,52000.0,0.0,52000.0,34000.0,18000.0
ITEM_000724,ORD_00543,PRD_E12,1,6495.0,0.0,6495.0,4500.0,1995.0
ITEM_000725,ORD_00543,PRD_E11,1,8995.0,10.0,8095.5,6200.0,1895.5
ITEM_000726,ORD_00543,PRD_F02,2,18500.0,20.0,29600.0,22000.0,7600.0
ITEM_000727,ORD_00544,PRD_E11,2,8995.0,15.0,15291.5,12400.0,2891.5
ITEM_000728,ORD_00544,PRD_E06,1,64999.0,0.0,64999.0,45000.0,19999.0
ITEM_000729,ORD_00544,PRD_C04,4,3899.0,0.0,15596.0,5600.0,9996.0
ITEM_000730,ORD_00545,PRD_C02,2,2499.0,10.0,4498.2,1900.0,2598.2
ITEM_000731,ORD_00545,PRD_C03,1,2199.0,0.0,2199.0,800.0,1399.0
ITEM_000732,ORD_00545,PRD_H02,1,3890.0,0.0,3890.0,2100.0,1790.0
ITEM_000733,ORD_00546,PRD_C01,3,5999.0,0.0,17997.0,7800.0,10197.0
ITEM_000734,ORD_00547,PRD_H05,1,14999.0,5.0,14249.05,9500.0,4749.05
ITEM_000735,ORD_00548,PRD_E07,1,28990.0,20.0,23192.0,20000.0,3192.0
ITEM_000736,ORD_00549,PRD_E10,1,28500.0,20.0,22800.0,21000.0,1800.0
ITEM_000737,ORD_00550,PRD_E12,1,6495.0,10.0,5845.5,4500.0,1345.5
ITEM_000738,ORD_00550,PRD_H03,1,9999.0,5.0,9499.05,5500.0,3999.05
ITEM_000739,ORD_00551,PRD_F09,1,38000.0,5.0,36100.0,24000.0,12100.0
ITEM_000740,ORD_00552,PRD_E07,1,28990.0,0.0,28990.0,20000.0,8990.0
ITEM_000741,ORD_00552,PRD_H02,2,3890.0,0.0,7780.0,4200.0,3580.0
ITEM_000742,ORD_00553,PRD_H01,1,8495.0,0.0,8495.0,4800.0,3695.0
ITEM_000743,ORD_00554,PRD_C02,3,2499.0,0.0,7497.0,2850.0,4647.0
ITEM_000744,ORD_00555,PRD_C10,1,3490.0,15.0,2966.5,1100.0,1866.5
ITEM_000745,ORD_00555,PRD_F03,2,26999.0,5.0,51298.1,36000.0,15298.1
ITEM_000746,ORD_00556,PRD_E07,1,28990.0,10.0,26091.0,20000.0,6091.0
ITEM_000747,ORD_00557,PRD_C08,1,4999.0,5.0,4749.05,2200.0,2549.05
ITEM_000748,ORD_00558,PRD_H02,1,3890.0,20.0,3112.0,2100.0,1012.0
ITEM_000749,ORD_00558,PRD_E01,1,94900.0,0.0,94900.0,72000.0,22900.0
ITEM_000750,ORD_00559,PRD_C01,1,5999.0,0.0,5999.0,2600.0,3399.0
ITEM_000751,ORD_00560,PRD_H05,1,14999.0,20.0,11999.2,9500.0,2499.2
ITEM_000752,ORD_00561,PRD_C08,1,4999.0,0.0,4999.0,2200.0,2799.0
ITEM_000753,ORD_00561,PRD_F07,1,24999.0,10.0,22499.1,15000.0,7499.1
ITEM_000754,ORD_00562,PRD_H01,1,8495.0,10.0,7645.5,4800.0,2845.5
ITEM_000755,ORD_00563,PRD_E09,2,1499.0,10.0,2698.2,1600.0,1098.2
ITEM_000756,ORD_00564,PRD_C08,1,4999.0,0.0,4999.0,2200.0,2799.0
ITEM_000757,ORD_00565,PRD_E03,1,62000.0,15.0,52700.0,48000.0,4700.0
ITEM_000758,ORD_00566,PRD_C01,1,5999.0,0.0,5999.0,2600.0,3399.0
ITEM_000759,ORD_00567,PRD_E09,1,1499.0,5.0,1424.05,800.0,624.05
ITEM_000760,ORD_00567,PRD_C04,1,3899.0,10.0,3509.1,1400.0,2109.1
ITEM_000761,ORD_00567,PRD_H05,1,14999.0,10.0,13499.1,9500.0,3999.1
ITEM_000762,ORD_00568,PRD_E03,1,62000.0,5.0,58900.0,48000.0,10900.0
ITEM_000763,ORD_00569,PRD_H03,1,9999.0,15.0,8499.15,5500.0,2999.15
ITEM_000764,ORD_00569,PRD_E14,2,8499.0,0.0,16998.0,12000.0,4998.0
ITEM_000765,ORD_00569,PRD_E10,1,28500.0,0.0,28500.0,21000.0,7500.0
ITEM_000766,ORD_00570,PRD_F09,1,38000.0,0.0,38000.0,24000.0,14000.0
ITEM_000767,ORD_00571,PRD_E12,1,6495.0,5.0,6170.25,4500.0,1670.25
ITEM_000768,ORD_00572,PRD_F09,1,38000.0,5.0,36100.0,24000.0,12100.0
ITEM_000769,ORD_00573,PRD_E01,1,94900.0,15.0,80665.0,72000.0,8665.0
ITEM_000770,ORD_00574,PRD_E07,1,28990.0,10.0,26091.0,20000.0,6091.0
ITEM_000771,ORD_00575,PRD_C07,2,8995.0,10.0,16191.0,8400.0,7791.0
ITEM_000772,ORD_00576,PRD_F04,1,14500.0,0.0,14500.0,9000.0,5500.0
ITEM_000773,ORD_00577,PRD_C02,2,2499.0,0.0,4998.0,1900.0,3098.0
ITEM_000774,ORD_00577,PRD_C01,2,5999.0,10.0,10798.2,5200.0,5598.2
ITEM_000775,ORD_00578,PRD_F03,1,26999.0,0.0,26999.0,18000.0,8999.0
ITEM_000776,ORD_00579,PRD_F04,1,14500.0,10.0,13050.0,9000.0,4050.0
ITEM_000777,ORD_00579,PRD_C01,1,5999.0,0.0,5999.0,2600.0,3399.0
ITEM_000778,ORD_00580,PRD_F10,1,7999.0,5.0,7599.05,4500.0,3099.05
ITEM_000779,ORD_00580,PRD_E10,1,28500.0,10.0,25650.0,21000.0,4650.0
ITEM_000780,ORD_00581,PRD_C03,2,2199.0,10.0,3958.2,1600.0,2358.2
ITEM_000781,ORD_00582,PRD_C10,3,3490.0,0.0,10470.0,3300.0,7170.0
ITEM_000782,ORD_00582,PRD_F04,1,14500.0,0.0,14500.0,9000.0,5500.0
ITEM_000783,ORD_00583,PRD_F05,1,34999.0,0.0,34999.0,22000.0,12999.0
ITEM_000784,ORD_00584,PRD_C05,2,4999.0,5.0,9498.1,3600.0,5898.1
ITEM_000785,ORD_00584,PRD_C03,2,2199.0,0.0,4398.0,1600.0,2798.0
ITEM_000786,ORD_00584,PRD_E13,1,4999.0,10.0,4499.1,3200.0,1299.1
ITEM_000787,ORD_00585,PRD_E13,1,4999.0,0.0,4999.0,3200.0,1799.0
ITEM_000788,ORD_00586,PRD_F09,1,38000.0,0.0,38000.0,24000.0,14000.0
ITEM_000789,ORD_00587,PRD_E02,1,85000.0,0.0,85000.0,65000.0,20000.0
ITEM_000790,ORD_00588,PRD_F07,1,24999.0,0.0,24999.0,15000.0,9999.0
ITEM_000791,ORD_00589,PRD_F01,1,12999.0,10.0,11699.1,7500.0,4199.1
ITEM_000792,ORD_00589,PRD_E02,1,85000.0,5.0,80750.0,65000.0,15750.0
ITEM_000793,ORD_00589,PRD_C03,2,2199.0,0.0,4398.0,1600.0,2798.0
ITEM_000794,ORD_00590,PRD_H04,2,29900.0,10.0,53820.0,38000.0,15820.0
ITEM_000795,ORD_00591,PRD_C06,2,2999.0,5.0,5698.1,2200.0,3498.1
ITEM_000796,ORD_00592,PRD_F08,1,25500.0,0.0,25500.0,16000.0,9500.0
ITEM_000797,ORD_00593,PRD_C05,1,4999.0,5.0,4749.05,1800.0,2949.05
ITEM_000798,ORD_00593,PRD_H04,1,29900.0,0.0,29900.0,19000.0,10900.0
ITEM_000799,ORD_00594,PRD_F09,1,38000.0,10.0,34200.0,24000.0,10200.0
ITEM_000800,ORD_00595,PRD_C10,2,3490.0,0.0,6980.0,2200.0,4780.0
ITEM_000801,ORD_00596,PRD_H04,1,29900.0,5.0,28405.0,19000.0,9405.0
ITEM_000802,ORD_00597,PRD_H05,1,14999.0,10.0,13499.1,9500.0,3999.1
ITEM_000803,ORD_00598,PRD_F10,2,7999.0,0.0,15998.0,9000.0,6998.0
ITEM_000804,ORD_00599,PRD_E13,1,4999.0,0.0,4999.0,3200.0,1799.0
ITEM_000805,ORD_00600,PRD_H03,1,9999.0,15.0,8499.15,5500.0,2999.15
ITEM_000806,ORD_00601,PRD_E11,1,8995.0,0.0,8995.0,6200.0,2795.0
ITEM_000807,ORD_00602,PRD_E06,1,64999.0,0.0,64999.0,45000.0,19999.0
ITEM_000808,ORD_00603,PRD_F01,1,12999.0,0.0,12999.0,7500.0,5499.0
ITEM_000809,ORD_00604,PRD_H01,1,8495.0,5.0,8070.25,4800.0,3270.25
ITEM_000810,ORD_00604,PRD_F09,1,38000.0,20.0,30400.0,24000.0,6400.0
ITEM_000811,ORD_00605,PRD_H01,2,8495.0,0.0,16990.0,9600.0,7390.0
ITEM_000812,ORD_00606,PRD_E04,1,124900.0,5.0,118655.0,95000.0,23655.0
ITEM_000813,ORD_00607,PRD_H05,1,14999.0,10.0,13499.1,9500.0,3999.1
ITEM_000814,ORD_00608,PRD_C01,2,5999.0,5.0,11398.1,5200.0,6198.1
ITEM_000815,ORD_00608,PRD_F07,1,24999.0,5.0,23749.05,15000.0,8749.05
ITEM_000816,ORD_00609,PRD_C02,1,2499.0,15.0,2124.15,950.0,1174.15
ITEM_000817,ORD_00609,PRD_E06,1,64999.0,0.0,64999.0,45000.0,19999.0
ITEM_000818,ORD_00609,PRD_H03,1,9999.0,0.0,9999.0,5500.0,4499.0
ITEM_000819,ORD_00610,PRD_E08,1,22900.0,20.0,18320.0,16000.0,2320.0
ITEM_000820,ORD_00611,PRD_F07,1,24999.0,5.0,23749.05,15000.0,8749.05
ITEM_000821,ORD_00611,PRD_E14,1,8499.0,5.0,8074.05,6000.0,2074.05
ITEM_000822,ORD_00612,PRD_C03,1,2199.0,10.0,1979.1,800.0,1179.1
ITEM_000823,ORD_00612,PRD_E09,1,1499.0,15.0,1274.15,800.0,474.15
ITEM_000824,ORD_00613,PRD_E09,1,1499.0,0.0,1499.0,800.0,699.0
ITEM_000825,ORD_00614,PRD_E12,1,6495.0,5.0,6170.25,4500.0,1670.25
ITEM_000826,ORD_00615,PRD_F10,1,7999.0,5.0,7599.05,4500.0,3099.05
ITEM_000827,ORD_00616,PRD_E01,1,94900.0,0.0,94900.0,72000.0,22900.0
ITEM_000828,ORD_00616,PRD_C09,1,3299.0,10.0,2969.1,1200.0,1769.1
ITEM_000829,ORD_00617,PRD_C10,1,3490.0,15.0,2966.5,1100.0,1866.5
ITEM_000830,ORD_00617,PRD_F09,1,38000.0,10.0,34200.0,24000.0,10200.0
ITEM_000831,ORD_00618,PRD_F03,1,26999.0,5.0,25649.05,18000.0,7649.05
ITEM_000832,ORD_00618,PRD_E11,1,8995.0,10.0,8095.5,6200.0,1895.5
ITEM_000833,ORD_00618,PRD_E07,1,28990.0,10.0,26091.0,20000.0,6091.0
ITEM_000834,ORD_00619,PRD_F01,1,12999.0,10.0,11699.1,7500.0,4199.1
ITEM_000835,ORD_00619,PRD_C10,1,3490.0,10.0,3141.0,1100.0,2041.0
ITEM_000836,ORD_00619,PRD_C08,1,4999.0,0.0,4999.0,2200.0,2799.0
ITEM_000837,ORD_00620,PRD_E01,1,94900.0,15.0,80665.0,72000.0,8665.0
ITEM_000838,ORD_00621,PRD_C02,4,2499.0,5.0,9496.2,3800.0,5696.2
ITEM_000839,ORD_00622,PRD_F08,1,25500.0,5.0,24225.0,16000.0,8225.0
ITEM_000840,ORD_00622,PRD_F02,1,18500.0,0.0,18500.0,11000.0,7500.0
ITEM_000841,ORD_00622,PRD_E01,1,94900.0,5.0,90155.0,72000.0,18155.0
ITEM_000842,ORD_00623,PRD_F07,1,24999.0,0.0,24999.0,15000.0,9999.0
ITEM_000843,ORD_00624,PRD_E04,1,124900.0,10.0,112410.0,95000.0,17410.0
ITEM_000844,ORD_00624,PRD_F03,1,26999.0,10.0,24299.1,18000.0,6299.1
ITEM_000845,ORD_00624,PRD_F07,1,24999.0,5.0,23749.05,15000.0,8749.05
ITEM_000846,ORD_00625,PRD_H01,1,8495.0,0.0,8495.0,4800.0,3695.0
ITEM_000847,ORD_00625,PRD_E10,1,28500.0,0.0,28500.0,21000.0,7500.0
ITEM_000848,ORD_00626,PRD_E03,1,62000.0,15.0,52700.0,48000.0,4700.0
ITEM_000849,ORD_00627,PRD_E14,1,8499.0,15.0,7224.15,6000.0,1224.15
ITEM_000850,ORD_00627,PRD_C06,1,2999.0,15.0,2549.15,1100.0,1449.15
ITEM_000851,ORD_00627,PRD_F08,1,25500.0,5.0,24225.0,16000.0,8225.0
ITEM_000852,ORD_00628,PRD_C05,1,4999.0,5.0,4749.05,1800.0,2949.05
ITEM_000853,ORD_00629,PRD_C08,4,4999.0,5.0,18996.2,8800.0,10196.2
ITEM_000854,ORD_00630,PRD_F07,1,24999.0,0.0,24999.0,15000.0,9999.0
ITEM_000855,ORD_00630,PRD_C08,4,4999.0,10.0,17996.4,8800.0,9196.4
ITEM_000856,ORD_00630,PRD_E13,1,4999.0,20.0,3999.2,3200.0,799.2
ITEM_000857,ORD_00631,PRD_F05,1,34999.0,5.0,33249.05,22000.0,11249.05
ITEM_000858,ORD_00631,PRD_H04,1,29900.0,5.0,28405.0,19000.0,9405.0
ITEM_000859,ORD_00632,PRD_F06,1,52000.0,10.0,46800.0,34000.0,12800.0
ITEM_000860,ORD_00633,PRD_F01,2,12999.0,0.0,25998.0,15000.0,10998.0
ITEM_000861,ORD_00634,PRD_E12,1,6495.0,10.0,5845.5,4500.0,1345.5
ITEM_000862,ORD_00634,PRD_E11,2,8995.0,10.0,16191.0,12400.0,3791.0
ITEM_000863,ORD_00635,PRD_F03,2,26999.0,20.0,43198.4,36000.0,7198.4
ITEM_000864,ORD_00635,PRD_E13,1,4999.0,5.0,4749.05,3200.0,1549.05
ITEM_000865,ORD_00636,PRD_E07,1,28990.0,5.0,27540.5,20000.0,7540.5
ITEM_000866,ORD_00637,PRD_C02,1,2499.0,15.0,2124.15,950.0,1174.15
ITEM_000867,ORD_00637,PRD_E14,1,8499.0,10.0,7649.1,6000.0,1649.1
ITEM_000868,ORD_00637,PRD_E11,2,8995.0,0.0,17990.0,12400.0,5590.0
ITEM_000869,ORD_00638,PRD_C04,1,3899.0,10.0,3509.1,1400.0,2109.1
ITEM_000870,ORD_00639,PRD_H03,1,9999.0,0.0,9999.0,5500.0,4499.0
ITEM_000871,ORD_00640,PRD_C06,4,2999.0,20.0,9596.8,4400.0,5196.8
ITEM_000872,ORD_00641,PRD_E12,1,6495.0,5.0,6170.25,4500.0,1670.25
ITEM_000873,ORD_00642,PRD_E01,1,94900.0,5.0,90155.0,72000.0,18155.0
ITEM_000874,ORD_00642,PRD_C05,3,4999.0,0.0,14997.0,5400.0,9597.0
ITEM_000875,ORD_00643,PRD_H04,2,29900.0,15.0,50830.0,38000.0,12830.0
ITEM_000876,ORD_00644,PRD_F06,1,52000.0,0.0,52000.0,34000.0,18000.0
ITEM_000877,ORD_00644,PRD_E01,1,94900.0,0.0,94900.0,72000.0,22900.0
ITEM_000878,ORD_00645,PRD_H05,1,14999.0,10.0,13499.1,9500.0,3999.1
ITEM_000879,ORD_00645,PRD_E08,1,22900.0,5.0,21755.0,16000.0,5755.0
ITEM_000880,ORD_00646,PRD_C02,1,2499.0,0.0,2499.0,950.0,1549.0
ITEM_000881,ORD_00647,PRD_E09,1,1499.0,10.0,1349.1,800.0,549.1
ITEM_000882,ORD_00648,PRD_C03,3,2199.0,5.0,6267.15,2400.0,3867.15
ITEM_000883,ORD_00649,PRD_C03,1,2199.0,10.0,1979.1,800.0,1179.1
ITEM_000884,ORD_00650,PRD_H01,1,8495.0,10.0,7645.5,4800.0,2845.5
ITEM_000885,ORD_00651,PRD_F08,1,25500.0,10.0,22950.0,16000.0,6950.0
ITEM_000886,ORD_00651,PRD_F05,1,34999.0,15.0,29749.15,22000.0,7749.15
ITEM_000887,ORD_00652,PRD_H03,1,9999.0,5.0,9499.05,5500.0,3999.05
ITEM_000888,ORD_00653,PRD_E07,1,28990.0,20.0,23192.0,20000.0,3192.0
ITEM_000889,ORD_00653,PRD_C07,2,8995.0,5.0,17090.5,8400.0,8690.5
ITEM_000890,ORD_00653,PRD_H03,1,9999.0,0.0,9999.0,5500.0,4499.0
ITEM_000891,ORD_00654,PRD_E13,1,4999.0,20.0,3999.2,3200.0,799.2
ITEM_000892,ORD_00654,PRD_F04,1,14500.0,5.0,13775.0,9000.0,4775.0
ITEM_000893,ORD_00655,PRD_E08,1,22900.0,5.0,21755.0,16000.0,5755.0
ITEM_000894,ORD_00656,PRD_F09,1,38000.0,10.0,34200.0,24000.0,10200.0
ITEM_000895,ORD_00657,PRD_E03,1,62000.0,5.0,58900.0,48000.0,10900.0
ITEM_000896,ORD_00658,PRD_C08,1,4999.0,20.0,3999.2,2200.0,1799.2
ITEM_000897,ORD_00658,PRD_E07,1,28990.0,10.0,26091.0,20000.0,6091.0
ITEM_000898,ORD_00659,PRD_E08,1,22900.0,5.0,21755.0,16000.0,5755.0
ITEM_000899,ORD_00660,PRD_C09,3,3299.0,0.0,9897.0,3600.0,6297.0
ITEM_000900,ORD_00661,PRD_E09,1,1499.0,10.0,1349.1,800.0,549.1
ITEM_000901,ORD_00661,PRD_C02,1,2499.0,0.0,2499.0,950.0,1549.0
ITEM_000902,ORD_00662,PRD_E09,1,1499.0,0.0,1499.0,800.0,699.0
ITEM_000903,ORD_00663,PRD_E05,1,79999.0,5.0,75999.05,60000.0,15999.05
ITEM_000904,ORD_00664,PRD_F04,1,14500.0,10.0,13050.0,9000.0,4050.0
ITEM_000905,ORD_00664,PRD_C08,1,4999.0,0.0,4999.0,2200.0,2799.0
ITEM_000906,ORD_00664,PRD_E11,1,8995.0,15.0,7645.75,6200.0,1445.75
ITEM_000907,ORD_00665,PRD_E01,1,94900.0,5.0,90155.0,72000.0,18155.0
ITEM_000908,ORD_00665,PRD_E06,1,64999.0,0.0,64999.0,45000.0,19999.0
ITEM_000909,ORD_00666,PRD_F02,1,18500.0,0.0,18500.0,11000.0,7500.0
ITEM_000910,ORD_00667,PRD_C10,1,3490.0,15.0,2966.5,1100.0,1866.5
ITEM_000911,ORD_00668,PRD_C03,2,2199.0,5.0,4178.1,1600.0,2578.1
ITEM_000912,ORD_00668,PRD_E14,1,8499.0,10.0,7649.1,6000.0,1649.1
ITEM_000913,ORD_00668,PRD_F03,1,26999.0,5.0,25649.05,18000.0,7649.05
ITEM_000914,ORD_00669,PRD_F02,1,18500.0,0.0,18500.0,11000.0,7500.0
ITEM_000915,ORD_00670,PRD_E12,1,6495.0,10.0,5845.5,4500.0,1345.5
ITEM_000916,ORD_00671,PRD_C02,1,2499.0,5.0,2374.05,950.0,1424.05
ITEM_000917,ORD_00672,PRD_E07,1,28990.0,0.0,28990.0,20000.0,8990.0
ITEM_000918,ORD_00673,PRD_C09,4,3299.0,0.0,13196.0,4800.0,8396.0
ITEM_000919,ORD_00673,PRD_H04,1,29900.0,0.0,29900.0,19000.0,10900.0
ITEM_000920,ORD_00674,PRD_E01,1,94900.0,15.0,80665.0,72000.0,8665.0
ITEM_000921,ORD_00675,PRD_H01,2,8495.0,10.0,15291.0,9600.0,5691.0
ITEM_000922,ORD_00676,PRD_F02,1,18500.0,5.0,17575.0,11000.0,6575.0
ITEM_000923,ORD_00677,PRD_F01,1,12999.0,15.0,11049.15,7500.0,3549.15
ITEM_000924,ORD_00678,PRD_H04,2,29900.0,10.0,53820.0,38000.0,15820.0
ITEM_000925,ORD_00679,PRD_C08,2,4999.0,0.0,9998.0,4400.0,5598.0
ITEM_000926,ORD_00679,PRD_E04,1,124900.0,0.0,124900.0,95000.0,29900.0
ITEM_000927,ORD_00680,PRD_H02,2,3890.0,5.0,7391.0,4200.0,3191.0
ITEM_000928,ORD_00680,PRD_E07,1,28990.0,15.0,24641.5,20000.0,4641.5
ITEM_000929,ORD_00681,PRD_E02,1,85000.0,0.0,85000.0,65000.0,20000.0
ITEM_000930,ORD_00681,PRD_C08,1,4999.0,10.0,4499.1,2200.0,2299.1
ITEM_000931,ORD_00682,PRD_H04,1,29900.0,10.0,26910.0,19000.0,7910.0
ITEM_000932,ORD_00682,PRD_H01,1,8495.0,0.0,8495.0,4800.0,3695.0
ITEM_000933,ORD_00683,PRD_E02,1,85000.0,0.0,85000.0,65000.0,20000.0
ITEM_000934,ORD_00683,PRD_E11,1,8995.0,15.0,7645.75,6200.0,1445.75
ITEM_000935,ORD_00683,PRD_E10,1,28500.0,20.0,22800.0,21000.0,1800.0
ITEM_000936,ORD_00684,PRD_C07,3,8995.0,0.0,26985.0,12600.0,14385.0
ITEM_000937,ORD_00685,PRD_F01,1,12999.0,0.0,12999.0,7500.0,5499.0
ITEM_000938,ORD_00685,PRD_E02,1,85000.0,10.0,76500.0,65000.0,11500.0
ITEM_000939,ORD_00686,PRD_H04,1,29900.0,5.0,28405.0,19000.0,9405.0
ITEM_000940,ORD_00686,PRD_F08,1,25500.0,10.0,22950.0,16000.0,6950.0
ITEM_000941,ORD_00686,PRD_C02,1,2499.0,10.0,2249.1,950.0,1299.1
ITEM_000942,ORD_00687,PRD_F07,1,24999.0,0.0,24999.0,15000.0,9999.0
ITEM_000943,ORD_00687,PRD_C02,2,2499.0,10.0,4498.2,1900.0,2598.2
ITEM_000944,ORD_00687,PRD_E14,1,8499.0,10.0,7649.1,6000.0,1649.1
ITEM_000945,ORD_00688,PRD_E09,1,1499.0,5.0,1424.05,800.0,624.05
ITEM_000946,ORD_00689,PRD_F02,1,18500.0,0.0,18500.0,11000.0,7500.0
ITEM_000947,ORD_00690,PRD_E13,1,4999.0,0.0,4999.0,3200.0,1799.0
ITEM_000948,ORD_00690,PRD_H02,1,3890.0,0.0,3890.0,2100.0,1790.0
ITEM_000949,ORD_00691,PRD_E10,1,28500.0,5.0,27075.0,21000.0,6075.0
ITEM_000950,ORD_00692,PRD_C04,2,3899.0,0.0,7798.0,2800.0,4998.0
ITEM_000951,ORD_00693,PRD_C01,1,5999.0,10.0,5399.1,2600.0,2799.1
ITEM_000952,ORD_00694,PRD_C10,1,3490.0,5.0,3315.5,1100.0,2215.5
ITEM_000953,ORD_00694,PRD_C04,4,3899.0,10.0,14036.4,5600.0,8436.4
ITEM_000954,ORD_00695,PRD_E02,1,85000.0,10.0,76500.0,65000.0,11500.0
ITEM_000955,ORD_00696,PRD_F09,1,38000.0,5.0,36100.0,24000.0,12100.0
ITEM_000956,ORD_00696,PRD_H01,1,8495.0,10.0,7645.5,4800.0,2845.5
ITEM_000957,ORD_00697,PRD_F05,1,34999.0,10.0,31499.1,22000.0,9499.1
ITEM_000958,ORD_00698,PRD_H03,2,9999.0,0.0,19998.0,11000.0,8998.0
ITEM_000959,ORD_00698,PRD_C01,1,5999.0,5.0,5699.05,2600.0,3099.05
ITEM_000960,ORD_00699,PRD_E08,1,22900.0,5.0,21755.0,16000.0,5755.0
ITEM_000961,ORD_00699,PRD_E04,1,124900.0,5.0,118655.0,95000.0,23655.0
ITEM_000962,ORD_00699,PRD_E06,1,64999.0,0.0,64999.0,45000.0,19999.0
ITEM_000963,ORD_00700,PRD_C01,2,5999.0,20.0,9598.4,5200.0,4398.4
ITEM_000964,ORD_00701,PRD_E05,1,79999.0,15.0,67999.15,60000.0,7999.15
ITEM_000965,ORD_00702,PRD_E08,1,22900.0,0.0,22900.0,16000.0,6900.0
ITEM_000966,ORD_00703,PRD_E05,1,79999.0,20.0,63999.2,60000.0,3999.2
ITEM_000967,ORD_00704,PRD_C04,2,3899.0,10.0,7018.2,2800.0,4218.2
ITEM_000968,ORD_00705,PRD_E07,1,28990.0,10.0,26091.0,20000.0,6091.0
ITEM_000969,ORD_00706,PRD_C06,1,2999.0,0.0,2999.0,1100.0,1899.0
ITEM_000970,ORD_00707,PRD_C03,1,2199.0,0.0,2199.0,800.0,1399.0
ITEM_000971,ORD_00707,PRD_E10,1,28500.0,0.0,28500.0,21000.0,7500.0
ITEM_000972,ORD_00708,PRD_F06,2,52000.0,5.0,98800.0,68000.0,30800.0
ITEM_000973,ORD_00709,PRD_E04,1,124900.0,20.0,99920.0,95000.0,4920.0
ITEM_000974,ORD_00710,PRD_E10,1,28500.0,10.0,25650.0,21000.0,4650.0
ITEM_000975,ORD_00711,PRD_F01,2,12999.0,10.0,23398.2,15000.0,8398.2
ITEM_000976,ORD_00712,PRD_E08,1,22900.0,15.0,19465.0,16000.0,3465.0
ITEM_000977,ORD_00713,PRD_F03,1,26999.0,10.0,24299.1,18000.0,6299.1
ITEM_000978,ORD_00714,PRD_E04,1,124900.0,0.0,124900.0,95000.0,29900.0
ITEM_000979,ORD_00714,PRD_C04,4,3899.0,5.0,14816.2,5600.0,9216.2
ITEM_000980,ORD_00715,PRD_H03,2,9999.0,20.0,15998.4,11000.0,4998.4
ITEM_000981,ORD_00716,PRD_E13,1,4999.0,0.0,4999.0,3200.0,1799.0
ITEM_000982,ORD_00717,PRD_C02,1,2499.0,10.0,2249.1,950.0,1299.1
ITEM_000983,ORD_00718,PRD_F06,1,52000.0,15.0,44200.0,34000.0,10200.0
ITEM_000984,ORD_00719,PRD_C07,2,8995.0,10.0,16191.0,8400.0,7791.0
ITEM_000985,ORD_00720,PRD_E13,1,4999.0,0.0,4999.0,3200.0,1799.0
ITEM_000986,ORD_00721,PRD_E02,1,85000.0,20.0,68000.0,65000.0,3000.0
ITEM_000987,ORD_00722,PRD_C09,1,3299.0,0.0,3299.0,1200.0,2099.0
ITEM_000988,ORD_00722,PRD_E03,1,62000.0,0.0,62000.0,48000.0,14000.0
ITEM_000989,ORD_00723,PRD_C09,1,3299.0,15.0,2804.15,1200.0,1604.15
ITEM_000990,ORD_00724,PRD_F04,1,14500.0,5.0,13775.0,9000.0,4775.0
ITEM_000991,ORD_00725,PRD_E01,1,94900.0,0.0,94900.0,72000.0,22900.0
ITEM_000992,ORD_00726,PRD_H01,1,8495.0,0.0,8495.0,4800.0,3695.0
ITEM_000993,ORD_00726,PRD_F04,1,14500.0,5.0,13775.0,9000.0,4775.0
ITEM_000994,ORD_00727,PRD_H02,1,3890.0,0.0,3890.0,2100.0,1790.0
ITEM_000995,ORD_00728,PRD_C09,1,3299.0,0.0,3299.0,1200.0,2099.0
ITEM_000996,ORD_00729,PRD_H05,1,14999.0,20.0,11999.2,9500.0,2499.2
ITEM_000997,ORD_00730,PRD_F03,1,26999.0,0.0,26999.0,18000.0,8999.0
ITEM_000998,ORD_00731,PRD_E05,1,79999.0,0.0,79999.0,60000.0,19999.0
ITEM_000999,ORD_00731,PRD_F03,1,26999.0,0.0,26999.0,18000.0,8999.0
ITEM_001000,ORD_00731,PRD_E14,2,8499.0,10.0,15298.2,12000.0,3298.2
ITEM_001001,ORD_00732,PRD_H02,1,3890.0,0.0,3890.0,2100.0,1790.0
ITEM_001002,ORD_00732,PRD_H03,1,9999.0,0.0,9999.0,5500.0,4499.0
ITEM_001003,ORD_00733,PRD_F08,1,25500.0,5.0,24225.0,16000.0,8225.0
ITEM_001004,ORD_00733,PRD_H02,1,3890.0,15.0,3306.5,2100.0,1206.5
ITEM_001005,ORD_00734,PRD_E08,1,22900.0,10.0,20610.0,16000.0,4610.0
ITEM_001006,ORD_00735,PRD_C05,1,4999.0,10.0,4499.1,1800.0,2699.1
ITEM_001007,ORD_00735,PRD_E04,1,124900.0,5.0,118655.0,95000.0,23655.0
ITEM_001008,ORD_00735,PRD_E05,1,79999.0,0.0,79999.0,60000.0,19999.0
ITEM_001009,ORD_00736,PRD_E05,1,79999.0,5.0,75999.05,60000.0,15999.05
ITEM_001010,ORD_00736,PRD_F01,1,12999.0,0.0,12999.0,7500.0,5499.0
ITEM_001011,ORD_00737,PRD_H02,1,3890.0,15.0,3306.5,2100.0,1206.5
ITEM_001012,ORD_00738,PRD_C10,4,3490.0,20.0,11168.0,4400.0,6768.0
ITEM_001013,ORD_00739,PRD_F09,1,38000.0,10.0,34200.0,24000.0,10200.0
ITEM_001014,ORD_00740,PRD_H03,1,9999.0,5.0,9499.05,5500.0,3999.05
ITEM_001015,ORD_00740,PRD_C08,3,4999.0,5.0,14247.15,6600.0,7647.15
ITEM_001016,ORD_00740,PRD_C10,2,3490.0,15.0,5933.0,2200.0,3733.0
ITEM_001017,ORD_00741,PRD_H04,2,29900.0,10.0,53820.0,38000.0,15820.0
ITEM_001018,ORD_00742,PRD_C07,1,8995.0,5.0,8545.25,4200.0,4345.25
ITEM_001019,ORD_00743,PRD_H02,2,3890.0,0.0,7780.0,4200.0,3580.0
ITEM_001020,ORD_00744,PRD_F03,1,26999.0,0.0,26999.0,18000.0,8999.0
ITEM_001021,ORD_00745,PRD_C09,1,3299.0,15.0,2804.15,1200.0,1604.15
ITEM_001022,ORD_00746,PRD_E01,1,94900.0,15.0,80665.0,72000.0,8665.0
ITEM_001023,ORD_00747,PRD_F06,1,52000.0,5.0,49400.0,34000.0,15400.0
ITEM_001024,ORD_00747,PRD_C06,1,2999.0,0.0,2999.0,1100.0,1899.0
ITEM_001025,ORD_00748,PRD_H03,1,9999.0,10.0,8999.1,5500.0,3499.1
ITEM_001026,ORD_00748,PRD_E04,1,124900.0,0.0,124900.0,95000.0,29900.0
ITEM_001027,ORD_00749,PRD_E05,1,79999.0,5.0,75999.05,60000.0,15999.05
ITEM_001028,ORD_00750,PRD_C01,1,5999.0,0.0,5999.0,2600.0,3399.0
ITEM_001029,ORD_00751,PRD_E10,1,28500.0,5.0,27075.0,21000.0,6075.0
ITEM_001030,ORD_00752,PRD_C08,1,4999.0,15.0,4249.15,2200.0,2049.15
ITEM_001031,ORD_00753,PRD_F09,1,38000.0,5.0,36100.0,24000.0,12100.0
ITEM_001032,ORD_00754,PRD_H02,1,3890.0,5.0,3695.5,2100.0,1595.5
ITEM_001033,ORD_00755,PRD_E01,1,94900.0,5.0,90155.0,72000.0,18155.0
ITEM_001034,ORD_00756,PRD_E04,1,124900.0,10.0,112410.0,95000.0,17410.0
ITEM_001035,ORD_00756,PRD_E11,1,8995.0,5.0,8545.25,6200.0,2345.25
ITEM_001036,ORD_00757,PRD_C04,2,3899.0,0.0,7798.0,2800.0,4998.0
ITEM_001037,ORD_00758,PRD_C01,1,5999.0,0.0,5999.0,2600.0,3399.0
ITEM_001038,ORD_00759,PRD_E10,1,28500.0,0.0,28500.0,21000.0,7500.0
ITEM_001039,ORD_00760,PRD_C10,1,3490.0,10.0,3141.0,1100.0,2041.0
ITEM_001040,ORD_00761,PRD_F07,1,24999.0,5.0,23749.05,15000.0,8749.05
ITEM_001041,ORD_00761,PRD_C05,1,4999.0,0.0,4999.0,1800.0,3199.0
ITEM_001042,ORD_00762,PRD_E06,1,64999.0,0.0,64999.0,45000.0,19999.0
ITEM_001043,ORD_00763,PRD_E07,1,28990.0,0.0,28990.0,20000.0,8990.0
ITEM_001044,ORD_00764,PRD_E05,1,79999.0,5.0,75999.05,60000.0,15999.05
ITEM_001045,ORD_00765,PRD_E12,1,6495.0,20.0,5196.0,4500.0,696.0
ITEM_001046,ORD_00766,PRD_F07,1,24999.0,5.0,23749.05,15000.0,8749.05
ITEM_001047,ORD_00767,PRD_E08,1,22900.0,0.0,22900.0,16000.0,6900.0
ITEM_001048,ORD_00768,PRD_C09,2,3299.0,20.0,5278.4,2400.0,2878.4
ITEM_001049,ORD_00769,PRD_F03,1,26999.0,20.0,21599.2,18000.0,3599.2
ITEM_001050,ORD_00770,PRD_C10,3,3490.0,0.0,10470.0,3300.0,7170.0
ITEM_001051,ORD_00771,PRD_E14,1,8499.0,5.0,8074.05,6000.0,2074.05
ITEM_001052,ORD_00771,PRD_C06,1,2999.0,20.0,2399.2,1100.0,1299.2
ITEM_001053,ORD_00771,PRD_F01,1,12999.0,0.0,12999.0,7500.0,5499.0
ITEM_001054,ORD_00772,PRD_C07,1,8995.0,10.0,8095.5,4200.0,3895.5
ITEM_001055,ORD_00773,PRD_E11,1,8995.0,0.0,8995.0,6200.0,2795.0
ITEM_001056,ORD_00774,PRD_F01,1,12999.0,0.0,12999.0,7500.0,5499.0
ITEM_001057,ORD_00775,PRD_F05,1,34999.0,15.0,29749.15,22000.0,7749.15
ITEM_001058,ORD_00776,PRD_E06,1,64999.0,0.0,64999.0,45000.0,19999.0
ITEM_001059,ORD_00777,PRD_E10,1,28500.0,0.0,28500.0,21000.0,7500.0
ITEM_001060,ORD_00777,PRD_F03,1,26999.0,0.0,26999.0,18000.0,8999.0
ITEM_001061,ORD_00777,PRD_E08,1,22900.0,0.0,22900.0,16000.0,6900.0
ITEM_001062,ORD_00778,PRD_E01,1,94900.0,0.0,94900.0,72000.0,22900.0
ITEM_001063,ORD_00779,PRD_E02,1,85000.0,5.0,80750.0,65000.0,15750.0
ITEM_001064,ORD_00779,PRD_C08,2,4999.0,20.0,7998.4,4400.0,3598.4
ITEM_001065,ORD_00780,PRD_E09,2,1499.0,0.0,2998.0,1600.0,1398.0
ITEM_001066,ORD_00780,PRD_E14,1,8499.0,0.0,8499.0,6000.0,2499.0
ITEM_001067,ORD_00781,PRD_H01,1,8495.0,5.0,8070.25,4800.0,3270.25
ITEM_001068,ORD_00782,PRD_E14,1,8499.0,0.0,8499.0,6000.0,2499.0
ITEM_001069,ORD_00783,PRD_H03,1,9999.0,5.0,9499.05,5500.0,3999.05
ITEM_001070,ORD_00784,PRD_H04,1,29900.0,0.0,29900.0,19000.0,10900.0
ITEM_001071,ORD_00785,PRD_C07,1,8995.0,10.0,8095.5,4200.0,3895.5
ITEM_001072,ORD_00786,PRD_F10,1,7999.0,10.0,7199.1,4500.0,2699.1
ITEM_001073,ORD_00786,PRD_E14,1,8499.0,5.0,8074.05,6000.0,2074.05
ITEM_001074,ORD_00787,PRD_H01,1,8495.0,15.0,7220.75,4800.0,2420.75
ITEM_001075,ORD_00788,PRD_F01,1,12999.0,0.0,12999.0,7500.0,5499.0
ITEM_001076,ORD_00789,PRD_E10,1,28500.0,0.0,28500.0,21000.0,7500.0
ITEM_001077,ORD_00790,PRD_F08,1,25500.0,0.0,25500.0,16000.0,9500.0
ITEM_001078,ORD_00791,PRD_C02,1,2499.0,20.0,1999.2,950.0,1049.2
ITEM_001079,ORD_00792,PRD_C05,1,4999.0,0.0,4999.0,1800.0,3199.0
ITEM_001080,ORD_00793,PRD_C03,3,2199.0,0.0,6597.0,2400.0,4197.0
ITEM_001081,ORD_00794,PRD_F08,1,25500.0,10.0,22950.0,16000.0,6950.0
ITEM_001082,ORD_00795,PRD_F08,2,25500.0,15.0,43350.0,32000.0,11350.0
ITEM_001083,ORD_00796,PRD_C09,2,3299.0,15.0,5608.3,2400.0,3208.3
ITEM_001084,ORD_00797,PRD_E06,1,64999.0,0.0,64999.0,45000.0,19999.0
ITEM_001085,ORD_00798,PRD_F07,2,24999.0,5.0,47498.1,30000.0,17498.1
ITEM_001086,ORD_00799,PRD_C10,2,3490.0,5.0,6631.0,2200.0,4431.0
ITEM_001087,ORD_00800,PRD_H05,1,14999.0,0.0,14999.0,9500.0,5499.0
ITEM_001088,ORD_00800,PRD_C02,4,2499.0,5.0,9496.2,3800.0,5696.2
ITEM_001089,ORD_00801,PRD_F08,1,25500.0,5.0,24225.0,16000.0,8225.0
ITEM_001090,ORD_00802,PRD_C05,1,4999.0,10.0,4499.1,1800.0,2699.1
ITEM_001091,ORD_00803,PRD_E04,1,124900.0,0.0,124900.0,95000.0,29900.0
ITEM_001092,ORD_00804,PRD_C09,3,3299.0,0.0,9897.0,3600.0,6297.0
ITEM_001093,ORD_00805,PRD_C05,1,4999.0,15.0,4249.15,1800.0,2449.15
ITEM_001094,ORD_00806,PRD_E03,1,62000.0,0.0,62000.0,48000.0,14000.0
ITEM_001095,ORD_00807,PRD_F02,1,18500.0,0.0,18500.0,11000.0,7500.0
ITEM_001096,ORD_00808,PRD_F10,1,7999.0,0.0,7999.0,4500.0,3499.0
ITEM_001097,ORD_00809,PRD_E10,1,28500.0,5.0,27075.0,21000.0,6075.0
ITEM_001098,ORD_00809,PRD_F02,1,18500.0,10.0,16650.0,11000.0,5650.0
ITEM_001099,ORD_00810,PRD_F08,1,25500.0,10.0,22950.0,16000.0,6950.0
ITEM_001100,ORD_00810,PRD_H05,1,14999.0,10.0,13499.1,9500.0,3999.1
ITEM_001101,ORD_00811,PRD_F07,1,24999.0,15.0,21249.15,15000.0,6249.15
ITEM_001102,ORD_00811,PRD_E09,1,1499.0,10.0,1349.1,800.0,549.1
ITEM_001103,ORD_00812,PRD_E10,1,28500.0,10.0,25650.0,21000.0,4650.0
ITEM_001104,ORD_00812,PRD_F09,1,38000.0,0.0,38000.0,24000.0,14000.0
ITEM_001105,ORD_00813,PRD_H03,2,9999.0,5.0,18998.1,11000.0,7998.1
ITEM_001106,ORD_00814,PRD_E11,1,8995.0,5.0,8545.25,6200.0,2345.25
ITEM_001107,ORD_00815,PRD_C01,2,5999.0,10.0,10798.2,5200.0,5598.2
ITEM_001108,ORD_00815,PRD_H01,2,8495.0,5.0,16140.5,9600.0,6540.5
ITEM_001109,ORD_00816,PRD_C06,2,2999.0,10.0,5398.2,2200.0,3198.2
ITEM_001110,ORD_00817,PRD_C06,2,2999.0,5.0,5698.1,2200.0,3498.1
ITEM_001111,ORD_00818,PRD_C07,1,8995.0,0.0,8995.0,4200.0,4795.0
ITEM_001112,ORD_00818,PRD_C10,2,3490.0,10.0,6282.0,2200.0,4082.0
ITEM_001113,ORD_00818,PRD_F01,2,12999.0,0.0,25998.0,15000.0,10998.0
ITEM_001114,ORD_00819,PRD_F05,2,34999.0,5.0,66498.1,44000.0,22498.1
ITEM_001115,ORD_00820,PRD_C04,1,3899.0,20.0,3119.2,1400.0,1719.2
ITEM_001116,ORD_00820,PRD_C07,1,8995.0,0.0,8995.0,4200.0,4795.0
ITEM_001117,ORD_00820,PRD_E13,1,4999.0,5.0,4749.05,3200.0,1549.05
ITEM_001118,ORD_00821,PRD_E05,1,79999.0,10.0,71999.1,60000.0,11999.1
ITEM_001119,ORD_00822,PRD_E08,1,22900.0,0.0,22900.0,16000.0,6900.0
ITEM_001120,ORD_00823,PRD_F09,1,38000.0,5.0,36100.0,24000.0,12100.0
ITEM_001121,ORD_00824,PRD_E08,1,22900.0,10.0,20610.0,16000.0,4610.0
ITEM_001122,ORD_00824,PRD_E13,1,4999.0,10.0,4499.1,3200.0,1299.1
ITEM_001123,ORD_00824,PRD_E02,1,85000.0,5.0,80750.0,65000.0,15750.0
ITEM_001124,ORD_00825,PRD_E05,1,79999.0,5.0,75999.05,60000.0,15999.05
ITEM_001125,ORD_00825,PRD_H04,1,29900.0,20.0,23920.0,19000.0,4920.0
ITEM_001126,ORD_00826,PRD_C04,1,3899.0,15.0,3314.15,1400.0,1914.15
ITEM_001127,ORD_00827,PRD_E01,1,94900.0,20.0,75920.0,72000.0,3920.0
ITEM_001128,ORD_00828,PRD_E12,1,6495.0,5.0,6170.25,4500.0,1670.25
ITEM_001129,ORD_00829,PRD_E10,1,28500.0,10.0,25650.0,21000.0,4650.0
ITEM_001130,ORD_00829,PRD_F03,1,26999.0,0.0,26999.0,18000.0,8999.0
ITEM_001131,ORD_00829,PRD_C08,1,4999.0,0.0,4999.0,2200.0,2799.0
ITEM_001132,ORD_00830,PRD_F10,1,7999.0,0.0,7999.0,4500.0,3499.0
ITEM_001133,ORD_00831,PRD_F08,1,25500.0,0.0,25500.0,16000.0,9500.0
ITEM_001134,ORD_00832,PRD_F05,1,34999.0,5.0,33249.05,22000.0,11249.05
ITEM_001135,ORD_00832,PRD_E05,1,79999.0,0.0,79999.0,60000.0,19999.0
ITEM_001136,ORD_00833,PRD_F10,1,7999.0,20.0,6399.2,4500.0,1899.2
ITEM_001137,ORD_00834,PRD_E12,1,6495.0,10.0,5845.5,4500.0,1345.5
ITEM_001138,ORD_00835,PRD_H05,1,14999.0,10.0,13499.1,9500.0,3999.1
ITEM_001139,ORD_00836,PRD_C07,1,8995.0,0.0,8995.0,4200.0,4795.0
ITEM_001140,ORD_00837,PRD_F02,2,18500.0,20.0,29600.0,22000.0,7600.0
ITEM_001141,ORD_00838,PRD_C01,1,5999.0,0.0,5999.0,2600.0,3399.0
ITEM_001142,ORD_00838,PRD_E12,1,6495.0,0.0,6495.0,4500.0,1995.0
ITEM_001143,ORD_00838,PRD_F06,1,52000.0,0.0,52000.0,34000.0,18000.0
ITEM_001144,ORD_00839,PRD_E05,1,79999.0,10.0,71999.1,60000.0,11999.1
ITEM_001145,ORD_00840,PRD_C02,1,2499.0,15.0,2124.15,950.0,1174.15
ITEM_001146,ORD_00841,PRD_C07,2,8995.0,20.0,14392.0,8400.0,5992.0
ITEM_001147,ORD_00841,PRD_F07,1,24999.0,5.0,23749.05,15000.0,8749.05
ITEM_001148,ORD_00842,PRD_F05,1,34999.0,5.0,33249.05,22000.0,11249.05
ITEM_001149,ORD_00842,PRD_C02,1,2499.0,0.0,2499.0,950.0,1549.0
ITEM_001150,ORD_00843,PRD_H02,1,3890.0,5.0,3695.5,2100.0,1595.5
ITEM_001151,ORD_00844,PRD_E14,1,8499.0,15.0,7224.15,6000.0,1224.15
ITEM_001152,ORD_00844,PRD_C08,3,4999.0,0.0,14997.0,6600.0,8397.0
ITEM_001153,ORD_00845,PRD_F07,1,24999.0,0.0,24999.0,15000.0,9999.0
ITEM_001154,ORD_00845,PRD_H04,1,29900.0,0.0,29900.0,19000.0,10900.0
ITEM_001155,ORD_00845,PRD_C10,1,3490.0,0.0,3490.0,1100.0,2390.0
ITEM_001156,ORD_00846,PRD_E06,1,64999.0,10.0,58499.1,45000.0,13499.1
ITEM_001157,ORD_00847,PRD_H05,1,14999.0,0.0,14999.0,9500.0,5499.0
ITEM_001158,ORD_00848,PRD_E01,1,94900.0,0.0,94900.0,72000.0,22900.0
ITEM_001159,ORD_00849,PRD_E13,2,4999.0,10.0,8998.2,6400.0,2598.2
ITEM_001160,ORD_00850,PRD_H05,1,14999.0,10.0,13499.1,9500.0,3999.1
ITEM_001161,ORD_00851,PRD_C03,1,2199.0,0.0,2199.0,800.0,1399.0
ITEM_001162,ORD_00851,PRD_F08,1,25500.0,15.0,21675.0,16000.0,5675.0
ITEM_001163,ORD_00851,PRD_E08,1,22900.0,5.0,21755.0,16000.0,5755.0
ITEM_001164,ORD_00852,PRD_E06,1,64999.0,0.0,64999.0,45000.0,19999.0
ITEM_001165,ORD_00852,PRD_C04,2,3899.0,10.0,7018.2,2800.0,4218.2
ITEM_001166,ORD_00853,PRD_F09,1,38000.0,0.0,38000.0,24000.0,14000.0
ITEM_001167,ORD_00854,PRD_C03,2,2199.0,0.0,4398.0,1600.0,2798.0
ITEM_001168,ORD_00855,PRD_C03,2,2199.0,20.0,3518.4,1600.0,1918.4
ITEM_001169,ORD_00856,PRD_E12,1,6495.0,15.0,5520.75,4500.0,1020.75
ITEM_001170,ORD_00857,PRD_C08,2,4999.0,0.0,9998.0,4400.0,5598.0
ITEM_001171,ORD_00857,PRD_E13,1,4999.0,0.0,4999.0,3200.0,1799.0
ITEM_001172,ORD_00858,PRD_E01,1,94900.0,0.0,94900.0,72000.0,22900.0
ITEM_001173,ORD_00859,PRD_F10,1,7999.0,0.0,7999.0,4500.0,3499.0
ITEM_001174,ORD_00859,PRD_E02,1,85000.0,10.0,76500.0,65000.0,11500.0
ITEM_001175,ORD_00860,PRD_F05,1,34999.0,5.0,33249.05,22000.0,11249.05
ITEM_001176,ORD_00861,PRD_C08,1,4999.0,15.0,4249.15,2200.0,2049.15
ITEM_001177,ORD_00861,PRD_E01,1,94900.0,0.0,94900.0,72000.0,22900.0
ITEM_001178,ORD_00862,PRD_C10,2,3490.0,0.0,6980.0,2200.0,4780.0
ITEM_001179,ORD_00862,PRD_E10,1,28500.0,10.0,25650.0,21000.0,4650.0
ITEM_001180,ORD_00863,PRD_F06,1,52000.0,5.0,49400.0,34000.0,15400.0
ITEM_001181,ORD_00863,PRD_E07,1,28990.0,0.0,28990.0,20000.0,8990.0
ITEM_001182,ORD_00864,PRD_F06,2,52000.0,0.0,104000.0,68000.0,36000.0
ITEM_001183,ORD_00865,PRD_E09,1,1499.0,5.0,1424.05,800.0,624.05
ITEM_001184,ORD_00866,PRD_E14,1,8499.0,5.0,8074.05,6000.0,2074.05
ITEM_001185,ORD_00867,PRD_E01,1,94900.0,0.0,94900.0,72000.0,22900.0
ITEM_001186,ORD_00867,PRD_C10,2,3490.0,0.0,6980.0,2200.0,4780.0
ITEM_001187,ORD_00868,PRD_C04,1,3899.0,10.0,3509.1,1400.0,2109.1
ITEM_001188,ORD_00869,PRD_C02,1,2499.0,10.0,2249.1,950.0,1299.1
ITEM_001189,ORD_00870,PRD_F07,1,24999.0,0.0,24999.0,15000.0,9999.0
ITEM_001190,ORD_00871,PRD_C08,2,4999.0,10.0,8998.2,4400.0,4598.2
ITEM_001191,ORD_00871,PRD_F06,1,52000.0,0.0,52000.0,34000.0,18000.0
ITEM_001192,ORD_00871,PRD_E10,1,28500.0,10.0,25650.0,21000.0,4650.0
ITEM_001193,ORD_00872,PRD_E11,1,8995.0,10.0,8095.5,6200.0,1895.5
ITEM_001194,ORD_00873,PRD_E08,1,22900.0,5.0,21755.0,16000.0,5755.0
ITEM_001195,ORD_00873,PRD_E02,1,85000.0,0.0,85000.0,65000.0,20000.0
ITEM_001196,ORD_00874,PRD_F09,1,38000.0,5.0,36100.0,24000.0,12100.0
ITEM_001197,ORD_00874,PRD_C09,1,3299.0,5.0,3134.05,1200.0,1934.05
ITEM_001198,ORD_00875,PRD_E03,1,62000.0,0.0,62000.0,48000.0,14000.0
ITEM_001199,ORD_00875,PRD_C05,2,4999.0,0.0,9998.0,3600.0,6398.0
ITEM_001200,ORD_00876,PRD_H04,2,29900.0,15.0,50830.0,38000.0,12830.0
ITEM_001201,ORD_00877,PRD_E04,1,124900.0,5.0,118655.0,95000.0,23655.0
ITEM_001202,ORD_00878,PRD_C06,2,2999.0,15.0,5098.3,2200.0,2898.3
ITEM_001203,ORD_00879,PRD_H03,1,9999.0,10.0,8999.1,5500.0,3499.1
ITEM_001204,ORD_00880,PRD_C04,2,3899.0,0.0,7798.0,2800.0,4998.0
ITEM_001205,ORD_00881,PRD_C08,1,4999.0,5.0,4749.05,2200.0,2549.05
ITEM_001206,ORD_00882,PRD_E09,1,1499.0,5.0,1424.05,800.0,624.05
ITEM_001207,ORD_00882,PRD_F01,1,12999.0,0.0,12999.0,7500.0,5499.0
ITEM_001208,ORD_00883,PRD_E13,1,4999.0,5.0,4749.05,3200.0,1549.05
ITEM_001209,ORD_00883,PRD_E01,1,94900.0,0.0,94900.0,72000.0,22900.0
ITEM_001210,ORD_00883,PRD_C04,1,3899.0,5.0,3704.05,1400.0,2304.05
ITEM_001211,ORD_00884,PRD_E08,1,22900.0,20.0,18320.0,16000.0,2320.0
ITEM_001212,ORD_00885,PRD_E14,1,8499.0,20.0,6799.2,6000.0,799.2
ITEM_001213,ORD_00885,PRD_F06,2,52000.0,0.0,104000.0,68000.0,36000.0
ITEM_001214,ORD_00885,PRD_E06,1,64999.0,0.0,64999.0,45000.0,19999.0
ITEM_001215,ORD_00886,PRD_C05,1,4999.0,0.0,4999.0,1800.0,3199.0
ITEM_001216,ORD_00886,PRD_H02,1,3890.0,5.0,3695.5,2100.0,1595.5
ITEM_001217,ORD_00887,PRD_H04,2,29900.0,0.0,59800.0,38000.0,21800.0
ITEM_001218,ORD_00888,PRD_F10,1,7999.0,5.0,7599.05,4500.0,3099.05
ITEM_001219,ORD_00889,PRD_F04,2,14500.0,10.0,26100.0,18000.0,8100.0
ITEM_001220,ORD_00890,PRD_F03,1,26999.0,15.0,22949.15,18000.0,4949.15
ITEM_001221,ORD_00891,PRD_H02,1,3890.0,5.0,3695.5,2100.0,1595.5
ITEM_001222,ORD_00891,PRD_H03,1,9999.0,0.0,9999.0,5500.0,4499.0
ITEM_001223,ORD_00891,PRD_F09,1,38000.0,10.0,34200.0,24000.0,10200.0
ITEM_001224,ORD_00892,PRD_H03,2,9999.0,0.0,19998.0,11000.0,8998.0
ITEM_001225,ORD_00893,PRD_C07,2,8995.0,0.0,17990.0,8400.0,9590.0
ITEM_001226,ORD_00893,PRD_E06,1,64999.0,5.0,61749.05,45000.0,16749.05
ITEM_001227,ORD_00894,PRD_E02,1,85000.0,0.0,85000.0,65000.0,20000.0
ITEM_001228,ORD_00894,PRD_C08,1,4999.0,5.0,4749.05,2200.0,2549.05
ITEM_001229,ORD_00895,PRD_E06,1,64999.0,5.0,61749.05,45000.0,16749.05
ITEM_001230,ORD_00896,PRD_C04,1,3899.0,5.0,3704.05,1400.0,2304.05
ITEM_001231,ORD_00896,PRD_E01,1,94900.0,20.0,75920.0,72000.0,3920.0
ITEM_001232,ORD_00897,PRD_E08,1,22900.0,5.0,21755.0,16000.0,5755.0
ITEM_001233,ORD_00898,PRD_F07,1,24999.0,0.0,24999.0,15000.0,9999.0
ITEM_001234,ORD_00899,PRD_H03,1,9999.0,0.0,9999.0,5500.0,4499.0
ITEM_001235,ORD_00899,PRD_H05,1,14999.0,10.0,13499.1,9500.0,3999.1
ITEM_001236,ORD_00900,PRD_E04,1,124900.0,5.0,118655.0,95000.0,23655.0
ITEM_001237,ORD_00900,PRD_H04,1,29900.0,15.0,25415.0,19000.0,6415.0
ITEM_001238,ORD_00901,PRD_F07,1,24999.0,0.0,24999.0,15000.0,9999.0
ITEM_001239,ORD_00902,PRD_C02,1,2499.0,0.0,2499.0,950.0,1549.0
ITEM_001240,ORD_00902,PRD_F05,1,34999.0,5.0,33249.05,22000.0,11249.05
ITEM_001241,ORD_00903,PRD_F06,1,52000.0,5.0,49400.0,34000.0,15400.0
ITEM_001242,ORD_00904,PRD_C09,1,3299.0,0.0,3299.0,1200.0,2099.0
ITEM_001243,ORD_00904,PRD_F04,2,14500.0,15.0,24650.0,18000.0,6650.0
ITEM_001244,ORD_00904,PRD_E09,1,1499.0,0.0,1499.0,800.0,699.0
ITEM_001245,ORD_00905,PRD_H03,2,9999.0,20.0,15998.4,11000.0,4998.4
ITEM_001246,ORD_00906,PRD_C03,1,2199.0,0.0,2199.0,800.0,1399.0
ITEM_001247,ORD_00907,PRD_E13,1,4999.0,15.0,4249.15,3200.0,1049.15
ITEM_001248,ORD_00908,PRD_E01,1,94900.0,5.0,90155.0,72000.0,18155.0
ITEM_001249,ORD_00908,PRD_E04,1,124900.0,5.0,118655.0,95000.0,23655.0
ITEM_001250,ORD_00909,PRD_C03,1,2199.0,5.0,2089.05,800.0,1289.05
ITEM_001251,ORD_00909,PRD_F07,1,24999.0,0.0,24999.0,15000.0,9999.0
ITEM_001252,ORD_00909,PRD_E01,1,94900.0,0.0,94900.0,72000.0,22900.0
ITEM_001253,ORD_00910,PRD_E01,1,94900.0,20.0,75920.0,72000.0,3920.0
ITEM_001254,ORD_00911,PRD_F10,1,7999.0,10.0,7199.1,4500.0,2699.1
ITEM_001255,ORD_00912,PRD_E02,1,85000.0,10.0,76500.0,65000.0,11500.0
ITEM_001256,ORD_00912,PRD_C09,2,3299.0,0.0,6598.0,2400.0,4198.0
ITEM_001257,ORD_00912,PRD_H03,1,9999.0,5.0,9499.05,5500.0,3999.05
ITEM_001258,ORD_00913,PRD_C05,2,4999.0,20.0,7998.4,3600.0,4398.4
ITEM_001259,ORD_00913,PRD_C09,1,3299.0,0.0,3299.0,1200.0,2099.0
ITEM_001260,ORD_00914,PRD_C01,3,5999.0,20.0,14397.6,7800.0,6597.6
ITEM_001261,ORD_00915,PRD_F04,1,14500.0,0.0,14500.0,9000.0,5500.0
ITEM_001262,ORD_00916,PRD_E04,1,124900.0,0.0,124900.0,95000.0,29900.0
ITEM_001263,ORD_00917,PRD_H03,1,9999.0,10.0,8999.1,5500.0,3499.1
ITEM_001264,ORD_00918,PRD_F05,2,34999.0,0.0,69998.0,44000.0,25998.0
ITEM_001265,ORD_00919,PRD_E13,1,4999.0,5.0,4749.05,3200.0,1549.05
ITEM_001266,ORD_00920,PRD_E03,1,62000.0,0.0,62000.0,48000.0,14000.0
ITEM_001267,ORD_00921,PRD_H05,1,14999.0,0.0,14999.0,9500.0,5499.0
ITEM_001268,ORD_00921,PRD_H03,1,9999.0,5.0,9499.05,5500.0,3999.05
ITEM_001269,ORD_00922,PRD_F01,1,12999.0,5.0,12349.05,7500.0,4849.05
ITEM_001270,ORD_00922,PRD_E06,1,64999.0,15.0,55249.15,45000.0,10249.15
ITEM_001271,ORD_00923,PRD_E01,1,94900.0,20.0,75920.0,72000.0,3920.0
ITEM_001272,ORD_00924,PRD_F03,1,26999.0,10.0,24299.1,18000.0,6299.1
ITEM_001273,ORD_00925,PRD_C10,1,3490.0,0.0,3490.0,1100.0,2390.0
ITEM_001274,ORD_00926,PRD_C08,1,4999.0,10.0,4499.1,2200.0,2299.1
ITEM_001275,ORD_00927,PRD_C07,1,8995.0,0.0,8995.0,4200.0,4795.0
ITEM_001276,ORD_00927,PRD_F06,1,52000.0,0.0,52000.0,34000.0,18000.0
ITEM_001277,ORD_00928,PRD_E07,1,28990.0,0.0,28990.0,20000.0,8990.0
ITEM_001278,ORD_00928,PRD_F01,1,12999.0,0.0,12999.0,7500.0,5499.0
ITEM_001279,ORD_00929,PRD_C09,4,3299.0,0.0,13196.0,4800.0,8396.0
ITEM_001280,ORD_00930,PRD_C05,1,4999.0,0.0,4999.0,1800.0,3199.0
ITEM_001281,ORD_00931,PRD_E09,2,1499.0,5.0,2848.1,1600.0,1248.1
ITEM_001282,ORD_00932,PRD_E13,1,4999.0,5.0,4749.05,3200.0,1549.05
ITEM_001283,ORD_00933,PRD_C09,1,3299.0,5.0,3134.05,1200.0,1934.05
ITEM_001284,ORD_00934,PRD_C09,1,3299.0,10.0,2969.1,1200.0,1769.1
ITEM_001285,ORD_00935,PRD_F10,1,7999.0,5.0,7599.05,4500.0,3099.05
ITEM_001286,ORD_00935,PRD_E01,1,94900.0,0.0,94900.0,72000.0,22900.0
ITEM_001287,ORD_00936,PRD_C05,1,4999.0,15.0,4249.15,1800.0,2449.15
ITEM_001288,ORD_00936,PRD_E14,1,8499.0,20.0,6799.2,6000.0,799.2
ITEM_001289,ORD_00937,PRD_C02,4,2499.0,10.0,8996.4,3800.0,5196.4
ITEM_001290,ORD_00938,PRD_C03,1,2199.0,0.0,2199.0,800.0,1399.0
ITEM_001291,ORD_00939,PRD_C06,2,2999.0,10.0,5398.2,2200.0,3198.2
ITEM_001292,ORD_00940,PRD_E08,1,22900.0,5.0,21755.0,16000.0,5755.0
ITEM_001293,ORD_00941,PRD_H05,1,14999.0,10.0,13499.1,9500.0,3999.1
ITEM_001294,ORD_00942,PRD_E09,2,1499.0,5.0,2848.1,1600.0,1248.1
ITEM_001295,ORD_00942,PRD_E14,1,8499.0,5.0,8074.05,6000.0,2074.05
ITEM_001296,ORD_00943,PRD_E03,1,62000.0,10.0,55800.0,48000.0,7800.0
ITEM_001297,ORD_00943,PRD_H02,2,3890.0,10.0,7002.0,4200.0,2802.0
ITEM_001298,ORD_00944,PRD_C02,1,2499.0,20.0,1999.2,950.0,1049.2
ITEM_001299,ORD_00945,PRD_E14,1,8499.0,10.0,7649.1,6000.0,1649.1
ITEM_001300,ORD_00945,PRD_E12,1,6495.0,0.0,6495.0,4500.0,1995.0
ITEM_001301,ORD_00945,PRD_H04,1,29900.0,0.0,29900.0,19000.0,10900.0
ITEM_001302,ORD_00946,PRD_E01,1,94900.0,0.0,94900.0,72000.0,22900.0
ITEM_001303,ORD_00947,PRD_H02,1,3890.0,0.0,3890.0,2100.0,1790.0
ITEM_001304,ORD_00947,PRD_E04,1,124900.0,0.0,124900.0,95000.0,29900.0
ITEM_001305,ORD_00947,PRD_E07,1,28990.0,0.0,28990.0,20000.0,8990.0
ITEM_001306,ORD_00948,PRD_F02,1,18500.0,20.0,14800.0,11000.0,3800.0
ITEM_001307,ORD_00949,PRD_E08,1,22900.0,5.0,21755.0,16000.0,5755.0
ITEM_001308,ORD_00950,PRD_H04,1,29900.0,0.0,29900.0,19000.0,10900.0
ITEM_001309,ORD_00951,PRD_C02,1,2499.0,5.0,2374.05,950.0,1424.05
ITEM_001310,ORD_00951,PRD_C07,2,8995.0,0.0,17990.0,8400.0,9590.0
ITEM_001311,ORD_00952,PRD_F02,1,18500.0,5.0,17575.0,11000.0,6575.0
ITEM_001312,ORD_00953,PRD_E05,1,79999.0,5.0,75999.05,60000.0,15999.05
ITEM_001313,ORD_00954,PRD_E06,1,64999.0,5.0,61749.05,45000.0,16749.05
ITEM_001314,ORD_00955,PRD_E10,1,28500.0,0.0,28500.0,21000.0,7500.0
ITEM_001315,ORD_00955,PRD_C09,1,3299.0,5.0,3134.05,1200.0,1934.05
ITEM_001316,ORD_00956,PRD_C06,1,2999.0,10.0,2699.1,1100.0,1599.1
ITEM_001317,ORD_00957,PRD_H04,1,29900.0,10.0,26910.0,19000.0,7910.0
ITEM_001318,ORD_00957,PRD_E11,1,8995.0,0.0,8995.0,6200.0,2795.0
ITEM_001319,ORD_00958,PRD_E05,1,79999.0,0.0,79999.0,60000.0,19999.0
ITEM_001320,ORD_00959,PRD_E12,2,6495.0,10.0,11691.0,9000.0,2691.0
ITEM_001321,ORD_00959,PRD_E03,1,62000.0,5.0,58900.0,48000.0,10900.0
ITEM_001322,ORD_00960,PRD_E09,1,1499.0,0.0,1499.0,800.0,699.0
ITEM_001323,ORD_00961,PRD_C10,2,3490.0,5.0,6631.0,2200.0,4431.0
ITEM_001324,ORD_00962,PRD_C08,4,4999.0,10.0,17996.4,8800.0,9196.4
ITEM_001325,ORD_00963,PRD_F06,1,52000.0,5.0,49400.0,34000.0,15400.0
ITEM_001326,ORD_00964,PRD_E08,1,22900.0,5.0,21755.0,16000.0,5755.0
ITEM_001327,ORD_00965,PRD_H02,1,3890.0,10.0,3501.0,2100.0,1401.0
ITEM_001328,ORD_00966,PRD_F05,1,34999.0,0.0,34999.0,22000.0,12999.0
ITEM_001329,ORD_00967,PRD_E04,1,124900.0,0.0,124900.0,95000.0,29900.0
ITEM_001330,ORD_00968,PRD_E12,1,6495.0,5.0,6170.25,4500.0,1670.25
ITEM_001331,ORD_00969,PRD_F01,1,12999.0,0.0,12999.0,7500.0,5499.0
ITEM_001332,ORD_00970,PRD_E10,1,28500.0,10.0,25650.0,21000.0,4650.0
ITEM_001333,ORD_00971,PRD_E14,2,8499.0,0.0,16998.0,12000.0,4998.0
ITEM_001334,ORD_00972,PRD_C01,2,5999.0,15.0,10198.3,5200.0,4998.3
ITEM_001335,ORD_00972,PRD_F01,1,12999.0,0.0,12999.0,7500.0,5499.0
ITEM_001336,ORD_00973,PRD_F06,1,52000.0,0.0,52000.0,34000.0,18000.0
ITEM_001337,ORD_00974,PRD_E10,1,28500.0,0.0,28500.0,21000.0,7500.0
ITEM_001338,ORD_00974,PRD_E12,1,6495.0,10.0,5845.5,4500.0,1345.5
ITEM_001339,ORD_00974,PRD_F06,2,52000.0,0.0,104000.0,68000.0,36000.0
ITEM_001340,ORD_00975,PRD_E01,1,94900.0,20.0,75920.0,72000.0,3920.0
ITEM_001341,ORD_00975,PRD_E14,1,8499.0,5.0,8074.05,6000.0,2074.05
ITEM_001342,ORD_00976,PRD_H01,1,8495.0,5.0,8070.25,4800.0,3270.25
ITEM_001343,ORD_00977,PRD_E06,1,64999.0,5.0,61749.05,45000.0,16749.05
ITEM_001344,ORD_00978,PRD_F07,1,24999.0,0.0,24999.0,15000.0,9999.0
ITEM_001345,ORD_00979,PRD_H03,1,9999.0,5.0,9499.05,5500.0,3999.05
ITEM_001346,ORD_00979,PRD_C04,1,3899.0,15.0,3314.15,1400.0,1914.15
ITEM_001347,ORD_00980,PRD_F03,1,26999.0,10.0,24299.1,18000.0,6299.1
ITEM_001348,ORD_00981,PRD_F06,1,52000.0,15.0,44200.0,34000.0,10200.0
ITEM_001349,ORD_00982,PRD_H04,1,29900.0,0.0,29900.0,19000.0,10900.0
ITEM_001350,ORD_00983,PRD_F02,1,18500.0,20.0,14800.0,11000.0,3800.0
ITEM_001351,ORD_00984,PRD_F08,1,25500.0,0.0,25500.0,16000.0,9500.0
ITEM_001352,ORD_00985,PRD_F05,1,34999.0,0.0,34999.0,22000.0,12999.0
ITEM_001353,ORD_00985,PRD_E01,1,94900.0,0.0,94900.0,72000.0,22900.0
ITEM_001354,ORD_00986,PRD_E08,1,22900.0,0.0,22900.0,16000.0,6900.0
ITEM_001355,ORD_00987,PRD_F06,1,52000.0,15.0,44200.0,34000.0,10200.0
ITEM_001356,ORD_00988,PRD_C07,2,8995.0,0.0,17990.0,8400.0,9590.0
ITEM_001357,ORD_00989,PRD_E10,1,28500.0,5.0,27075.0,21000.0,6075.0
ITEM_001358,ORD_00990,PRD_E13,2,4999.0,0.0,9998.0,6400.0,3598.0
ITEM_001359,ORD_00990,PRD_C01,1,5999.0,20.0,4799.2,2600.0,2199.2
ITEM_001360,ORD_00990,PRD_F05,1,34999.0,15.0,29749.15,22000.0,7749.15
ITEM_001361,ORD_00991,PRD_C06,2,2999.0,0.0,5998.0,2200.0,3798.0
ITEM_001362,ORD_00992,PRD_C01,1,5999.0,5.0,5699.05,2600.0,3099.05
ITEM_001363,ORD_00993,PRD_C07,2,8995.0,10.0,16191.0,8400.0,7791.0
ITEM_001364,ORD_00994,PRD_E07,1,28990.0,0.0,28990.0,20000.0,8990.0
ITEM_001365,ORD_00995,PRD_C01,4,5999.0,0.0,23996.0,10400.0,13596.0
ITEM_001366,ORD_00996,PRD_F07,1,24999.0,10.0,22499.1,15000.0,7499.1
ITEM_001367,ORD_00997,PRD_C08,1,4999.0,20.0,3999.2,2200.0,1799.2
ITEM_001368,ORD_00998,PRD_E12,2,6495.0,0.0,12990.0,9000.0,3990.0
ITEM_001369,ORD_00998,PRD_F10,1,7999.0,5.0,7599.05,4500.0,3099.05
ITEM_001370,ORD_00999,PRD_F07,1,24999.0,0.0,24999.0,15000.0,9999.0
ITEM_001371,ORD_00999,PRD_E08,1,22900.0,0.0,22900.0,16000.0,6900.0
ITEM_001372,ORD_01000,PRD_C04,1,3899.0,0.0,3899.0,1400.0,2499.0
ITEM_001373,ORD_01000,PRD_H01,1,8495.0,5.0,8070.25,4800.0,3270.25
ITEM_001374,ORD_01001,PRD_E03,1,62000.0,5.0,58900.0,48000.0,10900.0
ITEM_001375,ORD_01002,PRD_E13,1,4999.0,0.0,4999.0,3200.0,1799.0
ITEM_001376,ORD_01003,PRD_C02,1,2499.0,0.0,2499.0,950.0,1549.0
ITEM_001377,ORD_01004,PRD_E01,1,94900.0,5.0,90155.0,72000.0,18155.0
ITEM_001378,ORD_01005,PRD_F07,1,24999.0,0.0,24999.0,15000.0,9999.0
ITEM_001379,ORD_01006,PRD_F02,1,18500.0,15.0,15725.0,11000.0,4725.0
ITEM_001380,ORD_01007,PRD_C03,1,2199.0,0.0,2199.0,800.0,1399.0
ITEM_001381,ORD_01008,PRD_E07,1,28990.0,0.0,28990.0,20000.0,8990.0
ITEM_001382,ORD_01008,PRD_E12,1,6495.0,5.0,6170.25,4500.0,1670.25
ITEM_001383,ORD_01009,PRD_E04,1,124900.0,0.0,124900.0,95000.0,29900.0
ITEM_001384,ORD_01010,PRD_F01,1,12999.0,5.0,12349.05,7500.0,4849.05
ITEM_001385,ORD_01011,PRD_E10,1,28500.0,15.0,24225.0,21000.0,3225.0
ITEM_001386,ORD_01012,PRD_F05,1,34999.0,5.0,33249.05,22000.0,11249.05
ITEM_001387,ORD_01012,PRD_C01,3,5999.0,0.0,17997.0,7800.0,10197.0
ITEM_001388,ORD_01013,PRD_C09,1,3299.0,15.0,2804.15,1200.0,1604.15
ITEM_001389,ORD_01014,PRD_H05,1,14999.0,0.0,14999.0,9500.0,5499.0
ITEM_001390,ORD_01015,PRD_F04,1,14500.0,5.0,13775.0,9000.0,4775.0
ITEM_001391,ORD_01016,PRD_F02,1,18500.0,10.0,16650.0,11000.0,5650.0
ITEM_001392,ORD_01017,PRD_C07,1,8995.0,10.0,8095.5,4200.0,3895.5
ITEM_001393,ORD_01018,PRD_E05,1,79999.0,0.0,79999.0,60000.0,19999.0
ITEM_001394,ORD_01019,PRD_H03,1,9999.0,10.0,8999.1,5500.0,3499.1
ITEM_001395,ORD_01020,PRD_H01,2,8495.0,0.0,16990.0,9600.0,7390.0
ITEM_001396,ORD_01021,PRD_E13,1,4999.0,5.0,4749.05,3200.0,1549.05
ITEM_001397,ORD_01021,PRD_E11,1,8995.0,5.0,8545.25,6200.0,2345.25
ITEM_001398,ORD_01021,PRD_F05,1,34999.0,15.0,29749.15,22000.0,7749.15
ITEM_001399,ORD_01022,PRD_F04,2,14500.0,0.0,29000.0,18000.0,11000.0
ITEM_001400,ORD_01023,PRD_C09,2,3299.0,0.0,6598.0,2400.0,4198.0
ITEM_001401,ORD_01024,PRD_E07,1,28990.0,0.0,28990.0,20000.0,8990.0
ITEM_001402,ORD_01025,PRD_H05,2,14999.0,5.0,28498.1,19000.0,9498.1
ITEM_001403,ORD_01026,PRD_E05,1,79999.0,0.0,79999.0,60000.0,19999.0
ITEM_001404,ORD_01027,PRD_E14,1,8499.0,5.0,8074.05,6000.0,2074.05
ITEM_001405,ORD_01027,PRD_C07,1,8995.0,0.0,8995.0,4200.0,4795.0
ITEM_001406,ORD_01027,PRD_H04,1,29900.0,0.0,29900.0,19000.0,10900.0
ITEM_001407,ORD_01028,PRD_F08,1,25500.0,0.0,25500.0,16000.0,9500.0
ITEM_001408,ORD_01029,PRD_C03,1,2199.0,0.0,2199.0,800.0,1399.0
ITEM_001409,ORD_01030,PRD_E05,1,79999.0,5.0,75999.05,60000.0,15999.05
ITEM_001410,ORD_01031,PRD_F03,2,26999.0,5.0,51298.1,36000.0,15298.1
ITEM_001411,ORD_01032,PRD_H03,1,9999.0,0.0,9999.0,5500.0,4499.0
ITEM_001412,ORD_01033,PRD_E13,1,4999.0,5.0,4749.05,3200.0,1549.05
ITEM_001413,ORD_01034,PRD_E13,1,4999.0,0.0,4999.0,3200.0,1799.0
ITEM_001414,ORD_01034,PRD_E09,1,1499.0,0.0,1499.0,800.0,699.0
ITEM_001415,ORD_01035,PRD_F10,1,7999.0,15.0,6799.15,4500.0,2299.15
ITEM_001416,ORD_01036,PRD_C07,2,8995.0,0.0,17990.0,8400.0,9590.0
ITEM_001417,ORD_01037,PRD_F02,1,18500.0,5.0,17575.0,11000.0,6575.0
ITEM_001418,ORD_01038,PRD_E04,1,124900.0,20.0,99920.0,95000.0,4920.0
ITEM_001419,ORD_01038,PRD_F05,1,34999.0,5.0,33249.05,22000.0,11249.05
ITEM_001420,ORD_01039,PRD_E06,1,64999.0,10.0,58499.1,45000.0,13499.1
ITEM_001421,ORD_01040,PRD_F07,2,24999.0,5.0,47498.1,30000.0,17498.1
ITEM_001422,ORD_01041,PRD_F01,1,12999.0,10.0,11699.1,7500.0,4199.1
ITEM_001423,ORD_01042,PRD_C01,2,5999.0,0.0,11998.0,5200.0,6798.0
ITEM_001424,ORD_01043,PRD_H04,1,29900.0,10.0,26910.0,19000.0,7910.0
ITEM_001425,ORD_01043,PRD_H01,1,8495.0,5.0,8070.25,4800.0,3270.25
ITEM_001426,ORD_01044,PRD_F07,1,24999.0,10.0,22499.1,15000.0,7499.1
ITEM_001427,ORD_01045,PRD_F06,1,52000.0,0.0,52000.0,34000.0,18000.0
ITEM_001428,ORD_01046,PRD_E08,1,22900.0,0.0,22900.0,16000.0,6900.0
ITEM_001429,ORD_01047,PRD_E02,1,85000.0,10.0,76500.0,65000.0,11500.0
ITEM_001430,ORD_01047,PRD_C10,1,3490.0,0.0,3490.0,1100.0,2390.0
ITEM_001431,ORD_01047,PRD_H03,1,9999.0,0.0,9999.0,5500.0,4499.0
ITEM_001432,ORD_01048,PRD_F04,2,14500.0,10.0,26100.0,18000.0,8100.0
ITEM_001433,ORD_01048,PRD_C03,1,2199.0,0.0,2199.0,800.0,1399.0
ITEM_001434,ORD_01049,PRD_C06,2,2999.0,0.0,5998.0,2200.0,3798.0
ITEM_001435,ORD_01050,PRD_E11,2,8995.0,0.0,17990.0,12400.0,5590.0
ITEM_001436,ORD_01050,PRD_E10,1,28500.0,10.0,25650.0,21000.0,4650.0
ITEM_001437,ORD_01051,PRD_H03,2,9999.0,0.0,19998.0,11000.0,8998.0
ITEM_001438,ORD_01051,PRD_C03,2,2199.0,5.0,4178.1,1600.0,2578.1
ITEM_001439,ORD_01052,PRD_H05,2,14999.0,5.0,28498.1,19000.0,9498.1
ITEM_001440,ORD_01053,PRD_C01,1,5999.0,5.0,5699.05,2600.0,3099.05
ITEM_001441,ORD_01053,PRD_C07,2,8995.0,0.0,17990.0,8400.0,9590.0
ITEM_001442,ORD_01054,PRD_C01,1,5999.0,5.0,5699.05,2600.0,3099.05
ITEM_001443,ORD_01055,PRD_E13,1,4999.0,10.0,4499.1,3200.0,1299.1
ITEM_001444,ORD_01055,PRD_F01,1,12999.0,10.0,11699.1,7500.0,4199.1
ITEM_001445,ORD_01056,PRD_F06,1,52000.0,15.0,44200.0,34000.0,10200.0
ITEM_001446,ORD_01056,PRD_C03,2,2199.0,0.0,4398.0,1600.0,2798.0
ITEM_001447,ORD_01057,PRD_F03,2,26999.0,0.0,53998.0,36000.0,17998.0
ITEM_001448,ORD_01058,PRD_E14,1,8499.0,15.0,7224.15,6000.0,1224.15
ITEM_001449,ORD_01059,PRD_E05,1,79999.0,0.0,79999.0,60000.0,19999.0
ITEM_001450,ORD_01059,PRD_C05,2,4999.0,5.0,9498.1,3600.0,5898.1
ITEM_001451,ORD_01060,PRD_E11,1,8995.0,10.0,8095.5,6200.0,1895.5
ITEM_001452,ORD_01061,PRD_H04,1,29900.0,10.0,26910.0,19000.0,7910.0
ITEM_001453,ORD_01062,PRD_F04,1,14500.0,5.0,13775.0,9000.0,4775.0
ITEM_001454,ORD_01063,PRD_F04,1,14500.0,5.0,13775.0,9000.0,4775.0
ITEM_001455,ORD_01063,PRD_C02,1,2499.0,10.0,2249.1,950.0,1299.1
ITEM_001456,ORD_01064,PRD_E02,1,85000.0,0.0,85000.0,65000.0,20000.0
ITEM_001457,ORD_01065,PRD_F03,1,26999.0,10.0,24299.1,18000.0,6299.1
ITEM_001458,ORD_01066,PRD_E03,1,62000.0,0.0,62000.0,48000.0,14000.0
ITEM_001459,ORD_01067,PRD_E05,1,79999.0,0.0,79999.0,60000.0,19999.0
ITEM_001460,ORD_01068,PRD_F04,1,14500.0,5.0,13775.0,9000.0,4775.0
ITEM_001461,ORD_01069,PRD_C05,2,4999.0,5.0,9498.1,3600.0,5898.1
ITEM_001462,ORD_01070,PRD_E07,1,28990.0,20.0,23192.0,20000.0,3192.0
ITEM_001463,ORD_01071,PRD_F04,1,14500.0,0.0,14500.0,9000.0,5500.0
ITEM_001464,ORD_01072,PRD_F01,1,12999.0,5.0,12349.05,7500.0,4849.05
ITEM_001465,ORD_01073,PRD_F02,1,18500.0,0.0,18500.0,11000.0,7500.0
ITEM_001466,ORD_01073,PRD_C02,1,2499.0,15.0,2124.15,950.0,1174.15
ITEM_001467,ORD_01073,PRD_C05,1,4999.0,0.0,4999.0,1800.0,3199.0
ITEM_001468,ORD_01074,PRD_F07,1,24999.0,0.0,24999.0,15000.0,9999.0
ITEM_001469,ORD_01074,PRD_C03,1,2199.0,15.0,1869.15,800.0,1069.15
ITEM_001470,ORD_01075,PRD_C05,4,4999.0,20.0,15996.8,7200.0,8796.8
ITEM_001471,ORD_01076,PRD_F02,1,18500.0,15.0,15725.0,11000.0,4725.0
ITEM_001472,ORD_01077,PRD_C05,2,4999.0,0.0,9998.0,3600.0,6398.0
ITEM_001473,ORD_01077,PRD_F07,1,24999.0,5.0,23749.05,15000.0,8749.05
ITEM_001474,ORD_01077,PRD_C01,4,5999.0,10.0,21596.4,10400.0,11196.4
ITEM_001475,ORD_01078,PRD_E12,1,6495.0,5.0,6170.25,4500.0,1670.25
ITEM_001476,ORD_01079,PRD_E05,1,79999.0,10.0,71999.1,60000.0,11999.1
ITEM_001477,ORD_01080,PRD_E07,1,28990.0,0.0,28990.0,20000.0,8990.0
ITEM_001478,ORD_01080,PRD_C09,1,3299.0,10.0,2969.1,1200.0,1769.1
ITEM_001479,ORD_01081,PRD_F01,1,12999.0,15.0,11049.15,7500.0,3549.15
ITEM_001480,ORD_01082,PRD_C03,1,2199.0,0.0,2199.0,800.0,1399.0
ITEM_001481,ORD_01082,PRD_H01,1,8495.0,0.0,8495.0,4800.0,3695.0
ITEM_001482,ORD_01083,PRD_F01,1,12999.0,20.0,10399.2,7500.0,2899.2
ITEM_001483,ORD_01084,PRD_C09,2,3299.0,5.0,6268.1,2400.0,3868.1
ITEM_001484,ORD_01084,PRD_E04,1,124900.0,5.0,118655.0,95000.0,23655.0
ITEM_001485,ORD_01085,PRD_C06,4,2999.0,0.0,11996.0,4400.0,7596.0
ITEM_001486,ORD_01086,PRD_C09,1,3299.0,5.0,3134.05,1200.0,1934.05
ITEM_001487,ORD_01087,PRD_F01,1,12999.0,10.0,11699.1,7500.0,4199.1
ITEM_001488,ORD_01088,PRD_F10,1,7999.0,20.0,6399.2,4500.0,1899.2
ITEM_001489,ORD_01089,PRD_C03,2,2199.0,0.0,4398.0,1600.0,2798.0
ITEM_001490,ORD_01089,PRD_F04,1,14500.0,0.0,14500.0,9000.0,5500.0
ITEM_001491,ORD_01089,PRD_E08,1,22900.0,15.0,19465.0,16000.0,3465.0
ITEM_001492,ORD_01090,PRD_H05,1,14999.0,20.0,11999.2,9500.0,2499.2
ITEM_001493,ORD_01091,PRD_E01,1,94900.0,0.0,94900.0,72000.0,22900.0
ITEM_001494,ORD_01092,PRD_F07,2,24999.0,0.0,49998.0,30000.0,19998.0
ITEM_001495,ORD_01093,PRD_E02,1,85000.0,5.0,80750.0,65000.0,15750.0
ITEM_001496,ORD_01094,PRD_C08,1,4999.0,5.0,4749.05,2200.0,2549.05
ITEM_001497,ORD_01095,PRD_C09,1,3299.0,5.0,3134.05,1200.0,1934.05
ITEM_001498,ORD_01096,PRD_E08,1,22900.0,0.0,22900.0,16000.0,6900.0
ITEM_001499,ORD_01097,PRD_E04,1,124900.0,5.0,118655.0,95000.0,23655.0
ITEM_001500,ORD_01098,PRD_E13,1,4999.0,15.0,4249.15,3200.0,1049.15
ITEM_001501,ORD_01099,PRD_C06,1,2999.0,15.0,2549.15,1100.0,1449.15
ITEM_001502,ORD_01100,PRD_C04,1,3899.0,5.0,3704.05,1400.0,2304.05
ITEM_001503,ORD_01101,PRD_E03,1,62000.0,0.0,62000.0,48000.0,14000.0
ITEM_001504,ORD_01102,PRD_C07,2,8995.0,0.0,17990.0,8400.0,9590.0
ITEM_001505,ORD_01103,PRD_C01,2,5999.0,0.0,11998.0,5200.0,6798.0
ITEM_001506,ORD_01104,PRD_F01,1,12999.0,0.0,12999.0,7500.0,5499.0
ITEM_001507,ORD_01105,PRD_C03,1,2199.0,15.0,1869.15,800.0,1069.15
ITEM_001508,ORD_01105,PRD_H02,2,3890.0,5.0,7391.0,4200.0,3191.0
ITEM_001509,ORD_01106,PRD_E01,1,94900.0,0.0,94900.0,72000.0,22900.0
ITEM_001510,ORD_01106,PRD_H03,1,9999.0,0.0,9999.0,5500.0,4499.0
ITEM_001511,ORD_01106,PRD_F08,1,25500.0,15.0,21675.0,16000.0,5675.0
ITEM_001512,ORD_01107,PRD_C02,1,2499.0,0.0,2499.0,950.0,1549.0
ITEM_001513,ORD_01108,PRD_E05,1,79999.0,20.0,63999.2,60000.0,3999.2
ITEM_001514,ORD_01109,PRD_F03,1,26999.0,0.0,26999.0,18000.0,8999.0
ITEM_001515,ORD_01110,PRD_F07,1,24999.0,0.0,24999.0,15000.0,9999.0
ITEM_001516,ORD_01111,PRD_E12,1,6495.0,5.0,6170.25,4500.0,1670.25
ITEM_001517,ORD_01112,PRD_H01,1,8495.0,15.0,7220.75,4800.0,2420.75
ITEM_001518,ORD_01113,PRD_F08,1,25500.0,0.0,25500.0,16000.0,9500.0
ITEM_001519,ORD_01114,PRD_E13,1,4999.0,0.0,4999.0,3200.0,1799.0
ITEM_001520,ORD_01115,PRD_E10,1,28500.0,0.0,28500.0,21000.0,7500.0
ITEM_001521,ORD_01116,PRD_C07,4,8995.0,0.0,35980.0,16800.0,19180.0
ITEM_001522,ORD_01117,PRD_F08,1,25500.0,5.0,24225.0,16000.0,8225.0
ITEM_001523,ORD_01118,PRD_E08,1,22900.0,5.0,21755.0,16000.0,5755.0
ITEM_001524,ORD_01119,PRD_F09,1,38000.0,5.0,36100.0,24000.0,12100.0
ITEM_001525,ORD_01120,PRD_F08,2,25500.0,0.0,51000.0,32000.0,19000.0
ITEM_001526,ORD_01121,PRD_F05,2,34999.0,0.0,69998.0,44000.0,25998.0
ITEM_001527,ORD_01121,PRD_E03,1,62000.0,0.0,62000.0,48000.0,14000.0
ITEM_001528,ORD_01122,PRD_C10,1,3490.0,0.0,3490.0,1100.0,2390.0
ITEM_001529,ORD_01123,PRD_E06,1,64999.0,0.0,64999.0,45000.0,19999.0
ITEM_001530,ORD_01124,PRD_E10,1,28500.0,0.0,28500.0,21000.0,7500.0
ITEM_001531,ORD_01125,PRD_E05,1,79999.0,20.0,63999.2,60000.0,3999.2
ITEM_001532,ORD_01126,PRD_F01,2,12999.0,0.0,25998.0,15000.0,10998.0
ITEM_001533,ORD_01127,PRD_E05,1,79999.0,10.0,71999.1,60000.0,11999.1
ITEM_001534,ORD_01128,PRD_E03,1,62000.0,5.0,58900.0,48000.0,10900.0
ITEM_001535,ORD_01129,PRD_E08,1,22900.0,0.0,22900.0,16000.0,6900.0
ITEM_001536,ORD_01130,PRD_F08,1,25500.0,5.0,24225.0,16000.0,8225.0
ITEM_001537,ORD_01131,PRD_H04,2,29900.0,0.0,59800.0,38000.0,21800.0
ITEM_001538,ORD_01132,PRD_E11,1,8995.0,10.0,8095.5,6200.0,1895.5
ITEM_001539,ORD_01133,PRD_F04,2,14500.0,15.0,24650.0,18000.0,6650.0
ITEM_001540,ORD_01134,PRD_E06,1,64999.0,0.0,64999.0,45000.0,19999.0
ITEM_001541,ORD_01135,PRD_E01,1,94900.0,0.0,94900.0,72000.0,22900.0
ITEM_001542,ORD_01136,PRD_H01,1,8495.0,0.0,8495.0,4800.0,3695.0
ITEM_001543,ORD_01137,PRD_F05,2,34999.0,5.0,66498.1,44000.0,22498.1
ITEM_001544,ORD_01138,PRD_C06,4,2999.0,0.0,11996.0,4400.0,7596.0
ITEM_001545,ORD_01139,PRD_F10,1,7999.0,5.0,7599.05,4500.0,3099.05
ITEM_001546,ORD_01139,PRD_F01,1,12999.0,0.0,12999.0,7500.0,5499.0
ITEM_001547,ORD_01140,PRD_C07,1,8995.0,0.0,8995.0,4200.0,4795.0
ITEM_001548,ORD_01141,PRD_F03,2,26999.0,5.0,51298.1,36000.0,15298.1
ITEM_001549,ORD_01142,PRD_C03,2,2199.0,0.0,4398.0,1600.0,2798.0
ITEM_001550,ORD_01142,PRD_E06,1,64999.0,0.0,64999.0,45000.0,19999.0
ITEM_001551,ORD_01143,PRD_F08,1,25500.0,20.0,20400.0,16000.0,4400.0
ITEM_001552,ORD_01144,PRD_H01,1,8495.0,10.0,7645.5,4800.0,2845.5
ITEM_001553,ORD_01145,PRD_C01,1,5999.0,5.0,5699.05,2600.0,3099.05
ITEM_001554,ORD_01146,PRD_C01,1,5999.0,15.0,5099.15,2600.0,2499.15
ITEM_001555,ORD_01146,PRD_C10,2,3490.0,0.0,6980.0,2200.0,4780.0
ITEM_001556,ORD_01146,PRD_E07,1,28990.0,5.0,27540.5,20000.0,7540.5
ITEM_001557,ORD_01147,PRD_E08,1,22900.0,5.0,21755.0,16000.0,5755.0
ITEM_001558,ORD_01147,PRD_E02,1,85000.0,5.0,80750.0,65000.0,15750.0
ITEM_001559,ORD_01148,PRD_E07,1,28990.0,5.0,27540.5,20000.0,7540.5
ITEM_001560,ORD_01149,PRD_C03,2,2199.0,0.0,4398.0,1600.0,2798.0
ITEM_001561,ORD_01150,PRD_C07,3,8995.0,10.0,24286.5,12600.0,11686.5
ITEM_001562,ORD_01151,PRD_F03,1,26999.0,5.0,25649.05,18000.0,7649.05
ITEM_001563,ORD_01151,PRD_E14,1,8499.0,10.0,7649.1,6000.0,1649.1
ITEM_001564,ORD_01151,PRD_C07,1,8995.0,20.0,7196.0,4200.0,2996.0
ITEM_001565,ORD_01152,PRD_E01,1,94900.0,0.0,94900.0,72000.0,22900.0
ITEM_001566,ORD_01153,PRD_F06,1,52000.0,10.0,46800.0,34000.0,12800.0
ITEM_001567,ORD_01154,PRD_F10,1,7999.0,5.0,7599.05,4500.0,3099.05
ITEM_001568,ORD_01154,PRD_C04,1,3899.0,0.0,3899.0,1400.0,2499.0
ITEM_001569,ORD_01154,PRD_E02,1,85000.0,0.0,85000.0,65000.0,20000.0
ITEM_001570,ORD_01155,PRD_C10,1,3490.0,20.0,2792.0,1100.0,1692.0
ITEM_001571,ORD_01156,PRD_F01,1,12999.0,5.0,12349.05,7500.0,4849.05
ITEM_001572,ORD_01157,PRD_E08,1,22900.0,15.0,19465.0,16000.0,3465.0
ITEM_001573,ORD_01158,PRD_E10,1,28500.0,0.0,28500.0,21000.0,7500.0
ITEM_001574,ORD_01158,PRD_C02,1,2499.0,10.0,2249.1,950.0,1299.1
ITEM_001575,ORD_01159,PRD_E01,1,94900.0,5.0,90155.0,72000.0,18155.0
ITEM_001576,ORD_01160,PRD_E13,1,4999.0,5.0,4749.05,3200.0,1549.05
ITEM_001577,ORD_01161,PRD_F06,1,52000.0,5.0,49400.0,34000.0,15400.0
ITEM_001578,ORD_01162,PRD_C04,2,3899.0,5.0,7408.1,2800.0,4608.1
ITEM_001579,ORD_01163,PRD_F05,1,34999.0,0.0,34999.0,22000.0,12999.0
ITEM_001580,ORD_01163,PRD_E03,1,62000.0,5.0,58900.0,48000.0,10900.0
ITEM_001581,ORD_01163,PRD_E11,2,8995.0,10.0,16191.0,12400.0,3791.0
ITEM_001582,ORD_01164,PRD_E07,1,28990.0,5.0,27540.5,20000.0,7540.5
ITEM_001583,ORD_01165,PRD_E09,1,1499.0,10.0,1349.1,800.0,549.1
ITEM_001584,ORD_01166,PRD_H01,1,8495.0,0.0,8495.0,4800.0,3695.0
ITEM_001585,ORD_01167,PRD_H03,1,9999.0,5.0,9499.05,5500.0,3999.05
ITEM_001586,ORD_01167,PRD_E14,1,8499.0,5.0,8074.05,6000.0,2074.05
ITEM_001587,ORD_01168,PRD_C01,1,5999.0,0.0,5999.0,2600.0,3399.0
ITEM_001588,ORD_01168,PRD_C07,2,8995.0,0.0,17990.0,8400.0,9590.0
ITEM_001589,ORD_01169,PRD_H02,2,3890.0,15.0,6613.0,4200.0,2413.0
ITEM_001590,ORD_01169,PRD_F06,1,52000.0,5.0,49400.0,34000.0,15400.0
ITEM_001591,ORD_01170,PRD_H04,1,29900.0,15.0,25415.0,19000.0,6415.0
ITEM_001592,ORD_01171,PRD_C03,4,2199.0,15.0,7476.6,3200.0,4276.6
ITEM_001593,ORD_01172,PRD_H03,1,9999.0,5.0,9499.05,5500.0,3999.05
ITEM_001594,ORD_01172,PRD_E12,1,6495.0,0.0,6495.0,4500.0,1995.0
ITEM_001595,ORD_01173,PRD_F10,1,7999.0,10.0,7199.1,4500.0,2699.1
ITEM_001596,ORD_01174,PRD_E10,1,28500.0,10.0,25650.0,21000.0,4650.0
ITEM_001597,ORD_01174,PRD_E06,1,64999.0,15.0,55249.15,45000.0,10249.15
ITEM_001598,ORD_01174,PRD_C07,2,8995.0,0.0,17990.0,8400.0,9590.0
ITEM_001599,ORD_01175,PRD_E01,1,94900.0,15.0,80665.0,72000.0,8665.0
ITEM_001600,ORD_01175,PRD_E09,1,1499.0,5.0,1424.05,800.0,624.05
ITEM_001601,ORD_01176,PRD_C06,1,2999.0,0.0,2999.0,1100.0,1899.0
ITEM_001602,ORD_01176,PRD_F01,1,12999.0,10.0,11699.1,7500.0,4199.1
ITEM_001603,ORD_01177,PRD_H02,1,3890.0,5.0,3695.5,2100.0,1595.5
ITEM_001604,ORD_01177,PRD_E13,1,4999.0,0.0,4999.0,3200.0,1799.0
ITEM_001605,ORD_01178,PRD_E05,1,79999.0,10.0,71999.1,60000.0,11999.1
ITEM_001606,ORD_01178,PRD_C05,1,4999.0,10.0,4499.1,1800.0,2699.1
ITEM_001607,ORD_01179,PRD_E07,1,28990.0,0.0,28990.0,20000.0,8990.0
ITEM_001608,ORD_01180,PRD_E05,1,79999.0,0.0,79999.0,60000.0,19999.0
ITEM_001609,ORD_01180,PRD_F06,1,52000.0,0.0,52000.0,34000.0,18000.0
ITEM_001610,ORD_01181,PRD_F04,1,14500.0,10.0,13050.0,9000.0,4050.0
ITEM_001611,ORD_01182,PRD_E11,1,8995.0,0.0,8995.0,6200.0,2795.0
ITEM_001612,ORD_01183,PRD_E05,1,79999.0,5.0,75999.05,60000.0,15999.05
ITEM_001613,ORD_01183,PRD_E13,2,4999.0,5.0,9498.1,6400.0,3098.1
ITEM_001614,ORD_01184,PRD_F07,2,24999.0,0.0,49998.0,30000.0,19998.0
ITEM_001615,ORD_01185,PRD_E01,1,94900.0,10.0,85410.0,72000.0,13410.0
ITEM_001616,ORD_01186,PRD_E05,1,79999.0,10.0,71999.1,60000.0,11999.1
ITEM_001617,ORD_01186,PRD_F06,1,52000.0,0.0,52000.0,34000.0,18000.0
ITEM_001618,ORD_01187,PRD_F03,2,26999.0,15.0,45898.3,36000.0,9898.3
ITEM_001619,ORD_01188,PRD_E06,1,64999.0,0.0,64999.0,45000.0,19999.0
ITEM_001620,ORD_01189,PRD_C04,1,3899.0,10.0,3509.1,1400.0,2109.1
ITEM_001621,ORD_01190,PRD_C06,1,2999.0,0.0,2999.0,1100.0,1899.0
ITEM_001622,ORD_01190,PRD_E04,1,124900.0,5.0,118655.0,95000.0,23655.0
ITEM_001623,ORD_01191,PRD_E02,1,85000.0,5.0,80750.0,65000.0,15750.0
ITEM_001624,ORD_01191,PRD_E14,1,8499.0,5.0,8074.05,6000.0,2074.05
ITEM_001625,ORD_01192,PRD_C04,2,3899.0,0.0,7798.0,2800.0,4998.0
ITEM_001626,ORD_01193,PRD_F05,1,34999.0,0.0,34999.0,22000.0,12999.0
ITEM_001627,ORD_01193,PRD_C01,1,5999.0,10.0,5399.1,2600.0,2799.1
ITEM_001628,ORD_01194,PRD_C05,1,4999.0,0.0,4999.0,1800.0,3199.0
ITEM_001629,ORD_01195,PRD_E09,1,1499.0,5.0,1424.05,800.0,624.05
ITEM_001630,ORD_01196,PRD_F07,1,24999.0,5.0,23749.05,15000.0,8749.05
ITEM_001631,ORD_01197,PRD_E11,1,8995.0,15.0,7645.75,6200.0,1445.75
ITEM_001632,ORD_01198,PRD_C07,1,8995.0,10.0,8095.5,4200.0,3895.5
ITEM_001633,ORD_01199,PRD_C02,1,2499.0,0.0,2499.0,950.0,1549.0
ITEM_001634,ORD_01199,PRD_F03,1,26999.0,0.0,26999.0,18000.0,8999.0
ITEM_001635,ORD_01199,PRD_F04,2,14500.0,0.0,29000.0,18000.0,11000.0
ITEM_001636,ORD_01200,PRD_F07,1,24999.0,5.0,23749.05,15000.0,8749.05
ITEM_001637,ORD_01200,PRD_E04,1,124900.0,0.0,124900.0,95000.0,29900.0
ITEM_001638,ORD_01200,PRD_F03,1,26999.0,5.0,25649.05,18000.0,7649.05
ITEM_001639,ORD_01201,PRD_C09,2,3299.0,10.0,5938.2,2400.0,3538.2
ITEM_001640,ORD_01201,PRD_C10,1,3490.0,0.0,3490.0,1100.0,2390.0
ITEM_001641,ORD_01202,PRD_F01,2,12999.0,0.0,25998.0,15000.0,10998.0
ITEM_001642,ORD_01203,PRD_E01,1,94900.0,0.0,94900.0,72000.0,22900.0
ITEM_001643,ORD_01203,PRD_E04,1,124900.0,0.0,124900.0,95000.0,29900.0
ITEM_001644,ORD_01203,PRD_E06,1,64999.0,15.0,55249.15,45000.0,10249.15
ITEM_001645,ORD_01204,PRD_E04,1,124900.0,5.0,118655.0,95000.0,23655.0
ITEM_001646,ORD_01205,PRD_F07,1,24999.0,0.0,24999.0,15000.0,9999.0
ITEM_001647,ORD_01205,PRD_C06,2,2999.0,0.0,5998.0,2200.0,3798.0
ITEM_001648,ORD_01206,PRD_H01,1,8495.0,0.0,8495.0,4800.0,3695.0
ITEM_001649,ORD_01207,PRD_C02,1,2499.0,0.0,2499.0,950.0,1549.0
ITEM_001650,ORD_01208,PRD_F03,1,26999.0,10.0,24299.1,18000.0,6299.1
ITEM_001651,ORD_01209,PRD_C04,2,3899.0,20.0,6238.4,2800.0,3438.4
ITEM_001652,ORD_01210,PRD_E05,1,79999.0,0.0,79999.0,60000.0,19999.0
ITEM_001653,ORD_01211,PRD_F09,1,38000.0,0.0,38000.0,24000.0,14000.0
ITEM_001654,ORD_01211,PRD_E10,1,28500.0,0.0,28500.0,21000.0,7500.0
ITEM_001655,ORD_01212,PRD_H02,2,3890.0,15.0,6613.0,4200.0,2413.0
ITEM_001656,ORD_01213,PRD_F04,1,14500.0,0.0,14500.0,9000.0,5500.0
ITEM_001657,ORD_01214,PRD_E06,1,64999.0,10.0,58499.1,45000.0,13499.1
ITEM_001658,ORD_01214,PRD_C03,2,2199.0,0.0,4398.0,1600.0,2798.0
ITEM_001659,ORD_01215,PRD_H01,2,8495.0,10.0,15291.0,9600.0,5691.0
ITEM_001660,ORD_01215,PRD_E11,1,8995.0,0.0,8995.0,6200.0,2795.0
ITEM_001661,ORD_01216,PRD_C07,2,8995.0,0.0,17990.0,8400.0,9590.0
ITEM_001662,ORD_01217,PRD_C06,2,2999.0,20.0,4798.4,2200.0,2598.4
ITEM_001663,ORD_01218,PRD_C08,2,4999.0,5.0,9498.1,4400.0,5098.1
ITEM_001664,ORD_01219,PRD_F01,1,12999.0,0.0,12999.0,7500.0,5499.0
ITEM_001665,ORD_01220,PRD_C01,1,5999.0,0.0,5999.0,2600.0,3399.0
ITEM_001666,ORD_01220,PRD_F07,2,24999.0,20.0,39998.4,30000.0,9998.4
ITEM_001667,ORD_01221,PRD_C04,1,3899.0,5.0,3704.05,1400.0,2304.05
ITEM_001668,ORD_01222,PRD_E01,1,94900.0,10.0,85410.0,72000.0,13410.0
ITEM_001669,ORD_01223,PRD_H01,1,8495.0,5.0,8070.25,4800.0,3270.25
ITEM_001670,ORD_01224,PRD_E14,1,8499.0,10.0,7649.1,6000.0,1649.1
ITEM_001671,ORD_01225,PRD_E13,1,4999.0,5.0,4749.05,3200.0,1549.05
ITEM_001672,ORD_01226,PRD_F09,1,38000.0,20.0,30400.0,24000.0,6400.0
ITEM_001673,ORD_01227,PRD_C01,1,5999.0,5.0,5699.05,2600.0,3099.05
ITEM_001674,ORD_01228,PRD_C06,2,2999.0,0.0,5998.0,2200.0,3798.0
ITEM_001675,ORD_01229,PRD_C10,1,3490.0,5.0,3315.5,1100.0,2215.5
ITEM_001676,ORD_01230,PRD_E01,1,94900.0,5.0,90155.0,72000.0,18155.0
ITEM_001677,ORD_01231,PRD_C05,1,4999.0,0.0,4999.0,1800.0,3199.0
ITEM_001678,ORD_01231,PRD_F01,1,12999.0,5.0,12349.05,7500.0,4849.05
ITEM_001679,ORD_01232,PRD_E04,1,124900.0,10.0,112410.0,95000.0,17410.0
ITEM_001680,ORD_01232,PRD_H05,2,14999.0,5.0,28498.1,19000.0,9498.1
ITEM_001681,ORD_01233,PRD_E03,1,62000.0,0.0,62000.0,48000.0,14000.0
ITEM_001682,ORD_01233,PRD_E10,1,28500.0,15.0,24225.0,21000.0,3225.0
ITEM_001683,ORD_01234,PRD_H01,1,8495.0,20.0,6796.0,4800.0,1996.0
ITEM_001684,ORD_01235,PRD_C10,1,3490.0,0.0,3490.0,1100.0,2390.0
ITEM_001685,ORD_01236,PRD_E09,1,1499.0,0.0,1499.0,800.0,699.0
ITEM_001686,ORD_01237,PRD_E04,1,124900.0,10.0,112410.0,95000.0,17410.0
ITEM_001687,ORD_01238,PRD_E03,1,62000.0,15.0,52700.0,48000.0,4700.0
ITEM_001688,ORD_01239,PRD_H02,1,3890.0,5.0,3695.5,2100.0,1595.5
ITEM_001689,ORD_01240,PRD_E05,1,79999.0,15.0,67999.15,60000.0,7999.15
ITEM_001690,ORD_01241,PRD_F09,1,38000.0,5.0,36100.0,24000.0,12100.0
ITEM_001691,ORD_01242,PRD_H01,1,8495.0,5.0,8070.25,4800.0,3270.25
ITEM_001692,ORD_01243,PRD_C03,2,2199.0,10.0,3958.2,1600.0,2358.2
ITEM_001693,ORD_01244,PRD_E08,1,22900.0,0.0,22900.0,16000.0,6900.0
ITEM_001694,ORD_01245,PRD_E01,1,94900.0,5.0,90155.0,72000.0,18155.0
ITEM_001695,ORD_01246,PRD_H02,1,3890.0,0.0,3890.0,2100.0,1790.0
ITEM_001696,ORD_01246,PRD_E06,1,64999.0,0.0,64999.0,45000.0,19999.0
ITEM_001697,ORD_01247,PRD_E04,1,124900.0,0.0,124900.0,95000.0,29900.0
ITEM_001698,ORD_01248,PRD_C05,2,4999.0,10.0,8998.2,3600.0,5398.2
ITEM_001699,ORD_01249,PRD_H02,1,3890.0,0.0,3890.0,2100.0,1790.0
ITEM_001700,ORD_01250,PRD_F10,1,7999.0,0.0,7999.0,4500.0,3499.0
ITEM_001701,ORD_01250,PRD_E02,1,85000.0,0.0,85000.0,65000.0,20000.0
ITEM_001702,ORD_01251,PRD_H04,1,29900.0,0.0,29900.0,19000.0,10900.0
ITEM_001703,ORD_01252,PRD_H03,1,9999.0,5.0,9499.05,5500.0,3999.05
ITEM_001704,ORD_01253,PRD_F07,1,24999.0,10.0,22499.1,15000.0,7499.1
ITEM_001705,ORD_01254,PRD_F03,1,26999.0,0.0,26999.0,18000.0,8999.0
ITEM_001706,ORD_01255,PRD_F03,1,26999.0,5.0,25649.05,18000.0,7649.05
ITEM_001707,ORD_01256,PRD_E06,1,64999.0,0.0,64999.0,45000.0,19999.0
ITEM_001708,ORD_01257,PRD_C02,1,2499.0,0.0,2499.0,950.0,1549.0
ITEM_001709,ORD_01258,PRD_F02,1,18500.0,20.0,14800.0,11000.0,3800.0
ITEM_001710,ORD_01259,PRD_C02,2,2499.0,15.0,4248.3,1900.0,2348.3
ITEM_001711,ORD_01260,PRD_F09,1,38000.0,0.0,38000.0,24000.0,14000.0
ITEM_001712,ORD_01261,PRD_H03,1,9999.0,5.0,9499.05,5500.0,3999.05
ITEM_001713,ORD_01262,PRD_F03,2,26999.0,0.0,53998.0,36000.0,17998.0
ITEM_001714,ORD_01262,PRD_E10,1,28500.0,0.0,28500.0,21000.0,7500.0
ITEM_001715,ORD_01263,PRD_E10,1,28500.0,5.0,27075.0,21000.0,6075.0
ITEM_001716,ORD_01263,PRD_E14,2,8499.0,0.0,16998.0,12000.0,4998.0
ITEM_001717,ORD_01264,PRD_C09,3,3299.0,0.0,9897.0,3600.0,6297.0
ITEM_001718,ORD_01264,PRD_E06,1,64999.0,0.0,64999.0,45000.0,19999.0
ITEM_001719,ORD_01265,PRD_E03,1,62000.0,5.0,58900.0,48000.0,10900.0
ITEM_001720,ORD_01266,PRD_H04,1,29900.0,0.0,29900.0,19000.0,10900.0
ITEM_001721,ORD_01267,PRD_E06,1,64999.0,0.0,64999.0,45000.0,19999.0
ITEM_001722,ORD_01267,PRD_F04,1,14500.0,0.0,14500.0,9000.0,5500.0
ITEM_001723,ORD_01268,PRD_E10,1,28500.0,10.0,25650.0,21000.0,4650.0
ITEM_001724,ORD_01269,PRD_E01,1,94900.0,10.0,85410.0,72000.0,13410.0
ITEM_001725,ORD_01269,PRD_C06,2,2999.0,5.0,5698.1,2200.0,3498.1
ITEM_001726,ORD_01270,PRD_H05,2,14999.0,0.0,29998.0,19000.0,10998.0
ITEM_001727,ORD_01270,PRD_C09,1,3299.0,15.0,2804.15,1200.0,1604.15
ITEM_001728,ORD_01271,PRD_C10,1,3490.0,0.0,3490.0,1100.0,2390.0
ITEM_001729,ORD_01271,PRD_E06,1,64999.0,5.0,61749.05,45000.0,16749.05
ITEM_001730,ORD_01272,PRD_E12,1,6495.0,0.0,6495.0,4500.0,1995.0
ITEM_001731,ORD_01273,PRD_E13,1,4999.0,20.0,3999.2,3200.0,799.2
ITEM_001732,ORD_01274,PRD_F04,1,14500.0,5.0,13775.0,9000.0,4775.0
ITEM_001733,ORD_01275,PRD_C08,2,4999.0,0.0,9998.0,4400.0,5598.0
ITEM_001734,ORD_01276,PRD_C05,3,4999.0,20.0,11997.6,5400.0,6597.6
ITEM_001735,ORD_01277,PRD_F03,1,26999.0,5.0,25649.05,18000.0,7649.05
ITEM_001736,ORD_01278,PRD_F01,1,12999.0,5.0,12349.05,7500.0,4849.05
ITEM_001737,ORD_01279,PRD_F07,1,24999.0,0.0,24999.0,15000.0,9999.0
ITEM_001738,ORD_01279,PRD_F04,2,14500.0,0.0,29000.0,18000.0,11000.0
ITEM_001739,ORD_01279,PRD_F02,1,18500.0,0.0,18500.0,11000.0,7500.0
ITEM_001740,ORD_01280,PRD_C05,4,4999.0,10.0,17996.4,7200.0,10796.4
ITEM_001741,ORD_01281,PRD_E02,1,85000.0,0.0,85000.0,65000.0,20000.0
ITEM_001742,ORD_01282,PRD_E09,1,1499.0,15.0,1274.15,800.0,474.15
ITEM_001743,ORD_01282,PRD_F01,1,12999.0,15.0,11049.15,7500.0,3549.15
ITEM_001744,ORD_01283,PRD_E03,1,62000.0,10.0,55800.0,48000.0,7800.0
ITEM_001745,ORD_01283,PRD_C04,1,3899.0,20.0,3119.2,1400.0,1719.2
ITEM_001746,ORD_01284,PRD_E03,1,62000.0,0.0,62000.0,48000.0,14000.0
ITEM_001747,ORD_01285,PRD_E08,1,22900.0,10.0,20610.0,16000.0,4610.0
ITEM_001748,ORD_01286,PRD_C06,2,2999.0,10.0,5398.2,2200.0,3198.2
ITEM_001749,ORD_01287,PRD_F03,1,26999.0,15.0,22949.15,18000.0,4949.15
ITEM_001750,ORD_01288,PRD_E07,1,28990.0,20.0,23192.0,20000.0,3192.0
ITEM_001751,ORD_01289,PRD_F07,1,24999.0,15.0,21249.15,15000.0,6249.15
ITEM_001752,ORD_01290,PRD_E14,1,8499.0,0.0,8499.0,6000.0,2499.0
ITEM_001753,ORD_01291,PRD_E04,1,124900.0,0.0,124900.0,95000.0,29900.0
ITEM_001754,ORD_01292,PRD_H01,1,8495.0,0.0,8495.0,4800.0,3695.0
ITEM_001755,ORD_01292,PRD_H02,1,3890.0,10.0,3501.0,2100.0,1401.0
ITEM_001756,ORD_01292,PRD_E04,1,124900.0,10.0,112410.0,95000.0,17410.0
ITEM_001757,ORD_01293,PRD_E10,1,28500.0,0.0,28500.0,21000.0,7500.0
ITEM_001758,ORD_01293,PRD_H03,1,9999.0,0.0,9999.0,5500.0,4499.0
ITEM_001759,ORD_01293,PRD_F01,2,12999.0,15.0,22098.3,15000.0,7098.3
ITEM_001760,ORD_01294,PRD_F09,1,38000.0,5.0,36100.0,24000.0,12100.0
ITEM_001761,ORD_01295,PRD_E10,1,28500.0,20.0,22800.0,21000.0,1800.0
ITEM_001762,ORD_01295,PRD_E14,1,8499.0,0.0,8499.0,6000.0,2499.0
ITEM_001763,ORD_01296,PRD_H02,2,3890.0,15.0,6613.0,4200.0,2413.0
ITEM_001764,ORD_01297,PRD_C01,3,5999.0,0.0,17997.0,7800.0,10197.0
ITEM_001765,ORD_01297,PRD_C04,1,3899.0,10.0,3509.1,1400.0,2109.1
ITEM_001766,ORD_01297,PRD_C06,2,2999.0,0.0,5998.0,2200.0,3798.0
ITEM_001767,ORD_01298,PRD_C05,1,4999.0,0.0,4999.0,1800.0,3199.0
ITEM_001768,ORD_01298,PRD_C06,2,2999.0,0.0,5998.0,2200.0,3798.0
ITEM_001769,ORD_01298,PRD_F04,1,14500.0,5.0,13775.0,9000.0,4775.0
ITEM_001770,ORD_01299,PRD_H01,1,8495.0,20.0,6796.0,4800.0,1996.0
ITEM_001771,ORD_01299,PRD_F05,2,34999.0,15.0,59498.3,44000.0,15498.3
ITEM_001772,ORD_01300,PRD_E03,1,62000.0,0.0,62000.0,48000.0,14000.0
ITEM_001773,ORD_01301,PRD_F01,2,12999.0,15.0,22098.3,15000.0,7098.3
ITEM_001774,ORD_01302,PRD_H01,2,8495.0,10.0,15291.0,9600.0,5691.0
ITEM_001775,ORD_01303,PRD_E03,1,62000.0,0.0,62000.0,48000.0,14000.0
ITEM_001776,ORD_01303,PRD_C01,1,5999.0,0.0,5999.0,2600.0,3399.0
ITEM_001777,ORD_01304,PRD_C08,1,4999.0,0.0,4999.0,2200.0,2799.0
ITEM_001778,ORD_01305,PRD_F01,1,12999.0,0.0,12999.0,7500.0,5499.0
ITEM_001779,ORD_01306,PRD_C06,1,2999.0,10.0,2699.1,1100.0,1599.1
ITEM_001780,ORD_01307,PRD_E03,1,62000.0,0.0,62000.0,48000.0,14000.0
ITEM_001781,ORD_01307,PRD_E09,1,1499.0,10.0,1349.1,800.0,549.1
ITEM_001782,ORD_01308,PRD_C02,1,2499.0,0.0,2499.0,950.0,1549.0
ITEM_001783,ORD_01308,PRD_F08,2,25500.0,10.0,45900.0,32000.0,13900.0
ITEM_001784,ORD_01309,PRD_F02,1,18500.0,10.0,16650.0,11000.0,5650.0
ITEM_001785,ORD_01309,PRD_E06,1,64999.0,10.0,58499.1,45000.0,13499.1
ITEM_001786,ORD_01310,PRD_H03,1,9999.0,10.0,8999.1,5500.0,3499.1
ITEM_001787,ORD_01310,PRD_E13,2,4999.0,0.0,9998.0,6400.0,3598.0
ITEM_001788,ORD_01311,PRD_E11,1,8995.0,0.0,8995.0,6200.0,2795.0
ITEM_001789,ORD_01311,PRD_F05,1,34999.0,5.0,33249.05,22000.0,11249.05
ITEM_001790,ORD_01312,PRD_F08,1,25500.0,20.0,20400.0,16000.0,4400.0
ITEM_001791,ORD_01312,PRD_F03,1,26999.0,0.0,26999.0,18000.0,8999.0
ITEM_001792,ORD_01313,PRD_E05,1,79999.0,5.0,75999.05,60000.0,15999.05
ITEM_001793,ORD_01314,PRD_H02,2,3890.0,0.0,7780.0,4200.0,3580.0
ITEM_001794,ORD_01315,PRD_F07,1,24999.0,20.0,19999.2,15000.0,4999.2
ITEM_001795,ORD_01316,PRD_C04,2,3899.0,0.0,7798.0,2800.0,4998.0
ITEM_001796,ORD_01316,PRD_C02,2,2499.0,5.0,4748.1,1900.0,2848.1
ITEM_001797,ORD_01317,PRD_C09,2,3299.0,20.0,5278.4,2400.0,2878.4
ITEM_001798,ORD_01318,PRD_C06,2,2999.0,15.0,5098.3,2200.0,2898.3
ITEM_001799,ORD_01319,PRD_E13,1,4999.0,10.0,4499.1,3200.0,1299.1
ITEM_001800,ORD_01320,PRD_E14,1,8499.0,5.0,8074.05,6000.0,2074.05
ITEM_001801,ORD_01321,PRD_C02,1,2499.0,5.0,2374.05,950.0,1424.05
ITEM_001802,ORD_01322,PRD_E01,1,94900.0,10.0,85410.0,72000.0,13410.0
ITEM_001803,ORD_01323,PRD_H02,1,3890.0,0.0,3890.0,2100.0,1790.0
ITEM_001804,ORD_01324,PRD_H01,1,8495.0,10.0,7645.5,4800.0,2845.5
ITEM_001805,ORD_01324,PRD_F08,2,25500.0,0.0,51000.0,32000.0,19000.0
ITEM_001806,ORD_01325,PRD_F07,1,24999.0,0.0,24999.0,15000.0,9999.0
ITEM_001807,ORD_01326,PRD_H05,1,14999.0,5.0,14249.05,9500.0,4749.05
ITEM_001808,ORD_01327,PRD_E05,1,79999.0,0.0,79999.0,60000.0,19999.0
ITEM_001809,ORD_01328,PRD_E03,1,62000.0,0.0,62000.0,48000.0,14000.0
ITEM_001810,ORD_01329,PRD_E04,1,124900.0,5.0,118655.0,95000.0,23655.0
ITEM_001811,ORD_01330,PRD_C06,2,2999.0,15.0,5098.3,2200.0,2898.3
ITEM_001812,ORD_01331,PRD_C07,2,8995.0,5.0,17090.5,8400.0,8690.5
ITEM_001813,ORD_01332,PRD_E13,1,4999.0,10.0,4499.1,3200.0,1299.1
ITEM_001814,ORD_01333,PRD_C05,2,4999.0,0.0,9998.0,3600.0,6398.0
ITEM_001815,ORD_01334,PRD_E07,1,28990.0,5.0,27540.5,20000.0,7540.5
ITEM_001816,ORD_01334,PRD_F04,1,14500.0,10.0,13050.0,9000.0,4050.0
ITEM_001817,ORD_01335,PRD_H04,2,29900.0,15.0,50830.0,38000.0,12830.0
ITEM_001818,ORD_01335,PRD_C03,1,2199.0,10.0,1979.1,800.0,1179.1
ITEM_001819,ORD_01336,PRD_F06,1,52000.0,0.0,52000.0,34000.0,18000.0
ITEM_001820,ORD_01337,PRD_E09,2,1499.0,0.0,2998.0,1600.0,1398.0
ITEM_001821,ORD_01338,PRD_F01,1,12999.0,0.0,12999.0,7500.0,5499.0
ITEM_001822,ORD_01339,PRD_F07,1,24999.0,10.0,22499.1,15000.0,7499.1
ITEM_001823,ORD_01339,PRD_E03,1,62000.0,0.0,62000.0,48000.0,14000.0
ITEM_001824,ORD_01340,PRD_C06,2,2999.0,15.0,5098.3,2200.0,2898.3
ITEM_001825,ORD_01341,PRD_F08,1,25500.0,0.0,25500.0,16000.0,9500.0
ITEM_001826,ORD_01342,PRD_C05,1,4999.0,10.0,4499.1,1800.0,2699.1
ITEM_001827,ORD_01343,PRD_E10,1,28500.0,0.0,28500.0,21000.0,7500.0
ITEM_001828,ORD_01343,PRD_C09,2,3299.0,20.0,5278.4,2400.0,2878.4
ITEM_001829,ORD_01344,PRD_C09,1,3299.0,20.0,2639.2,1200.0,1439.2
ITEM_001830,ORD_01345,PRD_E01,1,94900.0,0.0,94900.0,72000.0,22900.0
ITEM_001831,ORD_01346,PRD_C08,1,4999.0,10.0,4499.1,2200.0,2299.1
ITEM_001832,ORD_01347,PRD_E01,1,94900.0,0.0,94900.0,72000.0,22900.0
ITEM_001833,ORD_01347,PRD_H04,2,29900.0,10.0,53820.0,38000.0,15820.0
ITEM_001834,ORD_01348,PRD_E04,1,124900.0,5.0,118655.0,95000.0,23655.0
ITEM_001835,ORD_01349,PRD_F04,1,14500.0,15.0,12325.0,9000.0,3325.0
ITEM_001836,ORD_01350,PRD_C05,1,4999.0,15.0,4249.15,1800.0,2449.15
ITEM_001837,ORD_01351,PRD_H01,1,8495.0,10.0,7645.5,4800.0,2845.5
ITEM_001838,ORD_01352,PRD_F03,2,26999.0,0.0,53998.0,36000.0,17998.0
ITEM_001839,ORD_01353,PRD_F07,1,24999.0,0.0,24999.0,15000.0,9999.0
ITEM_001840,ORD_01354,PRD_F10,1,7999.0,10.0,7199.1,4500.0,2699.1
ITEM_001841,ORD_01354,PRD_C06,3,2999.0,5.0,8547.15,3300.0,5247.15
ITEM_001842,ORD_01355,PRD_E09,1,1499.0,5.0,1424.05,800.0,624.05
ITEM_001843,ORD_01356,PRD_C10,2,3490.0,0.0,6980.0,2200.0,4780.0
ITEM_001844,ORD_01357,PRD_E01,1,94900.0,0.0,94900.0,72000.0,22900.0
ITEM_001845,ORD_01357,PRD_F10,1,7999.0,0.0,7999.0,4500.0,3499.0
ITEM_001846,ORD_01358,PRD_F07,1,24999.0,5.0,23749.05,15000.0,8749.05
ITEM_001847,ORD_01359,PRD_F02,2,18500.0,15.0,31450.0,22000.0,9450.0
ITEM_001848,ORD_01359,PRD_F07,1,24999.0,0.0,24999.0,15000.0,9999.0
ITEM_001849,ORD_01360,PRD_E06,1,64999.0,5.0,61749.05,45000.0,16749.05
ITEM_001850,ORD_01361,PRD_F01,1,12999.0,15.0,11049.15,7500.0,3549.15
ITEM_001851,ORD_01361,PRD_E08,1,22900.0,10.0,20610.0,16000.0,4610.0
ITEM_001852,ORD_01361,PRD_E11,2,8995.0,15.0,15291.5,12400.0,2891.5
ITEM_001853,ORD_01362,PRD_C04,1,3899.0,0.0,3899.0,1400.0,2499.0
ITEM_001854,ORD_01362,PRD_C07,1,8995.0,5.0,8545.25,4200.0,4345.25
ITEM_001855,ORD_01363,PRD_H05,1,14999.0,20.0,11999.2,9500.0,2499.2
ITEM_001856,ORD_01363,PRD_F05,1,34999.0,0.0,34999.0,22000.0,12999.0
ITEM_001857,ORD_01363,PRD_E02,1,85000.0,0.0,85000.0,65000.0,20000.0
ITEM_001858,ORD_01364,PRD_H03,2,9999.0,5.0,18998.1,11000.0,7998.1
ITEM_001859,ORD_01364,PRD_E10,1,28500.0,5.0,27075.0,21000.0,6075.0
ITEM_001860,ORD_01365,PRD_E02,1,85000.0,15.0,72250.0,65000.0,7250.0
ITEM_001861,ORD_01365,PRD_H03,1,9999.0,5.0,9499.05,5500.0,3999.05
ITEM_001862,ORD_01366,PRD_E04,1,124900.0,0.0,124900.0,95000.0,29900.0
ITEM_001863,ORD_01367,PRD_C08,1,4999.0,10.0,4499.1,2200.0,2299.1
ITEM_001864,ORD_01368,PRD_H04,1,29900.0,20.0,23920.0,19000.0,4920.0
ITEM_001865,ORD_01368,PRD_C05,3,4999.0,5.0,14247.15,5400.0,8847.15
ITEM_001866,ORD_01369,PRD_C07,2,8995.0,0.0,17990.0,8400.0,9590.0
ITEM_001867,ORD_01370,PRD_E03,1,62000.0,0.0,62000.0,48000.0,14000.0
ITEM_001868,ORD_01370,PRD_F09,2,38000.0,15.0,64600.0,48000.0,16600.0
ITEM_001869,ORD_01371,PRD_E07,1,28990.0,10.0,26091.0,20000.0,6091.0
ITEM_001870,ORD_01372,PRD_E09,1,1499.0,10.0,1349.1,800.0,549.1
ITEM_001871,ORD_01372,PRD_E12,1,6495.0,0.0,6495.0,4500.0,1995.0
ITEM_001872,ORD_01372,PRD_H02,1,3890.0,5.0,3695.5,2100.0,1595.5
ITEM_001873,ORD_01373,PRD_C07,1,8995.0,15.0,7645.75,4200.0,3445.75
ITEM_001874,ORD_01373,PRD_C05,2,4999.0,0.0,9998.0,3600.0,6398.0
ITEM_001875,ORD_01374,PRD_H01,2,8495.0,20.0,13592.0,9600.0,3992.0
ITEM_001876,ORD_01374,PRD_H05,1,14999.0,0.0,14999.0,9500.0,5499.0
ITEM_001877,ORD_01374,PRD_C04,1,3899.0,10.0,3509.1,1400.0,2109.1
ITEM_001878,ORD_01375,PRD_E07,1,28990.0,10.0,26091.0,20000.0,6091.0
ITEM_001879,ORD_01376,PRD_H02,1,3890.0,10.0,3501.0,2100.0,1401.0
ITEM_001880,ORD_01377,PRD_F07,1,24999.0,5.0,23749.05,15000.0,8749.05
ITEM_001881,ORD_01377,PRD_C03,1,2199.0,5.0,2089.05,800.0,1289.05
ITEM_001882,ORD_01378,PRD_F04,1,14500.0,5.0,13775.0,9000.0,4775.0
ITEM_001883,ORD_01379,PRD_E03,1,62000.0,20.0,49600.0,48000.0,1600.0
ITEM_001884,ORD_01379,PRD_E12,2,6495.0,10.0,11691.0,9000.0,2691.0
ITEM_001885,ORD_01380,PRD_E06,1,64999.0,0.0,64999.0,45000.0,19999.0
ITEM_001886,ORD_01381,PRD_C09,1,3299.0,5.0,3134.05,1200.0,1934.05
ITEM_001887,ORD_01382,PRD_C01,1,5999.0,10.0,5399.1,2600.0,2799.1
ITEM_001888,ORD_01383,PRD_E12,1,6495.0,5.0,6170.25,4500.0,1670.25
ITEM_001889,ORD_01384,PRD_H03,2,9999.0,5.0,18998.1,11000.0,7998.1
ITEM_001890,ORD_01385,PRD_F07,1,24999.0,5.0,23749.05,15000.0,8749.05
ITEM_001891,ORD_01385,PRD_E13,1,4999.0,5.0,4749.05,3200.0,1549.05
ITEM_001892,ORD_01386,PRD_C07,1,8995.0,20.0,7196.0,4200.0,2996.0
ITEM_001893,ORD_01387,PRD_E12,1,6495.0,5.0,6170.25,4500.0,1670.25
ITEM_001894,ORD_01388,PRD_E04,1,124900.0,5.0,118655.0,95000.0,23655.0
ITEM_001895,ORD_01389,PRD_H01,2,8495.0,10.0,15291.0,9600.0,5691.0
ITEM_001896,ORD_01390,PRD_F10,2,7999.0,0.0,15998.0,9000.0,6998.0
ITEM_001897,ORD_01391,PRD_C06,1,2999.0,5.0,2849.05,1100.0,1749.05
ITEM_001898,ORD_01392,PRD_E09,1,1499.0,0.0,1499.0,800.0,699.0
ITEM_001899,ORD_01393,PRD_E02,1,85000.0,5.0,80750.0,65000.0,15750.0
ITEM_001900,ORD_01393,PRD_C09,3,3299.0,0.0,9897.0,3600.0,6297.0
ITEM_001901,ORD_01393,PRD_F02,2,18500.0,0.0,37000.0,22000.0,15000.0
ITEM_001902,ORD_01394,PRD_F02,1,18500.0,0.0,18500.0,11000.0,7500.0
ITEM_001903,ORD_01394,PRD_C09,1,3299.0,0.0,3299.0,1200.0,2099.0
ITEM_001904,ORD_01395,PRD_C10,2,3490.0,5.0,6631.0,2200.0,4431.0
ITEM_001905,ORD_01396,PRD_F02,1,18500.0,0.0,18500.0,11000.0,7500.0
ITEM_001906,ORD_01397,PRD_C10,2,3490.0,5.0,6631.0,2200.0,4431.0
ITEM_001907,ORD_01397,PRD_H02,1,3890.0,10.0,3501.0,2100.0,1401.0
ITEM_001908,ORD_01398,PRD_E04,1,124900.0,5.0,118655.0,95000.0,23655.0
ITEM_001909,ORD_01398,PRD_F10,1,7999.0,15.0,6799.15,4500.0,2299.15
ITEM_001910,ORD_01398,PRD_H05,1,14999.0,10.0,13499.1,9500.0,3999.1
ITEM_001911,ORD_01399,PRD_F01,1,12999.0,0.0,12999.0,7500.0,5499.0
ITEM_001912,ORD_01400,PRD_E09,2,1499.0,5.0,2848.1,1600.0,1248.1
ITEM_001913,ORD_01400,PRD_H05,1,14999.0,15.0,12749.15,9500.0,3249.15
ITEM_001914,ORD_01401,PRD_H05,2,14999.0,15.0,25498.3,19000.0,6498.3
ITEM_001915,ORD_01402,PRD_C10,2,3490.0,5.0,6631.0,2200.0,4431.0
ITEM_001916,ORD_01403,PRD_C04,1,3899.0,10.0,3509.1,1400.0,2109.1
ITEM_001917,ORD_01404,PRD_C03,1,2199.0,0.0,2199.0,800.0,1399.0
ITEM_001918,ORD_01405,PRD_F08,2,25500.0,5.0,48450.0,32000.0,16450.0
ITEM_001919,ORD_01405,PRD_H03,1,9999.0,0.0,9999.0,5500.0,4499.0
ITEM_001920,ORD_01406,PRD_E10,1,28500.0,0.0,28500.0,21000.0,7500.0
ITEM_001921,ORD_01406,PRD_C01,1,5999.0,0.0,5999.0,2600.0,3399.0
ITEM_001922,ORD_01407,PRD_H02,1,3890.0,5.0,3695.5,2100.0,1595.5
ITEM_001923,ORD_01408,PRD_F04,1,14500.0,0.0,14500.0,9000.0,5500.0
ITEM_001924,ORD_01409,PRD_E11,1,8995.0,10.0,8095.5,6200.0,1895.5
ITEM_001925,ORD_01410,PRD_F08,1,25500.0,0.0,25500.0,16000.0,9500.0
ITEM_001926,ORD_01410,PRD_E09,1,1499.0,0.0,1499.0,800.0,699.0
ITEM_001927,ORD_01411,PRD_H05,1,14999.0,15.0,12749.15,9500.0,3249.15
ITEM_001928,ORD_01412,PRD_F08,1,25500.0,5.0,24225.0,16000.0,8225.0
ITEM_001929,ORD_01412,PRD_E11,1,8995.0,0.0,8995.0,6200.0,2795.0
ITEM_001930,ORD_01413,PRD_E07,1,28990.0,10.0,26091.0,20000.0,6091.0
ITEM_001931,ORD_01413,PRD_C02,2,2499.0,5.0,4748.1,1900.0,2848.1
ITEM_001932,ORD_01413,PRD_H02,1,3890.0,5.0,3695.5,2100.0,1595.5
ITEM_001933,ORD_01414,PRD_C09,1,3299.0,5.0,3134.05,1200.0,1934.05
ITEM_001934,ORD_01415,PRD_F04,1,14500.0,10.0,13050.0,9000.0,4050.0
ITEM_001935,ORD_01416,PRD_F04,1,14500.0,0.0,14500.0,9000.0,5500.0
ITEM_001936,ORD_01417,PRD_E07,1,28990.0,0.0,28990.0,20000.0,8990.0
ITEM_001937,ORD_01418,PRD_E05,1,79999.0,0.0,79999.0,60000.0,19999.0
ITEM_001938,ORD_01419,PRD_C07,2,8995.0,0.0,17990.0,8400.0,9590.0
ITEM_001939,ORD_01420,PRD_F07,2,24999.0,0.0,49998.0,30000.0,19998.0
ITEM_001940,ORD_01420,PRD_F02,1,18500.0,5.0,17575.0,11000.0,6575.0
ITEM_001941,ORD_01421,PRD_E09,1,1499.0,10.0,1349.1,800.0,549.1
ITEM_001942,ORD_01422,PRD_H03,1,9999.0,10.0,8999.1,5500.0,3499.1
ITEM_001943,ORD_01422,PRD_F02,1,18500.0,10.0,16650.0,11000.0,5650.0
ITEM_001944,ORD_01422,PRD_F05,1,34999.0,20.0,27999.2,22000.0,5999.2
ITEM_001945,ORD_01423,PRD_E01,1,94900.0,10.0,85410.0,72000.0,13410.0
ITEM_001946,ORD_01423,PRD_E05,1,79999.0,10.0,71999.1,60000.0,11999.1
ITEM_001947,ORD_01423,PRD_H03,2,9999.0,0.0,19998.0,11000.0,8998.0
ITEM_001948,ORD_01424,PRD_E03,1,62000.0,0.0,62000.0,48000.0,14000.0
ITEM_001949,ORD_01425,PRD_E07,1,28990.0,5.0,27540.5,20000.0,7540.5
ITEM_001950,ORD_01425,PRD_F09,1,38000.0,0.0,38000.0,24000.0,14000.0
ITEM_001951,ORD_01426,PRD_E03,1,62000.0,10.0,55800.0,48000.0,7800.0
ITEM_001952,ORD_01427,PRD_E14,1,8499.0,5.0,8074.05,6000.0,2074.05
ITEM_001953,ORD_01427,PRD_E05,1,79999.0,10.0,71999.1,60000.0,11999.1
ITEM_001954,ORD_01428,PRD_E06,1,64999.0,0.0,64999.0,45000.0,19999.0
ITEM_001955,ORD_01429,PRD_E01,1,94900.0,10.0,85410.0,72000.0,13410.0
ITEM_001956,ORD_01429,PRD_E09,1,1499.0,0.0,1499.0,800.0,699.0
ITEM_001957,ORD_01429,PRD_F02,1,18500.0,0.0,18500.0,11000.0,7500.0
ITEM_001958,ORD_01430,PRD_E02,1,85000.0,5.0,80750.0,65000.0,15750.0
ITEM_001959,ORD_01430,PRD_E10,1,28500.0,15.0,24225.0,21000.0,3225.0
ITEM_001960,ORD_01431,PRD_C04,1,3899.0,10.0,3509.1,1400.0,2109.1
ITEM_001961,ORD_01432,PRD_F03,1,26999.0,15.0,22949.15,18000.0,4949.15
ITEM_001962,ORD_01433,PRD_E03,1,62000.0,10.0,55800.0,48000.0,7800.0
ITEM_001963,ORD_01434,PRD_H05,1,14999.0,5.0,14249.05,9500.0,4749.05
ITEM_001964,ORD_01434,PRD_H02,1,3890.0,5.0,3695.5,2100.0,1595.5
ITEM_001965,ORD_01435,PRD_F05,1,34999.0,5.0,33249.05,22000.0,11249.05
ITEM_001966,ORD_01436,PRD_E12,1,6495.0,5.0,6170.25,4500.0,1670.25
ITEM_001967,ORD_01437,PRD_F06,1,52000.0,5.0,49400.0,34000.0,15400.0
ITEM_001968,ORD_01438,PRD_C10,2,3490.0,15.0,5933.0,2200.0,3733.0
ITEM_001969,ORD_01439,PRD_E13,1,4999.0,5.0,4749.05,3200.0,1549.05
ITEM_001970,ORD_01440,PRD_F07,2,24999.0,10.0,44998.2,30000.0,14998.2
ITEM_001971,ORD_01441,PRD_F07,1,24999.0,0.0,24999.0,15000.0,9999.0
ITEM_001972,ORD_01442,PRD_H02,1,3890.0,15.0,3306.5,2100.0,1206.5
ITEM_001973,ORD_01443,PRD_E14,1,8499.0,5.0,8074.05,6000.0,2074.05
ITEM_001974,ORD_01443,PRD_F01,1,12999.0,0.0,12999.0,7500.0,5499.0
ITEM_001975,ORD_01443,PRD_E01,1,94900.0,5.0,90155.0,72000.0,18155.0
ITEM_001976,ORD_01444,PRD_E12,1,6495.0,0.0,6495.0,4500.0,1995.0
ITEM_001977,ORD_01445,PRD_C02,1,2499.0,0.0,2499.0,950.0,1549.0
ITEM_001978,ORD_01446,PRD_E05,1,79999.0,10.0,71999.1,60000.0,11999.1
ITEM_001979,ORD_01447,PRD_E04,1,124900.0,5.0,118655.0,95000.0,23655.0
ITEM_001980,ORD_01448,PRD_C03,1,2199.0,15.0,1869.15,800.0,1069.15
ITEM_001981,ORD_01449,PRD_H03,1,9999.0,0.0,9999.0,5500.0,4499.0
ITEM_001982,ORD_01450,PRD_C10,1,3490.0,0.0,3490.0,1100.0,2390.0
ITEM_001983,ORD_01450,PRD_C03,3,2199.0,5.0,6267.15,2400.0,3867.15
ITEM_001984,ORD_01451,PRD_E05,1,79999.0,0.0,79999.0,60000.0,19999.0
ITEM_001985,ORD_01452,PRD_E07,1,28990.0,5.0,27540.5,20000.0,7540.5
ITEM_001986,ORD_01453,PRD_E03,1,62000.0,0.0,62000.0,48000.0,14000.0
ITEM_001987,ORD_01454,PRD_C01,1,5999.0,5.0,5699.05,2600.0,3099.05
ITEM_001988,ORD_01454,PRD_C09,2,3299.0,20.0,5278.4,2400.0,2878.4
ITEM_001989,ORD_01454,PRD_E05,1,79999.0,5.0,75999.05,60000.0,15999.05
ITEM_001990,ORD_01455,PRD_F03,2,26999.0,10.0,48598.2,36000.0,12598.2
ITEM_001991,ORD_01455,PRD_C09,1,3299.0,10.0,2969.1,1200.0,1769.1
ITEM_001992,ORD_01456,PRD_E10,1,28500.0,0.0,28500.0,21000.0,7500.0
ITEM_001993,ORD_01457,PRD_C08,1,4999.0,0.0,4999.0,2200.0,2799.0
ITEM_001994,ORD_01457,PRD_E05,1,79999.0,0.0,79999.0,60000.0,19999.0
ITEM_001995,ORD_01457,PRD_E12,1,6495.0,0.0,6495.0,4500.0,1995.0
ITEM_001996,ORD_01458,PRD_C09,3,3299.0,0.0,9897.0,3600.0,6297.0
ITEM_001997,ORD_01458,PRD_E09,2,1499.0,5.0,2848.1,1600.0,1248.1
ITEM_001998,ORD_01458,PRD_F05,2,34999.0,0.0,69998.0,44000.0,25998.0
ITEM_001999,ORD_01459,PRD_F09,1,38000.0,0.0,38000.0,24000.0,14000.0
ITEM_002000,ORD_01460,PRD_C06,2,2999.0,5.0,5698.1,2200.0,3498.1
ITEM_002001,ORD_01461,PRD_C02,1,2499.0,15.0,2124.15,950.0,1174.15
ITEM_002002,ORD_01462,PRD_E03,1,62000.0,0.0,62000.0,48000.0,14000.0
ITEM_002003,ORD_01463,PRD_E02,1,85000.0,0.0,85000.0,65000.0,20000.0
ITEM_002004,ORD_01464,PRD_C04,2,3899.0,10.0,7018.2,2800.0,4218.2
ITEM_002005,ORD_01465,PRD_H03,1,9999.0,0.0,9999.0,5500.0,4499.0
ITEM_002006,ORD_01465,PRD_C08,3,4999.0,0.0,14997.0,6600.0,8397.0
ITEM_002007,ORD_01465,PRD_C10,2,3490.0,5.0,6631.0,2200.0,4431.0
ITEM_002008,ORD_01466,PRD_E05,1,79999.0,5.0,75999.05,60000.0,15999.05
ITEM_002009,ORD_01467,PRD_H05,1,14999.0,15.0,12749.15,9500.0,3249.15
ITEM_002010,ORD_01468,PRD_F03,2,26999.0,0.0,53998.0,36000.0,17998.0
ITEM_002011,ORD_01469,PRD_F03,1,26999.0,10.0,24299.1,18000.0,6299.1
ITEM_002012,ORD_01470,PRD_C07,3,8995.0,15.0,22937.25,12600.0,10337.25
ITEM_002013,ORD_01470,PRD_E13,1,4999.0,10.0,4499.1,3200.0,1299.1
ITEM_002014,ORD_01470,PRD_C02,2,2499.0,15.0,4248.3,1900.0,2348.3
ITEM_002015,ORD_01471,PRD_F08,1,25500.0,5.0,24225.0,16000.0,8225.0
ITEM_002016,ORD_01471,PRD_E14,1,8499.0,20.0,6799.2,6000.0,799.2
ITEM_002017,ORD_01472,PRD_H05,2,14999.0,15.0,25498.3,19000.0,6498.3
ITEM_002018,ORD_01473,PRD_C03,1,2199.0,0.0,2199.0,800.0,1399.0
ITEM_002019,ORD_01474,PRD_F08,1,25500.0,0.0,25500.0,16000.0,9500.0
ITEM_002020,ORD_01475,PRD_C04,3,3899.0,0.0,11697.0,4200.0,7497.0
ITEM_002021,ORD_01476,PRD_H01,1,8495.0,5.0,8070.25,4800.0,3270.25
ITEM_002022,ORD_01477,PRD_F07,1,24999.0,5.0,23749.05,15000.0,8749.05
ITEM_002023,ORD_01478,PRD_H02,1,3890.0,0.0,3890.0,2100.0,1790.0
ITEM_002024,ORD_01478,PRD_E12,1,6495.0,10.0,5845.5,4500.0,1345.5
ITEM_002025,ORD_01479,PRD_C05,1,4999.0,0.0,4999.0,1800.0,3199.0
ITEM_002026,ORD_01480,PRD_H04,1,29900.0,5.0,28405.0,19000.0,9405.0
ITEM_002027,ORD_01480,PRD_F02,1,18500.0,0.0,18500.0,11000.0,7500.0
ITEM_002028,ORD_01481,PRD_E08,1,22900.0,5.0,21755.0,16000.0,5755.0
ITEM_002029,ORD_01482,PRD_E08,1,22900.0,10.0,20610.0,16000.0,4610.0
ITEM_002030,ORD_01483,PRD_F03,2,26999.0,0.0,53998.0,36000.0,17998.0
ITEM_002031,ORD_01484,PRD_E02,1,85000.0,5.0,80750.0,65000.0,15750.0
ITEM_002032,ORD_01485,PRD_F07,1,24999.0,10.0,22499.1,15000.0,7499.1
ITEM_002033,ORD_01486,PRD_F06,1,52000.0,0.0,52000.0,34000.0,18000.0
ITEM_002034,ORD_01486,PRD_F03,1,26999.0,10.0,24299.1,18000.0,6299.1
ITEM_002035,ORD_01487,PRD_C03,2,2199.0,15.0,3738.3,1600.0,2138.3
ITEM_002036,ORD_01488,PRD_E07,1,28990.0,0.0,28990.0,20000.0,8990.0
ITEM_002037,ORD_01489,PRD_E11,1,8995.0,10.0,8095.5,6200.0,1895.5
ITEM_002038,ORD_01490,PRD_H04,1,29900.0,5.0,28405.0,19000.0,9405.0
ITEM_002039,ORD_01491,PRD_F10,1,7999.0,0.0,7999.0,4500.0,3499.0
ITEM_002040,ORD_01492,PRD_C07,1,8995.0,5.0,8545.25,4200.0,4345.25
ITEM_002041,ORD_01493,PRD_F07,1,24999.0,10.0,22499.1,15000.0,7499.1
ITEM_002042,ORD_01494,PRD_F01,2,12999.0,5.0,24698.1,15000.0,9698.1
ITEM_002043,ORD_01495,PRD_F07,1,24999.0,20.0,19999.2,15000.0,4999.2
ITEM_002044,ORD_01495,PRD_E01,1,94900.0,0.0,94900.0,72000.0,22900.0
ITEM_002045,ORD_01496,PRD_C09,2,3299.0,0.0,6598.0,2400.0,4198.0
ITEM_002046,ORD_01496,PRD_F08,2,25500.0,5.0,48450.0,32000.0,16450.0
ITEM_002047,ORD_01496,PRD_F09,1,38000.0,10.0,34200.0,24000.0,10200.0
ITEM_002048,ORD_01497,PRD_C08,2,4999.0,10.0,8998.2,4400.0,4598.2
ITEM_002049,ORD_01497,PRD_E08,1,22900.0,10.0,20610.0,16000.0,4610.0
ITEM_002050,ORD_01498,PRD_H02,2,3890.0,5.0,7391.0,4200.0,3191.0
ITEM_002051,ORD_01499,PRD_E05,1,79999.0,5.0,75999.05,60000.0,15999.05
ITEM_002052,ORD_01500,PRD_C04,1,3899.0,0.0,3899.0,1400.0,2499.0
ITEM_002053,ORD_01501,PRD_E12,1,6495.0,20.0,5196.0,4500.0,696.0
ITEM_002054,ORD_01502,PRD_F04,1,14500.0,0.0,14500.0,9000.0,5500.0
ITEM_002055,ORD_01502,PRD_C08,2,4999.0,0.0,9998.0,4400.0,5598.0
ITEM_002056,ORD_01502,PRD_H05,1,14999.0,0.0,14999.0,9500.0,5499.0
ITEM_002057,ORD_01503,PRD_C10,1,3490.0,5.0,3315.5,1100.0,2215.5
ITEM_002058,ORD_01504,PRD_C03,1,2199.0,15.0,1869.15,800.0,1069.15
ITEM_002059,ORD_01505,PRD_H02,1,3890.0,15.0,3306.5,2100.0,1206.5
ITEM_002060,ORD_01506,PRD_F08,1,25500.0,0.0,25500.0,16000.0,9500.0
ITEM_002061,ORD_01507,PRD_E04,1,124900.0,5.0,118655.0,95000.0,23655.0
ITEM_002062,ORD_01507,PRD_F08,2,25500.0,10.0,45900.0,32000.0,13900.0
ITEM_002063,ORD_01508,PRD_C01,1,5999.0,0.0,5999.0,2600.0,3399.0
ITEM_002064,ORD_01509,PRD_E01,1,94900.0,5.0,90155.0,72000.0,18155.0
ITEM_002065,ORD_01510,PRD_C10,3,3490.0,10.0,9423.0,3300.0,6123.0
ITEM_002066,ORD_01511,PRD_F02,1,18500.0,5.0,17575.0,11000.0,6575.0
ITEM_002067,ORD_01512,PRD_C09,1,3299.0,5.0,3134.05,1200.0,1934.05
ITEM_002068,ORD_01512,PRD_F10,2,7999.0,0.0,15998.0,9000.0,6998.0
ITEM_002069,ORD_01513,PRD_E12,1,6495.0,10.0,5845.5,4500.0,1345.5
ITEM_002070,ORD_01513,PRD_C07,1,8995.0,15.0,7645.75,4200.0,3445.75
ITEM_002071,ORD_01514,PRD_F09,1,38000.0,20.0,30400.0,24000.0,6400.0
ITEM_002072,ORD_01515,PRD_F09,2,38000.0,20.0,60800.0,48000.0,12800.0
ITEM_002073,ORD_01516,PRD_C04,1,3899.0,0.0,3899.0,1400.0,2499.0
ITEM_002074,ORD_01517,PRD_C07,2,8995.0,0.0,17990.0,8400.0,9590.0
ITEM_002075,ORD_01518,PRD_F01,1,12999.0,5.0,12349.05,7500.0,4849.05
ITEM_002076,ORD_01518,PRD_E05,1,79999.0,10.0,71999.1,60000.0,11999.1
ITEM_002077,ORD_01519,PRD_C01,2,5999.0,10.0,10798.2,5200.0,5598.2
ITEM_002078,ORD_01520,PRD_E03,1,62000.0,5.0,58900.0,48000.0,10900.0
ITEM_002079,ORD_01521,PRD_E03,1,62000.0,10.0,55800.0,48000.0,7800.0
ITEM_002080,ORD_01522,PRD_E05,1,79999.0,10.0,71999.1,60000.0,11999.1
ITEM_002081,ORD_01523,PRD_E12,1,6495.0,0.0,6495.0,4500.0,1995.0
ITEM_002082,ORD_01524,PRD_F03,1,26999.0,20.0,21599.2,18000.0,3599.2
ITEM_002083,ORD_01524,PRD_F08,1,25500.0,10.0,22950.0,16000.0,6950.0
ITEM_002084,ORD_01525,PRD_E10,1,28500.0,10.0,25650.0,21000.0,4650.0
ITEM_002085,ORD_01525,PRD_F08,1,25500.0,10.0,22950.0,16000.0,6950.0
ITEM_002086,ORD_01526,PRD_C07,1,8995.0,15.0,7645.75,4200.0,3445.75
ITEM_002087,ORD_01526,PRD_F07,1,24999.0,0.0,24999.0,15000.0,9999.0
ITEM_002088,ORD_01527,PRD_E07,1,28990.0,10.0,26091.0,20000.0,6091.0
ITEM_002089,ORD_01528,PRD_F08,1,25500.0,20.0,20400.0,16000.0,4400.0
ITEM_002090,ORD_01529,PRD_E01,1,94900.0,10.0,85410.0,72000.0,13410.0
ITEM_002091,ORD_01530,PRD_C10,1,3490.0,10.0,3141.0,1100.0,2041.0
ITEM_002092,ORD_01531,PRD_E04,1,124900.0,0.0,124900.0,95000.0,29900.0
ITEM_002093,ORD_01531,PRD_H04,1,29900.0,0.0,29900.0,19000.0,10900.0
ITEM_002094,ORD_01531,PRD_F10,2,7999.0,10.0,14398.2,9000.0,5398.2
ITEM_002095,ORD_01532,PRD_F07,1,24999.0,0.0,24999.0,15000.0,9999.0
ITEM_002096,ORD_01532,PRD_E14,1,8499.0,10.0,7649.1,6000.0,1649.1
ITEM_002097,ORD_01532,PRD_F04,1,14500.0,5.0,13775.0,9000.0,4775.0
ITEM_002098,ORD_01533,PRD_H04,1,29900.0,0.0,29900.0,19000.0,10900.0
ITEM_002099,ORD_01533,PRD_E10,1,28500.0,10.0,25650.0,21000.0,4650.0
ITEM_002100,ORD_01534,PRD_E12,2,6495.0,0.0,12990.0,9000.0,3990.0
ITEM_002101,ORD_01535,PRD_E08,1,22900.0,5.0,21755.0,16000.0,5755.0
ITEM_002102,ORD_01535,PRD_E07,1,28990.0,5.0,27540.5,20000.0,7540.5
ITEM_002103,ORD_01536,PRD_H04,2,29900.0,0.0,59800.0,38000.0,21800.0
ITEM_002104,ORD_01536,PRD_E12,1,6495.0,10.0,5845.5,4500.0,1345.5
ITEM_002105,ORD_01537,PRD_E05,1,79999.0,0.0,79999.0,60000.0,19999.0
ITEM_002106,ORD_01538,PRD_F08,1,25500.0,20.0,20400.0,16000.0,4400.0
ITEM_002107,ORD_01539,PRD_E05,1,79999.0,10.0,71999.1,60000.0,11999.1
ITEM_002108,ORD_01540,PRD_H05,1,14999.0,0.0,14999.0,9500.0,5499.0
ITEM_002109,ORD_01540,PRD_C04,2,3899.0,10.0,7018.2,2800.0,4218.2
ITEM_002110,ORD_01541,PRD_F09,1,38000.0,10.0,34200.0,24000.0,10200.0
ITEM_002111,ORD_01542,PRD_H03,1,9999.0,0.0,9999.0,5500.0,4499.0
ITEM_002112,ORD_01542,PRD_C05,1,4999.0,5.0,4749.05,1800.0,2949.05
ITEM_002113,ORD_01542,PRD_C07,1,8995.0,0.0,8995.0,4200.0,4795.0
ITEM_002114,ORD_01543,PRD_E01,1,94900.0,5.0,90155.0,72000.0,18155.0
ITEM_002115,ORD_01544,PRD_F04,1,14500.0,5.0,13775.0,9000.0,4775.0
ITEM_002116,ORD_01545,PRD_E14,1,8499.0,0.0,8499.0,6000.0,2499.0
ITEM_002117,ORD_01546,PRD_H04,2,29900.0,5.0,56810.0,38000.0,18810.0
ITEM_002118,ORD_01546,PRD_E07,1,28990.0,0.0,28990.0,20000.0,8990.0
ITEM_002119,ORD_01547,PRD_E07,1,28990.0,10.0,26091.0,20000.0,6091.0
ITEM_002120,ORD_01548,PRD_F05,1,34999.0,0.0,34999.0,22000.0,12999.0
ITEM_002121,ORD_01549,PRD_F10,2,7999.0,0.0,15998.0,9000.0,6998.0
ITEM_002122,ORD_01550,PRD_C09,1,3299.0,5.0,3134.05,1200.0,1934.05
ITEM_002123,ORD_01550,PRD_C06,2,2999.0,10.0,5398.2,2200.0,3198.2
ITEM_002124,ORD_01551,PRD_C07,1,8995.0,5.0,8545.25,4200.0,4345.25
ITEM_002125,ORD_01552,PRD_C03,2,2199.0,0.0,4398.0,1600.0,2798.0
ITEM_002126,ORD_01552,PRD_E04,1,124900.0,0.0,124900.0,95000.0,29900.0
ITEM_002127,ORD_01553,PRD_E08,1,22900.0,0.0,22900.0,16000.0,6900.0
ITEM_002128,ORD_01553,PRD_C09,4,3299.0,10.0,11876.4,4800.0,7076.4
ITEM_002129,ORD_01553,PRD_C06,2,2999.0,5.0,5698.1,2200.0,3498.1
ITEM_002130,ORD_01554,PRD_E03,1,62000.0,10.0,55800.0,48000.0,7800.0
ITEM_002131,ORD_01555,PRD_E10,1,28500.0,15.0,24225.0,21000.0,3225.0
ITEM_002132,ORD_01556,PRD_E04,1,124900.0,5.0,118655.0,95000.0,23655.0
ITEM_002133,ORD_01557,PRD_F04,1,14500.0,0.0,14500.0,9000.0,5500.0
ITEM_002134,ORD_01558,PRD_E01,1,94900.0,10.0,85410.0,72000.0,13410.0
ITEM_002135,ORD_01559,PRD_F08,2,25500.0,0.0,51000.0,32000.0,19000.0
ITEM_002136,ORD_01559,PRD_F03,1,26999.0,0.0,26999.0,18000.0,8999.0
ITEM_002137,ORD_01559,PRD_E03,1,62000.0,15.0,52700.0,48000.0,4700.0
ITEM_002138,ORD_01560,PRD_C07,2,8995.0,5.0,17090.5,8400.0,8690.5
ITEM_002139,ORD_01561,PRD_C08,1,4999.0,10.0,4499.1,2200.0,2299.1
ITEM_002140,ORD_01562,PRD_E13,1,4999.0,0.0,4999.0,3200.0,1799.0
ITEM_002141,ORD_01563,PRD_E10,1,28500.0,0.0,28500.0,21000.0,7500.0
ITEM_002142,ORD_01564,PRD_F02,1,18500.0,5.0,17575.0,11000.0,6575.0
ITEM_002143,ORD_01565,PRD_E09,1,1499.0,0.0,1499.0,800.0,699.0
ITEM_002144,ORD_01566,PRD_F03,1,26999.0,5.0,25649.05,18000.0,7649.05
ITEM_002145,ORD_01567,PRD_C07,1,8995.0,0.0,8995.0,4200.0,4795.0
ITEM_002146,ORD_01568,PRD_F03,1,26999.0,10.0,24299.1,18000.0,6299.1
ITEM_002147,ORD_01569,PRD_F02,1,18500.0,20.0,14800.0,11000.0,3800.0
ITEM_002148,ORD_01570,PRD_C04,1,3899.0,5.0,3704.05,1400.0,2304.05
ITEM_002149,ORD_01571,PRD_F09,1,38000.0,0.0,38000.0,24000.0,14000.0
ITEM_002150,ORD_01572,PRD_E02,1,85000.0,10.0,76500.0,65000.0,11500.0
ITEM_002151,ORD_01572,PRD_C05,1,4999.0,5.0,4749.05,1800.0,2949.05
ITEM_002152,ORD_01572,PRD_E03,1,62000.0,0.0,62000.0,48000.0,14000.0
ITEM_002153,ORD_01573,PRD_E14,1,8499.0,0.0,8499.0,6000.0,2499.0
ITEM_002154,ORD_01574,PRD_F02,2,18500.0,15.0,31450.0,22000.0,9450.0
ITEM_002155,ORD_01575,PRD_C05,2,4999.0,5.0,9498.1,3600.0,5898.1
ITEM_002156,ORD_01576,PRD_E13,1,4999.0,10.0,4499.1,3200.0,1299.1
ITEM_002157,ORD_01577,PRD_C10,1,3490.0,10.0,3141.0,1100.0,2041.0
ITEM_002158,ORD_01577,PRD_H05,1,14999.0,10.0,13499.1,9500.0,3999.1
ITEM_002159,ORD_01577,PRD_C06,2,2999.0,10.0,5398.2,2200.0,3198.2
ITEM_002160,ORD_01578,PRD_C01,1,5999.0,5.0,5699.05,2600.0,3099.05
ITEM_002161,ORD_01579,PRD_E11,1,8995.0,0.0,8995.0,6200.0,2795.0
ITEM_002162,ORD_01580,PRD_E08,1,22900.0,0.0,22900.0,16000.0,6900.0
ITEM_002163,ORD_01580,PRD_F04,1,14500.0,5.0,13775.0,9000.0,4775.0
ITEM_002164,ORD_01581,PRD_C01,2,5999.0,0.0,11998.0,5200.0,6798.0
ITEM_002165,ORD_01582,PRD_E14,1,8499.0,10.0,7649.1,6000.0,1649.1
ITEM_002166,ORD_01582,PRD_F05,1,34999.0,0.0,34999.0,22000.0,12999.0
ITEM_002167,ORD_01583,PRD_F05,2,34999.0,15.0,59498.3,44000.0,15498.3
ITEM_002168,ORD_01583,PRD_E13,1,4999.0,15.0,4249.15,3200.0,1049.15
ITEM_002169,ORD_01584,PRD_F10,1,7999.0,0.0,7999.0,4500.0,3499.0
ITEM_002170,ORD_01585,PRD_C02,1,2499.0,5.0,2374.05,950.0,1424.05
ITEM_002171,ORD_01586,PRD_F02,1,18500.0,15.0,15725.0,11000.0,4725.0
ITEM_002172,ORD_01586,PRD_F03,1,26999.0,0.0,26999.0,18000.0,8999.0
ITEM_002173,ORD_01587,PRD_E03,1,62000.0,15.0,52700.0,48000.0,4700.0
ITEM_002174,ORD_01587,PRD_C07,2,8995.0,0.0,17990.0,8400.0,9590.0
ITEM_002175,ORD_01587,PRD_C10,3,3490.0,5.0,9946.5,3300.0,6646.5
ITEM_002176,ORD_01588,PRD_C04,1,3899.0,0.0,3899.0,1400.0,2499.0
ITEM_002177,ORD_01589,PRD_F03,1,26999.0,0.0,26999.0,18000.0,8999.0
ITEM_002178,ORD_01590,PRD_F03,1,26999.0,0.0,26999.0,18000.0,8999.0
ITEM_002179,ORD_01591,PRD_F07,1,24999.0,10.0,22499.1,15000.0,7499.1
ITEM_002180,ORD_01592,PRD_E02,1,85000.0,0.0,85000.0,65000.0,20000.0
ITEM_002181,ORD_01593,PRD_C02,1,2499.0,5.0,2374.05,950.0,1424.05
ITEM_002182,ORD_01594,PRD_F02,1,18500.0,10.0,16650.0,11000.0,5650.0
ITEM_002183,ORD_01595,PRD_F10,1,7999.0,10.0,7199.1,4500.0,2699.1
ITEM_002184,ORD_01595,PRD_E14,1,8499.0,10.0,7649.1,6000.0,1649.1
ITEM_002185,ORD_01596,PRD_C10,2,3490.0,0.0,6980.0,2200.0,4780.0
ITEM_002186,ORD_01597,PRD_F07,1,24999.0,0.0,24999.0,15000.0,9999.0
ITEM_002187,ORD_01597,PRD_E06,1,64999.0,10.0,58499.1,45000.0,13499.1
ITEM_002188,ORD_01598,PRD_C08,2,4999.0,10.0,8998.2,4400.0,4598.2
ITEM_002189,ORD_01598,PRD_E02,1,85000.0,15.0,72250.0,65000.0,7250.0
ITEM_002190,ORD_01599,PRD_H05,2,14999.0,0.0,29998.0,19000.0,10998.0
ITEM_002191,ORD_01600,PRD_F08,2,25500.0,0.0,51000.0,32000.0,19000.0
