order_id,customer_id,store_id,order_date,shipping_date,payment_method,order_status,shipping_cost,total_amount,total_profit
ORD_00001,CUST_0034,STR_106,2023-01-01,2023-01-05,Credit Card,Delivered,149.0,4178.1,2578.1
ORD_00002,CUST_0250,STR_103,2023-01-01,2023-01-05,UPI,Delivered,99.0,15291.0,5691.0
ORD_00003,CUST_0044,STR_108,2023-01-01,2023-01-05,UPI,Delivered,149.0,22499.1,7499.1
ORD_00004,CUST_0141,STR_103,2023-01-02,2023-01-07,UPI,Delivered,99.0,3134.05,1934.05
ORD_00005,CUST_0012,STR_104,2024-03-14,2024-03-18,UPI,Delivered,0.0,112410.0,17410.0
ORD_00006,CUST_0192,STR_109,2023-01-02,2023-01-04,Cash on Delivery (COD),Delivered,250.0,27248.05,10248.05
ORD_00007,CUST_0140,STR_106,2023-12-08,2023-12-09,Cash on Delivery (COD),Delivered,99.0,25500.0,9500.0
ORD_00008,CUST_0056,STR_103,2023-01-03,2023-01-06,UPI,Delivered,149.0,7018.2,4218.2
ORD_00009,CUST_0285,STR_108,2024-04-27,2024-04-29,Credit Card,Delivered,149.0,7645.75,1445.75
ORD_00010,CUST_0175,STR_108,2023-01-18,2023-01-21,UPI,Delivered,250.0,6980.0,4780.0
ORD_00011,CUST_0135,STR_103,2023-07-21,2023-07-22,UPI,Delivered,0.0,56919.05,14519.05
ORD_00012,CUST_0215,STR_103,2024-01-27,2024-01-30,Debit Card,Delivered,250.0,4749.05,2949.05
ORD_00013,CUST_0262,STR_101,2023-12-02,2023-12-04,UPI,Delivered,0.0,21249.15,6249.15
ORD_00014,CUST_0241,STR_107,2023-01-08,2023-01-13,UPI,Delivered,149.0,4749.05,1549.05
ORD_00015,CUST_0051,STR_102,2023-06-29,2023-07-01,UPI,Delivered,99.0,25498.3,6498.3
ORD_00016,CUST_0233,STR_102,2023-01-10,2023-01-15,Cash on Delivery (COD),Returned,0.0,113449.0,36449.0
ORD_00017,CUST_0273,STR_107,2023-01-11,2023-01-15,Debit Card,Delivered,99.0,68799.0,13299.0
ORD_00018,CUST_0051,STR_102,2023-07-09,2023-07-10,Net Banking,Delivered,250.0,53820.0,15820.0
ORD_00019,CUST_0164,STR_109,2024-08-24,2024-08-28,UPI,Delivered,99.0,4499.1,1299.1
ORD_00020,CUST_0314,STR_104,2023-01-12,2023-01-14,Credit Card,Delivered,0.0,6267.15,3867.15
ORD_00021,CUST_0288,STR_110,2024-06-11,2024-06-15,Net Banking,Delivered,250.0,76763.85,22763.85
ORD_00022,CUST_0273,STR_105,2023-01-15,2023-01-20,UPI,Delivered,0.0,33249.05,11249.05
ORD_00023,CUST_0035,STR_107,2023-02-24,2023-02-28,UPI,Delivered,0.0,13775.0,4775.0
ORD_00024,CUST_0035,STR_109,2023-03-07,2023-03-11,Cash on Delivery (COD),Delivered,0.0,9998.0,5598.0
ORD_00025,CUST_0028,STR_110,2023-09-07,2023-09-08,UPI,Delivered,149.0,24225.0,3225.0
ORD_00026,CUST_0012,STR_105,2024-02-23,2024-02-27,Net Banking,Delivered,0.0,16597.0,8697.0
ORD_00027,CUST_0127,STR_106,2023-01-18,2023-01-21,UPI,Delivered,99.0,94900.0,22900.0
ORD_00028,CUST_0331,STR_110,2024-09-16,2024-09-21,Net Banking,Delivered,99.0,7497.0,4647.0
ORD_00029,CUST_0227,STR_106,2023-07-24,2023-07-26,UPI,Delivered,0.0,4999.0,2799.0
ORD_00030,CUST_0287,STR_103,2023-01-21,2023-01-26,Credit Card,Delivered,0.0,48598.2,12598.2
ORD_00031,CUST_0179,STR_110,2023-01-21,2023-01-23,Net Banking,Delivered,0.0,3306.5,1206.5
ORD_00032,CUST_0140,STR_109,2023-12-06,2023-12-07,Credit Card,Delivered,99.0,4749.05,2949.05
ORD_00033,CUST_0306,STR_110,2023-12-04,2023-12-08,Cash on Delivery (COD),Delivered,250.0,86597.1,20997.1
ORD_00034,CUST_0262,STR_101,2023-11-11,2023-11-12,UPI,Delivered,0.0,26865.25,4665.25
ORD_00035,CUST_0141,STR_103,2023-01-22,2023-01-26,Credit Card,Delivered,250.0,9498.1,5898.1
ORD_00036,CUST_0246,STR_104,2023-11-08,2023-11-13,Credit Card,Delivered,0.0,49565.6,11665.6
ORD_00037,CUST_0200,STR_108,2023-01-24,2023-01-27,UPI,Returned,0.0,2499.0,1549.0
ORD_00038,CUST_0009,STR_102,2023-01-25,2023-01-30,Cash on Delivery (COD),Delivered,99.0,33238.6,13938.6
ORD_00039,CUST_0070,STR_103,2023-06-25,2023-06-30,UPI,Delivered,250.0,7002.0,2802.0
ORD_00040,CUST_0116,STR_106,2024-03-12,2024-03-14,Cash on Delivery (COD),Delivered,149.0,61749.05,16749.05
ORD_00041,CUST_0151,STR_104,2023-04-27,2023-04-28,UPI,Delivered,0.0,60748.2,14798.2
ORD_00042,CUST_0194,STR_109,2023-11-28,2023-11-30,UPI,Delivered,0.0,56799.0,17299.0
ORD_00043,CUST_0130,STR_101,2023-05-23,2023-05-25,Debit Card,Delivered,99.0,137704.1,35704.1
ORD_00044,CUST_0221,STR_109,2024-02-17,2024-02-20,Debit Card,Delivered,0.0,25415.0,6415.0
ORD_00045,CUST_0171,STR_108,2023-01-29,2023-02-03,Credit Card,Delivered,99.0,39297.1,14497.1
ORD_00046,CUST_0197,STR_108,2024-03-05,2024-03-10,Credit Card,Returned,250.0,24698.1,9698.1
ORD_00047,CUST_0051,STR_101,2023-06-30,2023-07-02,UPI,Delivered,250.0,140998.05,35998.05
ORD_00048,CUST_0155,STR_109,2023-12-29,2023-12-31,UPI,Delivered,250.0,7476.6,4276.6
ORD_00049,CUST_0117,STR_110,2024-09-07,2024-09-10,Credit Card,Delivered,250.0,8998.2,2598.2
ORD_00050,CUST_0155,STR_107,2023-11-30,2023-12-01,Debit Card,Delivered,0.0,34999.0,12999.0
ORD_00051,CUST_0144,STR_110,2023-08-27,2023-09-01,Net Banking,Delivered,99.0,34345.5,8845.5
ORD_00052,CUST_0253,STR_109,2023-02-03,2023-02-08,Cash on Delivery (COD),Delivered,149.0,55549.05,18549.05
ORD_00053,CUST_0171,STR_108,2023-02-06,2023-02-07,Credit Card,Delivered,149.0,3501.0,1401.0
ORD_00054,CUST_0324,STR_102,2023-02-06,2023-02-11,Credit Card,Delivered,99.0,7998.4,3598.4
ORD_00055,CUST_0035,STR_104,2023-03-08,2023-03-12,Net Banking,Delivered,0.0,8999.1,3499.1
ORD_00056,CUST_0192,STR_103,2023-02-07,2023-02-11,Credit Card,Delivered,99.0,7199.1,2699.1
ORD_00057,CUST_0131,STR_105,2023-02-07,2023-02-08,Debit Card,Delivered,0.0,1349.1,549.1
ORD_00058,CUST_0158,STR_107,2023-06-07,2023-06-11,UPI,Delivered,0.0,4998.0,3098.0
ORD_00059,CUST_0113,STR_110,2024-02-29,2024-03-03,UPI,Delivered,99.0,37940.05,12240.05
ORD_00060,CUST_0262,STR_110,2023-11-30,2023-12-03,Debit Card,Returned,149.0,62000.0,14000.0
ORD_00061,CUST_0183,STR_105,2023-02-25,2023-03-02,UPI,Delivered,250.0,42296.4,11296.4
ORD_00062,CUST_0113,STR_110,2024-02-22,2024-02-26,Debit Card,Delivered,0.0,17990.0,9590.0
ORD_00063,CUST_0246,STR_104,2023-11-03,2023-11-05,UPI,Delivered,0.0,2499.0,1549.0
ORD_00064,CUST_0002,STR_102,2023-02-11,2023-02-15,Credit Card,Cancelled,250.0,32648.1,11648.1
ORD_00065,CUST_0265,STR_103,2023-04-18,2023-04-20,Cash on Delivery (COD),Delivered,99.0,3890.0,1790.0
ORD_00066,CUST_0230,STR_105,2023-04-28,2023-05-01,Credit Card,Delivered,0.0,1499.0,699.0
ORD_00067,CUST_0070,STR_103,2023-07-15,2023-07-20,UPI,Delivered,149.0,71464.2,10464.2
ORD_00068,CUST_0010,STR_108,2024-01-26,2024-01-30,UPI,Returned,0.0,76500.0,11500.0
ORD_00069,CUST_0158,STR_109,2023-05-26,2023-05-31,Debit Card,Delivered,149.0,36100.0,12100.0
ORD_00070,CUST_0248,STR_101,2024-10-02,2024-10-07,Debit Card,Delivered,99.0,37023.1,15123.1
ORD_00071,CUST_0140,STR_107,2023-11-30,2023-12-04,UPI,Delivered,250.0,49400.0,15400.0
ORD_00072,CUST_0242,STR_108,2023-04-16,2023-04-20,Credit Card,Delivered,99.0,77400.0,18400.0
ORD_00073,CUST_0034,STR_109,2023-02-14,2023-02-15,UPI,Delivered,149.0,4249.15,1049.15
ORD_00074,CUST_0227,STR_106,2023-06-30,2023-07-03,Debit Card,Delivered,149.0,28146.0,7646.0
ORD_00075,CUST_0274,STR_103,2023-02-16,2023-02-20,UPI,Delivered,0.0,17575.0,6575.0
ORD_00076,CUST_0010,STR_106,2024-01-29,2024-02-01,Debit Card,Delivered,250.0,7599.05,3099.05
ORD_00077,CUST_0274,STR_104,2023-02-17,2023-02-21,Credit Card,Delivered,250.0,14816.2,9216.2
ORD_00078,CUST_0198,STR_107,2024-11-08,2024-11-11,UPI,Delivered,250.0,124900.0,29900.0
ORD_00079,CUST_0270,STR_104,2023-02-18,2023-02-19,Net Banking,Delivered,0.0,7780.0,3580.0
ORD_00080,CUST_0273,STR_106,2023-02-18,2023-02-22,UPI,Delivered,99.0,4178.1,2578.1
ORD_00081,CUST_0197,STR_107,2024-03-26,2024-03-31,Net Banking,Delivered,99.0,7018.2,4218.2
ORD_00082,CUST_0248,STR_101,2024-09-26,2024-10-01,Net Banking,Delivered,250.0,25233.1,10533.1
ORD_00083,CUST_0314,STR_103,2023-02-20,2023-02-21,UPI,Delivered,0.0,69998.0,25998.0
ORD_00084,CUST_0056,STR_104,2023-02-21,2023-02-24,Net Banking,Delivered,149.0,20462.35,8762.35
ORD_00085,CUST_0242,STR_103,2023-04-04,2023-04-09,Cash on Delivery (COD),Delivered,250.0,22499.1,7499.1
ORD_00086,CUST_0051,STR_101,2023-07-02,2023-07-07,Credit Card,Delivered,99.0,1869.15,1069.15
ORD_00087,CUST_0155,STR_109,2023-12-04,2023-12-09,Credit Card,Delivered,99.0,86998.1,17498.1
ORD_00088,CUST_0293,STR_104,2023-02-24,2023-03-01,Credit Card,Delivered,250.0,118655.0,23655.0
ORD_00089,CUST_0236,STR_109,2023-02-25,2023-03-02,Credit Card,Delivered,99.0,112410.0,17410.0
ORD_00090,CUST_0187,STR_102,2023-02-25,2023-02-26,UPI,Delivered,99.0,31450.0,9450.0
ORD_00091,CUST_0054,STR_105,2023-02-26,2023-02-27,Debit Card,Delivered,149.0,23749.05,8749.05
ORD_00092,CUST_0250,STR_104,2023-02-27,2023-02-28,UPI,Delivered,250.0,91747.1,21547.1
ORD_00093,CUST_0112,STR_109,2023-03-01,2023-03-06,UPI,Delivered,250.0,153890.0,38890.0
ORD_00094,CUST_0070,STR_103,2023-06-28,2023-07-03,UPI,Returned,149.0,25500.0,9500.0
ORD_00095,CUST_0130,STR_104,2023-05-18,2023-05-23,Credit Card,Delivered,149.0,2966.5,1866.5
ORD_00096,CUST_0241,STR_105,2023-03-02,2023-03-04,Cash on Delivery (COD),Delivered,0.0,9998.0,3598.0
ORD_00097,CUST_0070,STR_101,2023-07-09,2023-07-10,Debit Card,Delivered,0.0,2848.1,1248.1
ORD_00098,CUST_0095,STR_104,2024-08-27,2024-08-31,Credit Card,Delivered,0.0,3315.5,2215.5
ORD_00099,CUST_0272,STR_107,2024-02-10,2024-02-14,UPI,Delivered,250.0,23749.05,8749.05
ORD_00100,CUST_0278,STR_107,2023-04-21,2023-04-25,Cash on Delivery (COD),Delivered,0.0,8098.2,4398.2
ORD_00101,CUST_0075,STR_104,2024-01-17,2024-01-19,Credit Card,Delivered,250.0,58900.0,10900.0
ORD_00102,CUST_0249,STR_105,2023-03-06,2023-03-10,Debit Card,Cancelled,250.0,7999.0,3499.0
ORD_00103,CUST_0113,STR_102,2024-03-02,2024-03-04,UPI,Delivered,149.0,2249.1,1299.1
ORD_00104,CUST_0243,STR_107,2023-03-06,2023-03-09,Debit Card,Delivered,250.0,6799.2,799.2
ORD_00105,CUST_0306,STR_102,2023-11-28,2023-12-01,Cash on Delivery (COD),Cancelled,250.0,152249.0,27249.0
ORD_00106,CUST_0227,STR_107,2023-07-11,2023-07-13,Credit Card,Delivered,99.0,32300.0,8300.0
ORD_00107,CUST_0141,STR_103,2023-03-08,2023-03-10,Net Banking,Delivered,99.0,30199.1,11699.1
ORD_00108,CUST_0155,STR_108,2023-12-23,2023-12-25,UPI,Delivered,149.0,5998.0,3798.0
ORD_00109,CUST_0081,STR_104,2023-03-09,2023-03-12,UPI,Delivered,250.0,8095.5,1895.5
ORD_00110,CUST_0022,STR_107,2023-03-10,2023-03-13,UPI,Delivered,99.0,85410.0,13410.0
ORD_00111,CUST_0141,STR_104,2023-03-11,2023-03-16,Credit Card,Delivered,149.0,17090.5,8690.5
ORD_00112,CUST_0241,STR_109,2023-03-12,2023-03-16,UPI,Delivered,99.0,140910.0,24910.0
ORD_00113,CUST_0051,STR_110,2023-07-28,2023-07-30,Credit Card,Delivered,99.0,52700.0,4700.0
ORD_00114,CUST_0200,STR_108,2023-03-14,2023-03-15,Net Banking,Delivered,99.0,64999.0,19999.0
ORD_00115,CUST_0325,STR_101,2023-03-14,2023-03-17,UPI,Delivered,149.0,24999.0,9999.0
ORD_00116,CUST_0113,STR_102,2024-02-25,2024-03-01,Net Banking,Delivered,99.0,131597.4,38097.4
ORD_00117,CUST_0161,STR_110,2023-03-15,2023-03-18,UPI,Returned,0.0,13499.1,3999.1
ORD_00118,CUST_0257,STR_109,2024-04-30,2024-05-05,Credit Card,Delivered,0.0,7999.0,3499.0
ORD_00119,CUST_0070,STR_103,2023-06-28,2023-07-03,Credit Card,Delivered,0.0,2199.0,1399.0
ORD_00120,CUST_0068,STR_109,2023-03-16,2023-03-17,UPI,Delivered,0.0,1274.15,474.15
ORD_00121,CUST_0105,STR_109,2024-07-15,2024-07-19,Net Banking,Returned,0.0,43745.5,14945.5
ORD_00122,CUST_0166,STR_104,2023-03-18,2023-03-20,UPI,Delivered,0.0,21675.0,5675.0
ORD_00123,CUST_0123,STR_101,2023-05-05,2023-05-07,UPI,Delivered,149.0,6170.25,1670.25
ORD_00124,CUST_0297,STR_102,2023-03-18,2023-03-22,UPI,Delivered,149.0,8499.0,2499.0
ORD_00125,CUST_0141,STR_103,2023-03-18,2023-03-21,UPI,Delivered,99.0,1499.0,699.0
ORD_00126,CUST_0051,STR_101,2023-07-07,2023-07-08,Net Banking,Returned,250.0,14249.05,4749.05
ORD_00127,CUST_0092,STR_105,2023-09-16,2023-09-17,UPI,Delivered,0.0,25998.0,10998.0
ORD_00128,CUST_0035,STR_108,2023-03-19,2023-03-21,Credit Card,Delivered,0.0,25535.25,9735.25
ORD_00129,CUST_0262,STR_101,2023-12-03,2023-12-07,Credit Card,Delivered,0.0,64999.0,19999.0
ORD_00130,CUST_0092,STR_107,2023-10-08,2023-10-11,Cash on Delivery (COD),Delivered,0.0,25500.0,9500.0
ORD_00131,CUST_0070,STR_104,2023-06-21,2023-06-26,Credit Card,Delivered,0.0,51000.0,19000.0
ORD_00132,CUST_0121,STR_107,2024-03-16,2024-03-19,Debit Card,Delivered,149.0,55249.15,10249.15
ORD_00133,CUST_0205,STR_108,2023-03-20,2023-03-25,Credit Card,Delivered,250.0,39490.5,12490.5
ORD_00134,CUST_0163,STR_104,2023-03-20,2023-03-22,UPI,Delivered,250.0,12349.05,4849.05
ORD_00135,CUST_0140,STR_107,2023-12-13,2023-12-14,Net Banking,Delivered,99.0,17990.0,5590.0
ORD_00136,CUST_0265,STR_104,2023-04-10,2023-04-13,Credit Card,Delivered,0.0,15298.2,3298.2
ORD_00137,CUST_0002,STR_102,2023-03-20,2023-03-23,UPI,Delivered,99.0,14392.0,1992.0
ORD_00138,CUST_0306,STR_110,2023-12-05,2023-12-07,UPI,Delivered,0.0,8995.0,2795.0
ORD_00139,CUST_0314,STR_103,2023-03-22,2023-03-26,Cash on Delivery (COD),Delivered,149.0,29900.0,10900.0
ORD_00140,CUST_0248,STR_102,2024-09-18,2024-09-22,UPI,Delivered,0.0,14500.0,5500.0
ORD_00141,CUST_0314,STR_104,2023-03-22,2023-03-24,Credit Card,Delivered,149.0,28500.0,7500.0
ORD_00142,CUST_0160,STR_102,2023-09-11,2023-09-12,UPI,Delivered,99.0,16140.5,6540.5
ORD_00143,CUST_0012,STR_104,2024-03-01,2024-03-04,UPI,Delivered,99.0,26091.0,6091.0
ORD_00144,CUST_0314,STR_103,2023-03-25,2023-03-30,UPI,Delivered,0.0,8074.05,2074.05
ORD_00145,CUST_0253,STR_109,2023-03-25,2023-03-28,Net Banking,Delivered,0.0,9499.05,3999.05
ORD_00146,CUST_0311,STR_103,2023-03-27,2023-03-28,Credit Card,Delivered,149.0,18320.0,2320.0
ORD_00147,CUST_0068,STR_108,2023-03-28,2023-04-01,Debit Card,Delivered,250.0,11998.0,6798.0
ORD_00148,CUST_0262,STR_106,2023-12-06,2023-12-09,UPI,Delivered,0.0,75920.0,3920.0
ORD_00149,CUST_0070,STR_105,2023-07-11,2023-07-14,Credit Card,Cancelled,99.0,8545.25,4345.25
ORD_00150,CUST_0267,STR_109,2023-03-30,2023-04-01,UPI,Delivered,0.0,79739.05,26339.05
ORD_00151,CUST_0266,STR_105,2023-08-09,2023-08-14,UPI,Delivered,99.0,5520.75,1020.75
ORD_00152,CUST_0122,STR_108,2023-03-30,2023-04-04,Credit Card,Returned,149.0,7497.0,4647.0
ORD_00153,CUST_0339,STR_101,2024-02-02,2024-02-04,Debit Card,Delivered,0.0,5998.0,3798.0
ORD_00154,CUST_0193,STR_102,2024-10-20,2024-10-21,UPI,Returned,250.0,21755.0,5755.0
ORD_00155,CUST_0092,STR_106,2023-09-23,2023-09-26,UPI,Delivered,0.0,53128.15,18328.15
ORD_00156,CUST_0140,STR_106,2023-12-28,2023-12-29,Credit Card,Delivered,250.0,26910.0,7910.0
ORD_00157,CUST_0070,STR_103,2023-07-19,2023-07-24,Credit Card,Delivered,250.0,6796.0,1996.0
ORD_00158,CUST_0262,STR_101,2023-11-11,2023-11-16,Debit Card,Delivered,149.0,6796.0,1996.0
ORD_00159,CUST_0242,STR_104,2023-04-02,2023-04-04,UPI,Delivered,250.0,18500.0,7500.0
ORD_00160,CUST_0035,STR_109,2023-04-02,2023-04-07,UPI,Delivered,149.0,2499.0,1549.0
ORD_00161,CUST_0262,STR_101,2023-12-02,2023-12-04,UPI,Delivered,250.0,38000.0,14000.0
ORD_00162,CUST_0012,STR_103,2024-03-02,2024-03-03,Credit Card,Delivered,250.0,118655.0,23655.0
ORD_00163,CUST_0140,STR_106,2023-12-13,2023-12-16,UPI,Delivered,0.0,33538.5,11338.5
ORD_00164,CUST_0243,STR_103,2023-04-05,2023-04-06,UPI,Delivered,0.0,25413.8,9313.8
ORD_00165,CUST_0089,STR_106,2023-10-23,2023-10-27,UPI,Delivered,99.0,76310.0,23310.0
ORD_00166,CUST_0155,STR_108,2023-12-21,2023-12-22,Net Banking,Delivered,0.0,11694.1,4394.1
ORD_00167,CUST_0034,STR_109,2023-04-06,2023-04-10,Debit Card,Delivered,0.0,8998.2,2598.2
ORD_00168,CUST_0241,STR_107,2023-04-06,2023-04-08,Credit Card,Returned,0.0,86199.2,20399.2
ORD_00169,CUST_0241,STR_108,2023-04-07,2023-04-11,UPI,Delivered,99.0,3509.1,2109.1
ORD_00170,CUST_0227,STR_107,2023-07-24,2023-07-28,Credit Card,Delivered,149.0,17990.0,9590.0
ORD_00171,CUST_0257,STR_109,2024-04-29,2024-05-04,UPI,Delivered,0.0,31718.6,10118.6
ORD_00172,CUST_0051,STR_107,2023-07-18,2023-07-19,UPI,Delivered,0.0,3315.5,2215.5
ORD_00173,CUST_0248,STR_102,2024-09-19,2024-09-21,UPI,Delivered,0.0,115820.0,29820.0
ORD_00174,CUST_0184,STR_104,2024-07-12,2024-07-13,UPI,Delivered,99.0,3890.0,1790.0
ORD_00175,CUST_0217,STR_102,2024-10-28,2024-11-02,Net Banking,Delivered,149.0,9999.0,4499.0
ORD_00176,CUST_0199,STR_102,2023-04-09,2023-04-11,UPI,Delivered,0.0,43350.0,11350.0
ORD_00177,CUST_0141,STR_104,2023-04-10,2023-04-12,Credit Card,Delivered,99.0,20400.0,4400.0
ORD_00178,CUST_0325,STR_101,2023-04-10,2023-04-11,Debit Card,Delivered,0.0,3490.0,2390.0
ORD_00179,CUST_0228,STR_108,2023-07-16,2023-07-21,Cash on Delivery (COD),Delivered,0.0,17990.0,5590.0
ORD_00180,CUST_0135,STR_103,2023-07-15,2023-07-16,Credit Card,Delivered,250.0,72250.0,7250.0
ORD_00181,CUST_0249,STR_105,2023-04-11,2023-04-16,Credit Card,Delivered,0.0,2639.2,1439.2
ORD_00182,CUST_0232,STR_101,2023-09-23,2023-09-27,UPI,Delivered,149.0,59800.0,21800.0
ORD_00183,CUST_0227,STR_106,2023-07-03,2023-07-04,UPI,Delivered,0.0,80324.15,11324.15
ORD_00184,CUST_0347,STR_107,2023-10-25,2023-10-27,Cash on Delivery (COD),Delivered,250.0,14999.0,5499.0
ORD_00185,CUST_0311,STR_104,2023-04-12,2023-04-17,Credit Card,Delivered,99.0,26998.2,7998.2
ORD_00186,CUST_0070,STR_104,2023-06-28,2023-06-30,UPI,Delivered,250.0,9998.0,5598.0
ORD_00187,CUST_0227,STR_105,2023-07-03,2023-07-06,Net Banking,Delivered,0.0,118655.0,23655.0
ORD_00188,CUST_0116,STR_108,2024-03-24,2024-03-26,Credit Card,Delivered,149.0,24999.0,9999.0
ORD_00189,CUST_0306,STR_102,2023-12-04,2023-12-07,Credit Card,Delivered,149.0,24999.0,9999.0
ORD_00190,CUST_0087,STR_110,2023-04-13,2023-04-16,UPI,Delivered,149.0,131150.0,18150.0
ORD_00191,CUST_0138,STR_109,2024-02-29,2024-03-04,UPI,Delivered,0.0,15424.05,5474.05
ORD_00192,CUST_0051,STR_102,2023-07-22,2023-07-24,Credit Card,Delivered,0.0,37985.0,13785.0
ORD_00193,CUST_0243,STR_104,2023-04-14,2023-04-16,Credit Card,Delivered,149.0,32173.15,12623.15
ORD_00194,CUST_0173,STR_106,2023-04-14,2023-04-19,UPI,Delivered,149.0,35150.0,13150.0
ORD_00195,CUST_0243,STR_110,2023-04-14,2023-04-19,Cash on Delivery (COD),Returned,250.0,24999.0,9999.0
ORD_00196,CUST_0221,STR_109,2024-01-22,2024-01-25,Net Banking,Delivered,0.0,8095.5,3895.5
ORD_00197,CUST_0274,STR_103,2023-04-16,2023-04-17,Credit Card,Delivered,149.0,31489.0,10539.0
ORD_00198,CUST_0273,STR_105,2023-04-16,2023-04-17,Debit Card,Delivered,250.0,7999.0,3499.0
ORD_00199,CUST_0265,STR_103,2023-04-17,2023-04-19,UPI,Delivered,0.0,98498.0,33498.0
ORD_00200,CUST_0198,STR_110,2024-11-02,2024-11-07,Cash on Delivery (COD),Delivered,250.0,25635.75,13035.75
ORD_00201,CUST_0184,STR_102,2024-06-17,2024-06-19,Credit Card,Delivered,250.0,8499.0,2499.0
ORD_00202,CUST_0135,STR_103,2023-07-31,2023-08-02,UPI,Delivered,149.0,12349.05,4849.05
ORD_00203,CUST_0220,STR_110,2023-04-17,2023-04-20,Debit Card,Delivered,99.0,118655.0,23655.0
ORD_00204,CUST_0314,STR_107,2023-04-17,2023-04-18,UPI,Delivered,0.0,25649.05,7649.05
ORD_00205,CUST_0140,STR_106,2023-12-28,2023-12-29,Debit Card,Delivered,149.0,30770.5,7670.5
ORD_00206,CUST_0141,STR_107,2023-04-18,2023-04-23,UPI,Delivered,0.0,69998.0,25998.0
ORD_00207,CUST_0148,STR_102,2023-10-21,2023-10-26,UPI,Delivered,99.0,27075.0,6075.0
ORD_00208,CUST_0044,STR_109,2023-04-18,2023-04-22,UPI,Delivered,149.0,12325.0,3325.0
ORD_00209,CUST_0094,STR_107,2024-07-10,2024-07-13,Credit Card,Delivered,99.0,64999.0,19999.0
ORD_00210,CUST_0242,STR_104,2023-04-19,2023-04-23,Credit Card,Delivered,149.0,12325.0,3325.0
ORD_00211,CUST_0256,STR_109,2023-04-20,2023-04-24,Debit Card,Delivered,99.0,13478.1,7078.1
ORD_00212,CUST_0051,STR_110,2023-07-27,2023-07-30,UPI,Delivered,149.0,29900.0,10900.0
ORD_00213,CUST_0328,STR_110,2024-10-26,2024-10-28,UPI,Delivered,0.0,104398.1,27998.1
ORD_00214,CUST_0113,STR_102,2024-02-19,2024-02-24,UPI,Delivered,250.0,4999.0,3199.0
ORD_00215,CUST_0077,STR_109,2023-04-24,2023-04-27,UPI,Delivered,0.0,5699.05,3099.05
ORD_00216,CUST_0116,STR_108,2024-03-13,2024-03-17,Debit Card,Returned,250.0,44645.75,16445.75
ORD_00217,CUST_0337,STR_104,2023-09-15,2023-09-20,UPI,Delivered,99.0,11049.15,3549.15
ORD_00218,CUST_0155,STR_103,2023-12-07,2023-12-11,Cash on Delivery (COD),Delivered,149.0,11998.0,6798.0
ORD_00219,CUST_0105,STR_108,2024-07-16,2024-07-19,Credit Card,Delivered,0.0,63399.1,13199.1
ORD_00220,CUST_0155,STR_108,2023-12-03,2023-12-07,Credit Card,Delivered,0.0,25650.0,4650.0
ORD_00221,CUST_0028,STR_109,2023-10-03,2023-10-04,Cash on Delivery (COD),Returned,250.0,6631.0,4431.0
ORD_00222,CUST_0281,STR_109,2024-06-01,2024-06-02,Cash on Delivery (COD),Returned,0.0,52700.0,4700.0
ORD_00223,CUST_0249,STR_103,2023-04-27,2023-05-01,Net Banking,Returned,0.0,9748.05,4348.05
ORD_00224,CUST_0155,STR_108,2023-12-25,2023-12-26,UPI,Delivered,0.0,74522.35,21322.35
ORD_00225,CUST_0140,STR_105,2023-11-29,2023-12-03,UPI,Cancelled,99.0,27075.0,6075.0
ORD_00226,CUST_0257,STR_108,2024-04-28,2024-05-03,UPI,Delivered,149.0,75999.05,15999.05
ORD_00227,CUST_0092,STR_106,2023-09-30,2023-10-01,Credit Card,Delivered,250.0,79999.0,19999.0
ORD_00228,CUST_0119,STR_108,2024-08-20,2024-08-21,Credit Card,Delivered,250.0,7599.05,3099.05
ORD_00229,CUST_0231,STR_108,2024-05-09,2024-05-12,UPI,Delivered,0.0,8495.0,3695.0
ORD_00230,CUST_0036,STR_108,2024-07-29,2024-08-02,UPI,Returned,0.0,93499.1,23499.1
ORD_00231,CUST_0054,STR_106,2023-04-30,2023-05-01,Credit Card,Delivered,250.0,3704.05,2304.05
ORD_00232,CUST_0108,STR_108,2023-08-13,2023-08-18,Credit Card,Delivered,250.0,12999.0,5499.0
ORD_00233,CUST_0066,STR_101,2023-04-30,2023-05-03,Cash on Delivery (COD),Delivered,99.0,17998.2,6998.2
ORD_00234,CUST_0249,STR_101,2023-04-30,2023-05-01,Credit Card,Delivered,99.0,4748.1,2848.1
ORD_00235,CUST_0218,STR_104,2024-01-22,2024-01-27,UPI,Cancelled,0.0,1499.0,699.0
ORD_00236,CUST_0044,STR_103,2023-05-02,2023-05-04,Credit Card,Delivered,99.0,18821.25,8471.25
ORD_00237,CUST_0241,STR_106,2023-05-02,2023-05-03,UPI,Delivered,0.0,14249.05,4749.05
ORD_00238,CUST_0155,STR_108,2023-12-01,2023-12-05,Credit Card,Delivered,250.0,3501.0,1401.0
ORD_00239,CUST_0257,STR_109,2024-05-12,2024-05-13,UPI,Delivered,0.0,8995.0,2795.0
ORD_00240,CUST_0166,STR_103,2023-05-02,2023-05-06,UPI,Delivered,99.0,3704.05,2304.05
ORD_00241,CUST_0179,STR_110,2023-05-03,2023-05-04,UPI,Returned,250.0,3299.0,2099.0
ORD_00242,CUST_0063,STR_107,2023-06-14,2023-06-16,Debit Card,Delivered,250.0,24225.0,8225.0
ORD_00243,CUST_0219,STR_103,2023-06-13,2023-06-14,Credit Card,Delivered,99.0,99649.05,25849.05
ORD_00244,CUST_0229,STR_105,2023-05-04,2023-05-09,Credit Card,Delivered,0.0,25650.0,4650.0
ORD_00245,CUST_0197,STR_103,2024-03-06,2024-03-09,Debit Card,Returned,0.0,4249.15,2049.15
ORD_00246,CUST_0257,STR_109,2024-05-27,2024-05-29,UPI,Delivered,149.0,4749.05,1549.05
ORD_00247,CUST_0031,STR_110,2023-10-21,2023-10-23,Debit Card,Delivered,250.0,4999.0,2799.0
ORD_00248,CUST_0246,STR_104,2023-11-02,2023-11-06,Net Banking,Delivered,250.0,31499.1,9499.1
ORD_00249,CUST_0105,STR_109,2024-07-12,2024-07-14,UPI,Delivered,0.0,76500.0,11500.0
ORD_00250,CUST_0056,STR_103,2023-05-08,2023-05-11,Cash on Delivery (COD),Returned,0.0,41527.0,20727.0
ORD_00251,CUST_0227,STR_107,2023-06-29,2023-06-30,UPI,Delivered,99.0,9998.0,5598.0
ORD_00252,CUST_0262,STR_104,2023-11-26,2023-12-01,Debit Card,Delivered,149.0,3704.05,2304.05
ORD_00253,CUST_0316,STR_103,2024-03-06,2024-03-09,UPI,Delivered,149.0,31450.0,9450.0
ORD_00254,CUST_0034,STR_108,2023-05-12,2023-05-15,Cash on Delivery (COD),Delivered,250.0,9999.0,4499.0
ORD_00255,CUST_0054,STR_101,2023-05-12,2023-05-16,Cash on Delivery (COD),Delivered,0.0,14500.0,5500.0
ORD_00256,CUST_0274,STR_104,2023-05-12,2023-05-16,UPI,Delivered,0.0,4499.1,1299.1
ORD_00257,CUST_0250,STR_106,2023-05-12,2023-05-15,Net Banking,Delivered,0.0,13855.2,8655.2
ORD_00258,CUST_0257,STR_109,2024-05-19,2024-05-22,UPI,Delivered,0.0,48450.0,16450.0
ORD_00259,CUST_0113,STR_110,2024-03-02,2024-03-04,UPI,Delivered,149.0,26910.0,7910.0
ORD_00260,CUST_0281,STR_101,2024-06-10,2024-06-11,UPI,Delivered,0.0,26910.0,7910.0
ORD_00261,CUST_0179,STR_105,2023-05-14,2023-05-18,UPI,Returned,99.0,85000.0,20000.0
ORD_00262,CUST_0257,STR_108,2024-05-21,2024-05-23,Credit Card,Returned,0.0,8074.05,2074.05
ORD_00263,CUST_0117,STR_107,2024-08-20,2024-08-25,Debit Card,Delivered,250.0,149985.05,43185.05
ORD_00264,CUST_0242,STR_103,2023-05-15,2023-05-16,Debit Card,Delivered,0.0,5999.0,3399.0
ORD_00265,CUST_0306,STR_101,2023-11-19,2023-11-20,UPI,Delivered,250.0,3490.0,2390.0
ORD_00266,CUST_0122,STR_108,2023-05-15,2023-05-18,Debit Card,Delivered,149.0,4999.0,2799.0
ORD_00267,CUST_0277,STR_101,2024-09-23,2024-09-27,UPI,Delivered,0.0,91690.0,22690.0
ORD_00268,CUST_0281,STR_107,2024-06-23,2024-06-25,UPI,Delivered,250.0,5938.2,3538.2
ORD_00269,CUST_0242,STR_104,2023-05-18,2023-05-22,UPI,Delivered,0.0,9999.0,4499.0
ORD_00270,CUST_0304,STR_108,2023-05-18,2023-05-21,Credit Card,Delivered,99.0,19341.15,8741.15
ORD_00271,CUST_0127,STR_103,2023-05-19,2023-05-20,Net Banking,Delivered,0.0,21599.2,3599.2
ORD_00272,CUST_0311,STR_103,2023-05-19,2023-05-23,UPI,Delivered,99.0,5520.75,1020.75
ORD_00273,CUST_0271,STR_109,2024-02-25,2024-02-28,UPI,Delivered,99.0,5399.1,2799.1
ORD_00274,CUST_0179,STR_102,2023-05-20,2023-05-24,Credit Card,Delivered,250.0,62650.0,20650.0
ORD_00275,CUST_0306,STR_102,2023-12-06,2023-12-07,Credit Card,Delivered,0.0,8499.0,2499.0
ORD_00276,CUST_0262,STR_110,2023-11-16,2023-11-20,UPI,Delivered,99.0,2999.0,1899.0
ORD_00277,CUST_0157,STR_101,2023-05-21,2023-05-25,UPI,Delivered,99.0,3890.0,1790.0
ORD_00278,CUST_0262,STR_102,2023-11-21,2023-11-26,Net Banking,Delivered,0.0,28500.0,7500.0
ORD_00279,CUST_0056,STR_104,2023-05-23,2023-05-28,Cash on Delivery (COD),Delivered,0.0,24944.15,8644.15
ORD_00280,CUST_0192,STR_108,2023-05-23,2023-05-25,UPI,Delivered,149.0,5520.75,1020.75
ORD_00281,CUST_0314,STR_101,2023-05-23,2023-05-26,UPI,Delivered,149.0,25649.05,7649.05
ORD_00282,CUST_0095,STR_104,2024-09-26,2024-09-28,Credit Card,Delivered,99.0,112410.0,17410.0
ORD_00283,CUST_0325,STR_101,2023-05-24,2023-05-28,Net Banking,Delivered,99.0,102650.5,31150.5
ORD_00284,CUST_0141,STR_103,2023-05-24,2023-05-29,Debit Card,Delivered,0.0,82757.6,21557.6
ORD_00285,CUST_0236,STR_109,2023-05-25,2023-05-30,UPI,Delivered,0.0,27540.5,7540.5
ORD_00286,CUST_0127,STR_103,2023-05-25,2023-05-30,Credit Card,Delivered,0.0,8499.0,2499.0
ORD_00287,CUST_0024,STR_109,2023-06-29,2023-07-01,UPI,Delivered,149.0,45245.05,16645.05
ORD_00288,CUST_0257,STR_108,2024-05-22,2024-05-23,Net Banking,Delivered,149.0,55319.0,16519.0
ORD_00289,CUST_0054,STR_105,2023-05-27,2023-05-29,Cash on Delivery (COD),Delivered,99.0,1274.15,474.15
ORD_00290,CUST_0170,STR_109,2024-04-11,2024-04-13,Credit Card,Delivered,149.0,24641.5,4641.5
ORD_00291,CUST_0081,STR_101,2023-05-27,2023-05-28,UPI,Delivered,149.0,21599.2,3599.2
ORD_00292,CUST_0035,STR_107,2023-05-27,2023-05-31,UPI,Delivered,250.0,1424.05,624.05
ORD_00293,CUST_0193,STR_107,2024-10-11,2024-10-15,UPI,Delivered,250.0,4749.05,2549.05
ORD_00294,CUST_0183,STR_109,2023-05-28,2023-05-31,Debit Card,Delivered,250.0,34390.0,12190.0
ORD_00295,CUST_0314,STR_104,2023-05-28,2023-05-29,Credit Card,Delivered,0.0,21755.0,5755.0
ORD_00296,CUST_0258,STR_108,2024-05-25,2024-05-28,Credit Card,Delivered,0.0,5938.2,3538.2
ORD_00297,CUST_0128,STR_103,2023-05-29,2023-05-30,Credit Card,Delivered,250.0,1424.05,624.05
ORD_00298,CUST_0262,STR_102,2023-11-27,2023-12-01,UPI,Delivered,99.0,4999.0,3199.0
ORD_00299,CUST_0227,STR_106,2023-07-26,2023-07-27,Net Banking,Delivered,0.0,62041.0,12941.0
ORD_00300,CUST_0104,STR_109,2023-10-15,2023-10-20,Cash on Delivery (COD),Delivered,250.0,32274.05,12324.05
ORD_00301,CUST_0140,STR_105,2023-12-16,2023-12-21,Credit Card,Delivered,0.0,47498.1,17498.1
ORD_00302,CUST_0256,STR_109,2023-05-31,2023-06-04,Debit Card,Delivered,149.0,8995.0,2795.0
ORD_00303,CUST_0046,STR_108,2024-06-07,2024-06-12,UPI,Delivered,0.0,8995.0,2795.0
ORD_00304,CUST_0004,STR_110,2023-06-01,2023-06-02,UPI,Delivered,149.0,80750.0,15750.0
ORD_00305,CUST_0089,STR_106,2023-10-08,2023-10-09,Credit Card,Delivered,0.0,22950.0,6950.0
ORD_00306,CUST_0227,STR_108,2023-07-22,2023-07-24,Credit Card,Delivered,99.0,25689.1,8889.1
ORD_00307,CUST_0048,STR_102,2023-06-01,2023-06-05,UPI,Delivered,0.0,8812.0,3212.0
ORD_00308,CUST_0248,STR_102,2024-09-18,2024-09-22,UPI,Delivered,0.0,5938.2,3538.2
ORD_00309,CUST_0140,STR_105,2023-12-13,2023-12-17,Credit Card,Delivered,99.0,14500.0,5500.0
ORD_00310,CUST_0303,STR_102,2023-06-05,2023-06-06,Debit Card,Delivered,0.0,133748.15,28748.15
ORD_00311,CUST_0070,STR_103,2023-06-21,2023-06-22,UPI,Delivered,0.0,16569.25,5769.25
ORD_00312,CUST_0265,STR_109,2023-06-05,2023-06-07,Credit Card,Delivered,250.0,5398.2,3198.2
ORD_00313,CUST_0242,STR_104,2023-06-06,2023-06-08,UPI,Delivered,99.0,80665.0,8665.0
ORD_00314,CUST_0054,STR_106,2023-06-06,2023-06-10,Credit Card,Delivered,0.0,12569.2,7969.2
ORD_00315,CUST_0212,STR_103,2024-07-18,2024-07-20,UPI,Delivered,0.0,17990.0,9590.0
ORD_00316,CUST_0262,STR_110,2023-11-27,2023-12-01,Credit Card,Delivered,0.0,52700.0,4700.0
ORD_00317,CUST_0246,STR_104,2023-11-18,2023-11-20,Debit Card,Delivered,149.0,5999.0,3399.0
ORD_00318,CUST_0306,STR_110,2023-12-05,2023-12-06,Credit Card,Delivered,0.0,29749.15,7749.15
ORD_00319,CUST_0039,STR_102,2023-06-12,2023-06-13,Cash on Delivery (COD),Delivered,250.0,88546.15,25246.15
ORD_00320,CUST_0278,STR_105,2023-06-12,2023-06-17,UPI,Delivered,0.0,9499.05,3999.05
ORD_00321,CUST_0151,STR_104,2023-06-13,2023-06-15,Cash on Delivery (COD),Delivered,149.0,13150.25,6450.25
ORD_00322,CUST_0127,STR_103,2023-06-14,2023-06-18,Debit Card,Delivered,250.0,32685.5,10585.5
ORD_00323,CUST_0010,STR_107,2024-02-10,2024-02-15,UPI,Delivered,149.0,8995.0,2795.0
ORD_00324,CUST_0184,STR_104,2024-07-05,2024-07-06,UPI,Delivered,99.0,123080.0,20080.0
ORD_00325,CUST_0262,STR_104,2023-11-18,2023-11-23,Credit Card,Delivered,0.0,25500.0,9500.0
ORD_00326,CUST_0227,STR_105,2023-07-22,2023-07-25,Debit Card,Delivered,250.0,4748.1,2848.1
ORD_00327,CUST_0316,STR_103,2024-02-29,2024-03-02,Credit Card,Cancelled,99.0,94900.0,22900.0
ORD_00328,CUST_0243,STR_104,2023-06-14,2023-06-17,UPI,Delivered,0.0,28500.0,7500.0
ORD_00329,CUST_0241,STR_105,2023-06-14,2023-06-16,Debit Card,Delivered,250.0,49593.8,11493.8
ORD_00330,CUST_0089,STR_105,2023-10-17,2023-10-19,Credit Card,Delivered,250.0,76249.05,22249.05
ORD_00331,CUST_0092,STR_107,2023-09-21,2023-09-25,Credit Card,Delivered,250.0,13499.1,3999.1
ORD_00332,CUST_0113,STR_109,2024-03-12,2024-03-14,UPI,Delivered,250.0,112496.1,33896.1
ORD_00333,CUST_0227,STR_107,2023-07-01,2023-07-03,Credit Card,Delivered,0.0,51149.05,17149.05
ORD_00334,CUST_0241,STR_106,2023-06-17,2023-06-21,UPI,Delivered,250.0,7220.75,2420.75
ORD_00335,CUST_0051,STR_102,2023-06-29,2023-06-30,Credit Card,Delivered,149.0,28405.0,9405.0
ORD_00336,CUST_0314,STR_103,2023-06-17,2023-06-21,Net Banking,Delivered,250.0,7649.1,1649.1
ORD_00337,CUST_0013,STR_106,2024-02-14,2024-02-18,Credit Card,Delivered,149.0,15725.0,4725.0
ORD_00338,CUST_0056,STR_103,2023-06-18,2023-06-22,Debit Card,Delivered,149.0,5399.1,2799.1
ORD_00339,CUST_0198,STR_101,2024-10-30,2024-10-31,UPI,Delivered,0.0,8314.5,4014.5
ORD_00340,CUST_0184,STR_104,2024-06-25,2024-06-27,UPI,Delivered,250.0,1199.2,399.2
ORD_00341,CUST_0054,STR_107,2023-06-21,2023-06-25,Credit Card,Delivered,250.0,52398.0,16798.0
ORD_00342,CUST_0262,STR_105,2023-11-30,2023-12-04,Credit Card,Delivered,250.0,2399.2,1299.2
ORD_00343,CUST_0186,STR_102,2024-05-01,2024-05-02,Credit Card,Delivered,99.0,38000.0,14000.0
ORD_00344,CUST_0332,STR_106,2023-06-21,2023-06-24,Net Banking,Delivered,250.0,10527.3,6327.3
ORD_00345,CUST_0198,STR_109,2024-11-20,2024-11-24,UPI,Delivered,250.0,7645.75,1445.75
ORD_00346,CUST_0267,STR_108,2023-06-21,2023-06-25,Credit Card,Delivered,0.0,75999.05,15999.05
ORD_00347,CUST_0076,STR_103,2023-06-22,2023-06-24,Cash on Delivery (COD),Cancelled,99.0,8495.0,3695.0
ORD_00348,CUST_0242,STR_106,2023-06-22,2023-06-23,Cash on Delivery (COD),Delivered,149.0,16998.0,4998.0
ORD_00349,CUST_0246,STR_103,2023-11-03,2023-11-04,Cash on Delivery (COD),Delivered,149.0,2999.0,1899.0
ORD_00350,CUST_0166,STR_105,2023-06-23,2023-06-24,Cash on Delivery (COD),Delivered,0.0,3490.0,2390.0
ORD_00351,CUST_0026,STR_105,2023-06-24,2023-06-29,UPI,Delivered,99.0,17996.4,9196.4
ORD_00352,CUST_0201,STR_103,2024-09-15,2024-09-19,UPI,Delivered,0.0,28313.05,8613.05
ORD_00353,CUST_0278,STR_107,2023-06-26,2023-06-28,UPI,Delivered,0.0,62000.0,14000.0
ORD_00354,CUST_0082,STR_101,2023-06-27,2023-07-02,UPI,Delivered,99.0,23192.0,3192.0
ORD_00355,CUST_0184,STR_103,2024-07-03,2024-07-08,Credit Card,Delivered,0.0,63999.2,3999.2
ORD_00356,CUST_0063,STR_106,2023-06-28,2023-07-01,Credit Card,Delivered,99.0,6597.0,4197.0
ORD_00357,CUST_0131,STR_105,2023-06-29,2023-07-04,UPI,Delivered,0.0,8074.05,2074.05
ORD_00358,CUST_0092,STR_105,2023-09-13,2023-09-17,UPI,Delivered,0.0,6628.3,3828.3
ORD_00359,CUST_0257,STR_103,2024-05-05,2024-05-07,Debit Card,Delivered,0.0,14494.7,5794.7
ORD_00360,CUST_0282,STR_105,2023-07-02,2023-07-05,UPI,Delivered,0.0,24225.0,8225.0
ORD_00361,CUST_0093,STR_109,2023-09-04,2023-09-08,Net Banking,Delivered,149.0,4999.0,3199.0
ORD_00362,CUST_0220,STR_101,2023-07-03,2023-07-06,UPI,Delivered,149.0,3490.0,2390.0
ORD_00363,CUST_0151,STR_103,2023-07-04,2023-07-05,UPI,Delivered,0.0,8499.0,2499.0
ORD_00364,CUST_0179,STR_101,2023-07-05,2023-07-08,UPI,Delivered,99.0,6597.0,4197.0
ORD_00365,CUST_0063,STR_105,2023-07-05,2023-07-09,Credit Card,Delivered,99.0,35150.0,13150.0
ORD_00366,CUST_0163,STR_104,2023-07-05,2023-07-06,Cash on Delivery (COD),Delivered,149.0,62000.0,14000.0
ORD_00367,CUST_0249,STR_105,2023-07-06,2023-07-09,UPI,Returned,0.0,7018.2,4218.2
ORD_00368,CUST_0314,STR_103,2023-07-06,2023-07-10,Debit Card,Delivered,0.0,2374.05,1424.05
ORD_00369,CUST_0257,STR_108,2024-05-27,2024-05-29,Debit Card,Delivered,149.0,8545.25,2345.25
ORD_00370,CUST_0332,STR_109,2023-07-10,2023-07-13,UPI,Delivered,99.0,2999.0,1899.0
ORD_00371,CUST_0242,STR_103,2023-07-10,2023-07-12,UPI,Delivered,250.0,14249.05,4749.05
ORD_00372,CUST_0040,STR_103,2023-07-11,2023-07-14,UPI,Delivered,0.0,49600.0,1600.0
ORD_00373,CUST_0278,STR_106,2023-07-12,2023-07-16,UPI,Delivered,0.0,29109.0,9309.0
ORD_00374,CUST_0241,STR_106,2023-07-14,2023-07-16,UPI,Delivered,149.0,17990.0,9590.0
ORD_00375,CUST_0218,STR_103,2024-01-06,2024-01-10,Credit Card,Delivered,0.0,24999.0,9999.0
ORD_00376,CUST_0277,STR_104,2024-10-15,2024-10-18,Credit Card,Delivered,0.0,30089.4,8189.4
ORD_00377,CUST_0306,STR_105,2023-12-14,2023-12-17,UPI,Delivered,0.0,8495.0,3695.0
ORD_00378,CUST_0053,STR_105,2023-07-14,2023-07-17,UPI,Delivered,0.0,9010.75,3410.75
ORD_00379,CUST_0242,STR_104,2023-07-15,2023-07-17,Cash on Delivery (COD),Delivered,0.0,3141.0,2041.0
ORD_00380,CUST_0297,STR_101,2023-07-17,2023-07-20,Credit Card,Delivered,0.0,2089.05,1289.05
ORD_00381,CUST_0325,STR_101,2023-07-18,2023-07-19,UPI,Delivered,0.0,3509.1,2109.1
ORD_00382,CUST_0002,STR_102,2023-07-18,2023-07-22,UPI,Delivered,0.0,29577.5,9177.5
ORD_00383,CUST_0281,STR_110,2024-06-04,2024-06-09,Net Banking,Delivered,149.0,5520.75,1020.75
ORD_00384,CUST_0158,STR_106,2023-07-19,2023-07-22,Debit Card,Delivered,0.0,38813.5,15313.5
ORD_00385,CUST_0306,STR_101,2023-12-14,2023-12-16,UPI,Delivered,149.0,80665.0,8665.0
ORD_00386,CUST_0128,STR_103,2023-07-19,2023-07-23,Credit Card,Delivered,0.0,9357.6,5157.6
ORD_00387,CUST_0035,STR_108,2023-07-19,2023-07-20,Credit Card,Delivered,0.0,8997.0,5697.0
ORD_00388,CUST_0187,STR_102,2023-07-19,2023-07-22,Credit Card,Delivered,0.0,28500.0,7500.0
ORD_00389,CUST_0163,STR_104,2023-07-20,2023-07-22,UPI,Delivered,0.0,8499.0,2499.0
ORD_00390,CUST_0338,STR_106,2024-05-05,2024-05-06,UPI,Delivered,250.0,11396.2,6996.2
ORD_00391,CUST_0187,STR_101,2023-07-20,2023-07-24,Credit Card,Delivered,99.0,22800.0,1800.0
ORD_00392,CUST_0249,STR_105,2023-07-20,2023-07-22,Credit Card,Delivered,149.0,9998.0,6398.0
ORD_00393,CUST_0243,STR_104,2023-07-21,2023-07-25,UPI,Delivered,0.0,2849.05,1749.05
ORD_00394,CUST_0314,STR_103,2023-07-22,2023-07-23,Cash on Delivery (COD),Returned,0.0,12349.05,4849.05
ORD_00395,CUST_0193,STR_105,2024-10-23,2024-10-27,Debit Card,Delivered,99.0,13775.0,4775.0
ORD_00396,CUST_0314,STR_102,2023-07-23,2023-07-26,UPI,Delivered,0.0,78403.0,29403.0
ORD_00397,CUST_0314,STR_103,2023-07-23,2023-07-24,Credit Card,Delivered,0.0,124900.0,29900.0
ORD_00398,CUST_0151,STR_103,2023-07-23,2023-07-28,Net Banking,Delivered,250.0,5937.3,3537.3
ORD_00399,CUST_0262,STR_110,2023-11-16,2023-11-17,UPI,Delivered,99.0,66327.3,14127.3
ORD_00400,CUST_0050,STR_104,2023-07-25,2023-07-30,Debit Card,Delivered,250.0,152450.0,52450.0
ORD_00401,CUST_0052,STR_108,2024-09-29,2024-10-02,UPI,Delivered,0.0,137199.0,47699.0
ORD_00402,CUST_0285,STR_102,2024-05-03,2024-05-05,Credit Card,Delivered,149.0,31499.1,9499.1
ORD_00403,CUST_0013,STR_105,2024-02-10,2024-02-14,UPI,Delivered,250.0,8547.15,5247.15
ORD_00404,CUST_0314,STR_103,2023-07-26,2023-07-27,UPI,Delivered,99.0,2998.0,1398.0
ORD_00405,CUST_0117,STR_106,2024-09-13,2024-09-17,UPI,Delivered,250.0,58499.1,13499.1
ORD_00406,CUST_0243,STR_104,2023-07-27,2023-08-01,UPI,Delivered,0.0,56594.2,13094.2
ORD_00407,CUST_0105,STR_108,2024-07-26,2024-07-27,Net Banking,Delivered,0.0,109149.05,27649.05
ORD_00408,CUST_0187,STR_102,2023-07-27,2023-07-28,UPI,Cancelled,99.0,78743.5,28243.5
ORD_00409,CUST_0324,STR_105,2023-07-29,2023-07-30,UPI,Delivered,149.0,58900.0,10900.0
ORD_00410,CUST_0314,STR_103,2023-07-29,2023-08-03,UPI,Delivered,149.0,36100.0,12100.0
ORD_00411,CUST_0130,STR_104,2023-07-29,2023-08-02,Debit Card,Delivered,0.0,5938.2,3538.2
ORD_00412,CUST_0002,STR_102,2023-07-30,2023-08-04,Cash on Delivery (COD),Returned,250.0,204899.0,49899.0
ORD_00413,CUST_0127,STR_104,2023-07-30,2023-07-31,UPI,Delivered,99.0,7497.0,4647.0
ORD_00414,CUST_0070,STR_103,2023-07-30,2023-08-01,UPI,Cancelled,0.0,3315.5,2215.5
ORD_00415,CUST_0249,STR_107,2023-07-31,2023-08-04,Net Banking,Delivered,250.0,85000.0,20000.0
ORD_00416,CUST_0020,STR_104,2023-07-31,2023-08-01,Debit Card,Delivered,99.0,59198.1,19248.1
ORD_00417,CUST_0253,STR_109,2023-08-01,2023-08-03,Cash on Delivery (COD),Delivered,0.0,29900.0,10900.0
ORD_00418,CUST_0141,STR_104,2023-08-01,2023-08-05,UPI,Delivered,0.0,11999.2,2499.2
ORD_00419,CUST_0155,STR_108,2023-12-13,2023-12-14,UPI,Returned,99.0,2999.0,1899.0
ORD_00420,CUST_0076,STR_103,2023-08-01,2023-08-03,Net Banking,Delivered,0.0,7798.0,4998.0
ORD_00421,CUST_0074,STR_105,2024-01-03,2024-01-04,UPI,Delivered,0.0,5938.2,3538.2
ORD_00422,CUST_0075,STR_105,2024-01-10,2024-01-15,UPI,Delivered,250.0,73906.3,25306.3
ORD_00423,CUST_0299,STR_105,2023-08-03,2023-08-06,Credit Card,Delivered,0.0,79999.0,19999.0
ORD_00424,CUST_0070,STR_104,2023-08-03,2023-08-06,Net Banking,Delivered,0.0,27540.5,7540.5
ORD_00425,CUST_0199,STR_109,2023-08-05,2023-08-06,UPI,Delivered,99.0,35150.0,13150.0
ORD_00426,CUST_0262,STR_102,2023-12-02,2023-12-07,Net Banking,Delivered,0.0,3299.0,2099.0
ORD_00427,CUST_0192,STR_108,2023-08-06,2023-08-11,UPI,Delivered,0.0,2998.0,1398.0
ORD_00428,CUST_0105,STR_108,2024-07-17,2024-07-20,Net Banking,Delivered,0.0,5698.1,3498.1
ORD_00429,CUST_0155,STR_109,2023-12-14,2023-12-16,UPI,Returned,99.0,19196.8,8796.8
ORD_00430,CUST_0070,STR_104,2023-08-09,2023-08-10,Credit Card,Delivered,250.0,14999.0,5499.0
ORD_00431,CUST_0053,STR_106,2023-08-09,2023-08-10,UPI,Delivered,0.0,3134.05,1934.05
ORD_00432,CUST_0306,STR_110,2023-12-10,2023-12-11,UPI,Delivered,0.0,32986.5,18386.5
ORD_00433,CUST_0116,STR_108,2024-03-14,2024-03-17,Net Banking,Delivered,149.0,2549.15,1449.15
ORD_00434,CUST_0248,STR_102,2024-10-01,2024-10-02,UPI,Delivered,250.0,8999.1,3499.1
ORD_00435,CUST_0115,STR_106,2023-08-10,2023-08-14,Cash on Delivery (COD),Delivered,0.0,17074.05,6274.05
ORD_00436,CUST_0271,STR_108,2024-02-20,2024-02-23,Cash on Delivery (COD),Delivered,99.0,7224.15,1224.15
ORD_00437,CUST_0220,STR_110,2023-08-11,2023-08-16,Net Banking,Delivered,99.0,2124.15,1174.15
ORD_00438,CUST_0140,STR_106,2023-12-02,2023-12-03,Credit Card,Delivered,0.0,8796.0,5596.0
ORD_00439,CUST_0128,STR_104,2023-08-12,2023-08-17,UPI,Delivered,0.0,2499.0,1549.0
ORD_00440,CUST_0316,STR_104,2024-03-12,2024-03-16,UPI,Delivered,99.0,6282.0,4082.0
ORD_00441,CUST_0070,STR_103,2023-08-13,2023-08-16,UPI,Delivered,99.0,21249.15,6249.15
ORD_00442,CUST_0119,STR_108,2024-08-05,2024-08-06,Cash on Delivery (COD),Returned,99.0,91409.0,16809.0
ORD_00443,CUST_0275,STR_109,2024-09-27,2024-09-30,UPI,Delivered,250.0,80665.0,8665.0
ORD_00444,CUST_0204,STR_110,2023-08-13,2023-08-16,Credit Card,Delivered,250.0,14500.0,5500.0
ORD_00445,CUST_0119,STR_110,2024-08-18,2024-08-20,UPI,Delivered,250.0,135745.5,32345.5
ORD_00446,CUST_0242,STR_107,2023-08-14,2023-08-16,UPI,Delivered,0.0,2792.0,1692.0
ORD_00447,CUST_0204,STR_110,2023-08-15,2023-08-19,Debit Card,Delivered,0.0,61749.05,16749.05
ORD_00448,CUST_0012,STR_104,2024-02-25,2024-02-26,UPI,Delivered,99.0,3958.2,2358.2
ORD_00449,CUST_0135,STR_104,2023-08-15,2023-08-19,Debit Card,Delivered,99.0,47199.0,15699.0
ORD_00450,CUST_0227,STR_106,2023-08-15,2023-08-20,Debit Card,Delivered,0.0,2969.1,1769.1
ORD_00451,CUST_0026,STR_107,2023-08-16,2023-08-17,Credit Card,Delivered,0.0,4398.0,2798.0
ORD_00452,CUST_0053,STR_105,2023-08-16,2023-08-17,UPI,Delivered,0.0,15298.3,4598.3
ORD_00453,CUST_0262,STR_101,2023-12-06,2023-12-11,UPI,Delivered,149.0,2124.15,1174.15
ORD_00454,CUST_0183,STR_108,2023-08-16,2023-08-19,UPI,Delivered,149.0,2998.0,1398.0
ORD_00455,CUST_0131,STR_102,2023-08-17,2023-08-18,Net Banking,Delivered,250.0,8495.0,3695.0
ORD_00456,CUST_0155,STR_108,2023-12-02,2023-12-06,Credit Card,Delivered,0.0,3695.5,1595.5
ORD_00457,CUST_0108,STR_108,2023-08-19,2023-08-20,UPI,Delivered,149.0,6495.0,1995.0
ORD_00458,CUST_0199,STR_101,2023-08-19,2023-08-21,Credit Card,Delivered,0.0,4749.05,2949.05
ORD_00459,CUST_0077,STR_109,2023-08-20,2023-08-23,UPI,Cancelled,149.0,6597.0,4197.0
ORD_00460,CUST_0198,STR_108,2024-11-16,2024-11-19,UPI,Delivered,99.0,15490.0,4790.0
ORD_00461,CUST_0128,STR_103,2023-08-20,2023-08-22,Credit Card,Delivered,0.0,17035.3,9035.3
ORD_00462,CUST_0230,STR_102,2023-08-20,2023-08-22,Credit Card,Delivered,250.0,124900.0,29900.0
ORD_00463,CUST_0314,STR_104,2023-08-21,2023-08-22,UPI,Cancelled,0.0,9402.15,5802.15
ORD_00464,CUST_0130,STR_103,2023-08-21,2023-08-24,UPI,Delivered,149.0,5348.05,3298.05
ORD_00465,CUST_0070,STR_103,2023-08-22,2023-08-25,Debit Card,Delivered,0.0,80748.1,17548.1
ORD_00466,CUST_0074,STR_105,2024-01-17,2024-01-20,Credit Card,Delivered,0.0,4998.0,3098.0
ORD_00467,CUST_0262,STR_101,2023-11-09,2023-11-12,Cash on Delivery (COD),Delivered,250.0,14999.0,5499.0
ORD_00468,CUST_0265,STR_104,2023-08-25,2023-08-28,UPI,Delivered,0.0,2969.1,1769.1
ORD_00469,CUST_0070,STR_104,2023-08-25,2023-08-27,UPI,Delivered,99.0,104323.0,29023.0
ORD_00470,CUST_0248,STR_110,2024-09-14,2024-09-17,Debit Card,Delivered,99.0,79999.0,19999.0
ORD_00471,CUST_0026,STR_106,2023-08-26,2023-08-28,UPI,Returned,0.0,75999.05,15999.05
ORD_00472,CUST_0095,STR_103,2024-09-26,2024-09-30,Debit Card,Delivered,250.0,38000.0,14000.0
ORD_00473,CUST_0160,STR_109,2023-09-24,2023-09-25,Credit Card,Delivered,149.0,4398.0,2798.0
ORD_00474,CUST_0249,STR_105,2023-08-27,2023-08-29,Net Banking,Delivered,0.0,99450.0,18450.0
ORD_00475,CUST_0063,STR_107,2023-08-27,2023-08-29,Debit Card,Delivered,0.0,8498.3,4898.3
ORD_00476,CUST_0155,STR_104,2023-12-05,2023-12-08,UPI,Delivered,0.0,33249.05,11249.05
ORD_00477,CUST_0265,STR_104,2023-08-28,2023-08-31,UPI,Delivered,0.0,34200.0,10200.0
ORD_00478,CUST_0151,STR_103,2023-08-28,2023-08-29,UPI,Delivered,0.0,26999.0,8999.0
ORD_00479,CUST_0113,STR_110,2024-03-18,2024-03-20,UPI,Delivered,0.0,73997.2,27797.2
ORD_00480,CUST_0130,STR_104,2023-08-29,2023-09-01,UPI,Delivered,0.0,13598.3,4598.3
ORD_00481,CUST_0266,STR_107,2023-08-29,2023-09-02,UPI,Delivered,0.0,104000.0,36000.0
ORD_00482,CUST_0131,STR_106,2023-08-30,2023-09-04,Cash on Delivery (COD),Delivered,149.0,85410.0,13410.0
ORD_00483,CUST_0311,STR_107,2023-08-30,2023-09-03,UPI,Delivered,149.0,76955.5,19455.5
ORD_00484,CUST_0055,STR_109,2023-08-30,2023-09-03,UPI,Delivered,0.0,9998.0,5598.0
ORD_00485,CUST_0325,STR_102,2023-08-31,2023-09-02,UPI,Delivered,99.0,8545.25,4345.25
ORD_00486,CUST_0111,STR_108,2023-11-17,2023-11-19,UPI,Delivered,0.0,116999.0,37999.0
ORD_00487,CUST_0095,STR_104,2024-09-15,2024-09-17,Credit Card,Delivered,99.0,4499.1,1299.1
ORD_00488,CUST_0070,STR_103,2023-09-02,2023-09-07,Cash on Delivery (COD),Delivered,149.0,11797.2,6797.2
ORD_00489,CUST_0322,STR_109,2023-09-03,2023-09-06,UPI,Delivered,149.0,5845.5,1345.5
ORD_00490,CUST_0179,STR_102,2023-09-03,2023-09-05,UPI,Delivered,250.0,6799.2,799.2
ORD_00491,CUST_0201,STR_103,2024-08-26,2024-08-31,Credit Card,Delivered,0.0,7999.0,3499.0
ORD_00492,CUST_0070,STR_107,2023-09-04,2023-09-07,UPI,Delivered,149.0,28500.0,7500.0
ORD_00493,CUST_0070,STR_104,2023-09-04,2023-09-08,Cash on Delivery (COD),Returned,99.0,112970.0,8970.0
ORD_00494,CUST_0020,STR_110,2023-09-05,2023-09-10,Net Banking,Delivered,99.0,66185.0,11585.0
ORD_00495,CUST_0070,STR_103,2023-09-06,2023-09-08,UPI,Delivered,0.0,11049.15,3549.15
ORD_00496,CUST_0170,STR_108,2024-04-14,2024-04-15,Credit Card,Delivered,99.0,16650.0,5650.0
ORD_00497,CUST_0311,STR_104,2023-09-08,2023-09-12,UPI,Delivered,250.0,4998.0,3098.0
ORD_00498,CUST_0220,STR_101,2023-09-08,2023-09-13,UPI,Delivered,0.0,7497.0,4647.0
ORD_00499,CUST_0179,STR_102,2023-09-09,2023-09-10,Credit Card,Delivered,0.0,22499.1,7499.1
ORD_00500,CUST_0325,STR_102,2023-09-09,2023-09-12,UPI,Delivered,250.0,19999.2,4999.2
ORD_00501,CUST_0314,STR_101,2023-09-10,2023-09-11,UPI,Delivered,0.0,56998.1,21998.1
ORD_00502,CUST_0229,STR_106,2023-09-11,2023-09-15,Credit Card,Delivered,99.0,14249.05,4749.05
ORD_00503,CUST_0141,STR_106,2023-09-11,2023-09-13,Credit Card,Delivered,0.0,94900.0,22900.0
ORD_00504,CUST_0325,STR_102,2023-09-12,2023-09-15,Debit Card,Delivered,99.0,39464.2,8464.2
ORD_00505,CUST_0262,STR_110,2023-12-06,2023-12-09,UPI,Delivered,250.0,125409.0,22909.0
ORD_00506,CUST_0306,STR_101,2023-12-05,2023-12-07,Credit Card,Delivered,149.0,15291.0,5691.0
ORD_00507,CUST_0227,STR_106,2023-09-13,2023-09-15,Debit Card,Delivered,149.0,2999.0,1899.0
ORD_00508,CUST_0234,STR_105,2024-05-09,2024-05-11,UPI,Delivered,250.0,84998.3,17998.3
ORD_00509,CUST_0324,STR_106,2023-09-16,2023-09-21,Credit Card,Delivered,149.0,29198.0,10398.0
ORD_00510,CUST_0304,STR_109,2023-09-16,2023-09-21,UPI,Delivered,0.0,34999.0,12999.0
ORD_00511,CUST_0155,STR_109,2023-12-24,2023-12-26,UPI,Delivered,99.0,24286.5,11686.5
ORD_00512,CUST_0155,STR_109,2023-11-30,2023-12-05,Cash on Delivery (COD),Delivered,0.0,19409.25,9409.25
ORD_00513,CUST_0097,STR_108,2023-09-17,2023-09-22,Net Banking,Delivered,99.0,1499.0,699.0
ORD_00514,CUST_0151,STR_107,2023-09-17,2023-09-20,Credit Card,Delivered,149.0,10399.2,2899.2
ORD_00515,CUST_0044,STR_101,2023-09-18,2023-09-21,Credit Card,Delivered,99.0,40249.1,15299.1
ORD_00516,CUST_0040,STR_105,2023-09-19,2023-09-21,Credit Card,Returned,149.0,7391.0,3191.0
ORD_00517,CUST_0315,STR_107,2023-09-19,2023-09-23,Credit Card,Returned,99.0,76500.0,11500.0
ORD_00518,CUST_0253,STR_108,2023-09-19,2023-09-24,Credit Card,Delivered,250.0,126399.0,30599.0
ORD_00519,CUST_0155,STR_108,2023-12-24,2023-12-29,UPI,Delivered,0.0,8499.0,2499.0
ORD_00520,CUST_0306,STR_101,2023-11-29,2023-12-02,Credit Card,Delivered,0.0,37000.0,15000.0
ORD_00521,CUST_0074,STR_105,2024-01-08,2024-01-13,Credit Card,Returned,149.0,118655.0,23655.0
ORD_00522,CUST_0135,STR_108,2023-09-21,2023-09-26,Net Banking,Delivered,0.0,9499.05,3999.05
ORD_00523,CUST_0002,STR_110,2023-09-21,2023-09-24,UPI,Delivered,250.0,61749.05,16749.05
ORD_00524,CUST_0306,STR_110,2023-11-24,2023-11-25,UPI,Returned,149.0,37348.05,14848.05
ORD_00525,CUST_0306,STR_102,2023-11-21,2023-11-22,Credit Card,Delivered,0.0,25500.0,9500.0
ORD_00526,CUST_0034,STR_109,2023-09-22,2023-09-25,Net Banking,Delivered,0.0,74498.4,19498.4
ORD_00527,CUST_0305,STR_101,2024-05-07,2024-05-08,UPI,Delivered,99.0,32001.0,8901.0
ORD_00528,CUST_0031,STR_102,2023-09-23,2023-09-26,Credit Card,Delivered,0.0,16650.0,5650.0
ORD_00529,CUST_0326,STR_109,2023-09-23,2023-09-24,Credit Card,Cancelled,99.0,115551.0,19451.0
ORD_00530,CUST_0195,STR_108,2023-09-24,2023-09-25,Credit Card,Delivered,0.0,16140.5,6540.5
ORD_00531,CUST_0096,STR_110,2023-11-19,2023-11-23,Net Banking,Delivered,0.0,2499.0,1549.0
ORD_00532,CUST_0070,STR_110,2023-09-25,2023-09-29,Credit Card,Delivered,149.0,92045.05,31245.05
ORD_00533,CUST_0246,STR_103,2023-11-06,2023-11-07,Credit Card,Delivered,149.0,29900.0,10900.0
ORD_00534,CUST_0213,STR_106,2024-06-12,2024-06-14,Debit Card,Cancelled,0.0,125399.05,31399.05
ORD_00535,CUST_0265,STR_104,2023-09-26,2023-09-27,UPI,Delivered,99.0,16191.0,3791.0
ORD_00536,CUST_0054,STR_106,2023-09-27,2023-09-30,UPI,Delivered,0.0,141700.0,35700.0
ORD_00537,CUST_0227,STR_106,2023-09-27,2023-09-29,UPI,Delivered,149.0,64999.0,19999.0
ORD_00538,CUST_0070,STR_104,2023-09-27,2023-09-28,UPI,Delivered,250.0,24224.0,7224.0
ORD_00539,CUST_0265,STR_103,2023-09-27,2023-09-28,Credit Card,Cancelled,99.0,38098.1,13098.1
ORD_00540,CUST_0314,STR_103,2023-09-28,2023-10-03,UPI,Delivered,149.0,8545.25,2345.25
ORD_00541,CUST_0031,STR_110,2023-09-29,2023-10-03,Debit Card,Delivered,0.0,11049.15,3549.15
ORD_00542,CUST_0116,STR_106,2024-03-26,2024-03-28,Credit Card,Delivered,0.0,86998.2,29498.2
ORD_00543,CUST_0003,STR_102,2023-09-29,2023-10-01,UPI,Delivered,0.0,44190.5,11490.5
ORD_00544,CUST_0246,STR_104,2023-11-08,2023-11-13,Credit Card,Returned,99.0,95886.5,32886.5
ORD_00545,CUST_0246,STR_103,2023-11-16,2023-11-18,UPI,Delivered,0.0,10587.2,5787.2
ORD_00546,CUST_0192,STR_108,2023-10-01,2023-10-06,UPI,Delivered,250.0,17997.0,10197.0
ORD_00547,CUST_0114,STR_105,2024-04-04,2024-04-05,Net Banking,Delivered,99.0,14249.05,4749.05
ORD_00548,CUST_0119,STR_108,2024-08-03,2024-08-06,Debit Card,Delivered,250.0,23192.0,3192.0
ORD_00549,CUST_0155,STR_109,2023-12-14,2023-12-15,Net Banking,Delivered,0.0,22800.0,1800.0
ORD_00550,CUST_0337,STR_103,2023-10-01,2023-10-04,Cash on Delivery (COD),Delivered,0.0,15344.55,5344.55
ORD_00551,CUST_0198,STR_110,2024-11-09,2024-11-12,UPI,Delivered,149.0,36100.0,12100.0
ORD_00552,CUST_0141,STR_104,2023-10-02,2023-10-05,Cash on Delivery (COD),Delivered,0.0,36770.0,12570.0
ORD_00553,CUST_0087,STR_102,2023-10-02,2023-10-06,Net Banking,Delivered,0.0,8495.0,3695.0
ORD_00554,CUST_0035,STR_108,2023-10-02,2023-10-06,Debit Card,Delivered,99.0,7497.0,4647.0
ORD_00555,CUST_0246,STR_104,2023-10-31,2023-11-03,Credit Card,Delivered,149.0,54264.6,17164.6
ORD_00556,CUST_0199,STR_102,2023-10-03,2023-10-05,Debit Card,Delivered,99.0,26091.0,6091.0
ORD_00557,CUST_0253,STR_109,2023-10-04,2023-10-06,Net Banking,Delivered,0.0,4749.05,2549.05
ORD_00558,CUST_0314,STR_104,2023-10-05,2023-10-08,Cash on Delivery (COD),Delivered,250.0,98012.0,23912.0
ORD_00559,CUST_0049,STR_102,2024-04-25,2024-04-30,Credit Card,Delivered,0.0,5999.0,3399.0
ORD_00560,CUST_0242,STR_104,2023-10-05,2023-10-09,UPI,Delivered,250.0,11999.2,2499.2
ORD_00561,CUST_0183,STR_108,2023-10-05,2023-10-10,Cash on Delivery (COD),Delivered,149.0,27498.1,10298.1
ORD_00562,CUST_0135,STR_103,2023-10-05,2023-10-07,Cash on Delivery (COD),Returned,149.0,7645.5,2845.5
ORD_00563,CUST_0104,STR_109,2023-10-21,2023-10-22,UPI,Delivered,250.0,2698.2,1098.2
ORD_00564,CUST_0070,STR_104,2023-10-06,2023-10-11,Net Banking,Delivered,250.0,4999.0,2799.0
ORD_00565,CUST_0297,STR_102,2023-10-06,2023-10-11,Net Banking,Delivered,0.0,52700.0,4700.0
ORD_00566,CUST_0197,STR_103,2024-03-04,2024-03-08,Credit Card,Delivered,0.0,5999.0,3399.0
ORD_00567,CUST_0053,STR_101,2023-10-06,2023-10-08,Debit Card,Delivered,0.0,18432.25,6732.25
ORD_00568,CUST_0151,STR_106,2023-10-06,2023-10-08,Net Banking,Delivered,0.0,58900.0,10900.0
ORD_00569,CUST_0244,STR_103,2023-10-06,2023-10-10,Cash on Delivery (COD),Delivered,0.0,53997.15,15497.15
ORD_00570,CUST_0288,STR_101,2024-07-07,2024-07-12,Cash on Delivery (COD),Delivered,99.0,38000.0,14000.0
ORD_00571,CUST_0306,STR_108,2023-11-27,2023-11-28,UPI,Delivered,0.0,6170.25,1670.25
ORD_00572,CUST_0096,STR_101,2023-11-30,2023-12-05,UPI,Delivered,99.0,36100.0,12100.0
ORD_00573,CUST_0027,STR_108,2023-10-08,2023-10-13,UPI,Delivered,149.0,80665.0,8665.0
ORD_00574,CUST_0258,STR_106,2024-05-30,2024-06-04,Credit Card,Delivered,250.0,26091.0,6091.0
ORD_00575,CUST_0113,STR_109,2024-03-06,2024-03-07,Cash on Delivery (COD),Delivered,149.0,16191.0,7791.0
ORD_00576,CUST_0009,STR_110,2023-10-09,2023-10-14,Credit Card,Delivered,250.0,14500.0,5500.0
ORD_00577,CUST_0051,STR_110,2023-10-09,2023-10-10,Debit Card,Delivered,0.0,15796.2,8696.2
ORD_00578,CUST_0349,STR_105,2024-01-20,2024-01-23,UPI,Delivered,250.0,26999.0,8999.0
ORD_00579,CUST_0186,STR_110,2024-05-13,2024-05-17,Debit Card,Delivered,99.0,19049.0,7449.0
ORD_00580,CUST_0151,STR_104,2023-10-10,2023-10-14,Credit Card,Delivered,250.0,33249.05,7749.05
ORD_00581,CUST_0257,STR_109,2024-05-16,2024-05-18,UPI,Delivered,99.0,3958.2,2358.2
ORD_00582,CUST_0118,STR_110,2023-10-10,2023-10-15,UPI,Delivered,250.0,24970.0,12670.0
ORD_00583,CUST_0309,STR_106,2024-04-03,2024-04-04,UPI,Delivered,149.0,34999.0,12999.0
ORD_00584,CUST_0155,STR_102,2023-12-27,2023-12-29,Credit Card,Delivered,0.0,18395.2,9995.2
ORD_00585,CUST_0307,STR_110,2024-03-25,2024-03-28,Net Banking,Delivered,99.0,4999.0,1799.0
ORD_00586,CUST_0236,STR_109,2023-10-13,2023-10-16,UPI,Delivered,99.0,38000.0,14000.0
ORD_00587,CUST_0075,STR_102,2024-01-03,2024-01-04,UPI,Delivered,0.0,85000.0,20000.0
ORD_00588,CUST_0183,STR_109,2023-10-13,2023-10-17,Debit Card,Delivered,99.0,24999.0,9999.0
ORD_00589,CUST_0314,STR_104,2023-10-14,2023-10-18,UPI,Delivered,250.0,96847.1,22747.1
ORD_00590,CUST_0092,STR_107,2023-10-14,2023-10-16,Cash on Delivery (COD),Delivered,149.0,53820.0,15820.0
ORD_00591,CUST_0340,STR_108,2023-10-15,2023-10-19,Debit Card,Delivered,149.0,5698.1,3498.1
ORD_00592,CUST_0314,STR_107,2023-10-15,2023-10-18,UPI,Delivered,0.0,25500.0,9500.0
ORD_00593,CUST_0246,STR_109,2023-11-11,2023-11-12,Credit Card,Delivered,99.0,34649.05,13849.05
ORD_00594,CUST_0070,STR_104,2023-10-16,2023-10-20,UPI,Delivered,0.0,34200.0,10200.0
ORD_00595,CUST_0044,STR_101,2023-10-16,2023-10-21,Credit Card,Delivered,250.0,6980.0,4780.0
ORD_00596,CUST_0204,STR_102,2023-10-17,2023-10-19,UPI,Delivered,0.0,28405.0,9405.0
ORD_00597,CUST_0222,STR_106,2024-05-26,2024-05-27,Net Banking,Delivered,149.0,13499.1,3999.1
ORD_00598,CUST_0054,STR_107,2023-10-17,2023-10-20,Cash on Delivery (COD),Cancelled,0.0,15998.0,6998.0
ORD_00599,CUST_0324,STR_106,2023-10-17,2023-10-21,Debit Card,Delivered,250.0,4999.0,1799.0
ORD_00600,CUST_0105,STR_109,2024-07-14,2024-07-15,Credit Card,Delivered,0.0,8499.15,2999.15
ORD_00601,CUST_0061,STR_108,2023-10-18,2023-10-22,UPI,Delivered,250.0,8995.0,2795.0
ORD_00602,CUST_0306,STR_110,2023-12-01,2023-12-05,UPI,Delivered,250.0,64999.0,19999.0
ORD_00603,CUST_0248,STR_102,2024-09-19,2024-09-21,Credit Card,Delivered,99.0,12999.0,5499.0
ORD_00604,CUST_0326,STR_108,2023-10-19,2023-10-20,Debit Card,Delivered,99.0,38470.25,9670.25
ORD_00605,CUST_0322,STR_108,2023-10-19,2023-10-20,Credit Card,Delivered,0.0,16990.0,7390.0
ORD_00606,CUST_0053,STR_104,2023-10-19,2023-10-21,UPI,Delivered,0.0,118655.0,23655.0
ORD_00607,CUST_0193,STR_106,2024-10-19,2024-10-21,UPI,Delivered,99.0,13499.1,3999.1
ORD_00608,CUST_0201,STR_104,2024-09-08,2024-09-09,Credit Card,Cancelled,0.0,35147.15,14947.15
ORD_00609,CUST_0051,STR_101,2023-10-21,2023-10-23,Credit Card,Delivered,0.0,77122.15,25672.15
ORD_00610,CUST_0262,STR_104,2023-11-26,2023-11-28,UPI,Delivered,99.0,18320.0,2320.0
ORD_00611,CUST_0319,STR_107,2023-10-22,2023-10-25,Debit Card,Delivered,99.0,31823.1,10823.1
ORD_00612,CUST_0259,STR_109,2023-10-22,2023-10-26,Cash on Delivery (COD),Returned,99.0,3253.25,1653.25
ORD_00613,CUST_0267,STR_109,2023-10-22,2023-10-24,Credit Card,Delivered,149.0,1499.0,699.0
ORD_00614,CUST_0253,STR_109,2023-10-22,2023-10-27,UPI,Delivered,250.0,6170.25,1670.25
ORD_00615,CUST_0262,STR_102,2023-11-19,2023-11-20,Cash on Delivery (COD),Cancelled,250.0,7599.05,3099.05
ORD_00616,CUST_0164,STR_109,2024-09-10,2024-09-13,Debit Card,Delivered,250.0,97869.1,24669.1
ORD_00617,CUST_0070,STR_104,2023-10-24,2023-10-29,UPI,Delivered,99.0,37166.5,12066.5
ORD_00618,CUST_0218,STR_104,2024-01-01,2024-01-05,Credit Card,Delivered,0.0,59835.55,15635.55
ORD_00619,CUST_0075,STR_106,2024-01-05,2024-01-08,UPI,Delivered,99.0,19839.1,9039.1
ORD_00620,CUST_0314,STR_103,2023-10-25,2023-10-28,UPI,Delivered,0.0,80665.0,8665.0
ORD_00621,CUST_0151,STR_104,2023-10-25,2023-10-27,Credit Card,Delivered,0.0,9496.2,5696.2
ORD_00622,CUST_0039,STR_103,2023-10-26,2023-10-31,Credit Card,Delivered,149.0,132880.0,33880.0
ORD_00623,CUST_0314,STR_103,2023-10-27,2023-10-29,Debit Card,Delivered,0.0,24999.0,9999.0
ORD_00624,CUST_0135,STR_104,2023-10-27,2023-10-30,UPI,Delivered,99.0,160458.15,32458.15
ORD_00625,CUST_0229,STR_103,2023-10-28,2023-11-01,Credit Card,Delivered,149.0,36995.0,11195.0
ORD_00626,CUST_0314,STR_104,2023-10-30,2023-11-04,Net Banking,Delivered,250.0,52700.0,4700.0
ORD_00627,CUST_0012,STR_104,2024-03-15,2024-03-17,UPI,Delivered,250.0,33998.3,10898.3
ORD_00628,CUST_0126,STR_108,2023-10-30,2023-11-03,UPI,Delivered,99.0,4749.05,2949.05
ORD_00629,CUST_0021,STR_107,2023-10-31,2023-11-02,Cash on Delivery (COD),Delivered,250.0,18996.2,10196.2
ORD_00630,CUST_0306,STR_101,2023-11-22,2023-11-26,Credit Card,Delivered,0.0,46994.6,19994.6
ORD_00631,CUST_0053,STR_107,2023-10-31,2023-11-05,Credit Card,Delivered,0.0,61654.05,20654.05
ORD_00632,CUST_0141,STR_110,2023-10-31,2023-11-03,UPI,Delivered,0.0,46800.0,12800.0
ORD_00633,CUST_0212,STR_104,2024-06-30,2024-07-03,Debit Card,Delivered,149.0,25998.0,10998.0
ORD_00634,CUST_0253,STR_106,2023-10-31,2023-11-03,UPI,Delivered,99.0,22036.5,5136.5
ORD_00635,CUST_0329,STR_106,2024-02-15,2024-02-19,UPI,Delivered,0.0,47947.45,8747.45
ORD_00636,CUST_0248,STR_101,2024-09-17,2024-09-22,Credit Card,Delivered,250.0,27540.5,7540.5
ORD_00637,CUST_0280,STR_106,2023-11-01,2023-11-02,Credit Card,Delivered,149.0,27763.25,8413.25
ORD_00638,CUST_0243,STR_107,2023-11-01,2023-11-06,Cash on Delivery (COD),Delivered,0.0,3509.1,2109.1
ORD_00639,CUST_0092,STR_102,2023-11-01,2023-11-05,UPI,Delivered,250.0,9999.0,4499.0
ORD_00640,CUST_0306,STR_110,2023-11-26,2023-11-28,Credit Card,Delivered,0.0,9596.8,5196.8
ORD_00641,CUST_0220,STR_107,2023-11-01,2023-11-04,Debit Card,Delivered,149.0,6170.25,1670.25
ORD_00642,CUST_0063,STR_108,2023-11-01,2023-11-05,UPI,Delivered,0.0,105152.0,27752.0
ORD_00643,CUST_0262,STR_103,2023-11-17,2023-11-19,UPI,Delivered,0.0,50830.0,12830.0
ORD_00644,CUST_0034,STR_108,2023-11-01,2023-11-03,Credit Card,Delivered,99.0,146900.0,40900.0
ORD_00645,CUST_0274,STR_104,2023-11-02,2023-11-03,UPI,Delivered,149.0,35254.1,9754.1
ORD_00646,CUST_0122,STR_108,2023-11-02,2023-11-04,UPI,Delivered,250.0,2499.0,1549.0
ORD_00647,CUST_0194,STR_108,2023-12-06,2023-12-07,UPI,Delivered,0.0,1349.1,549.1
ORD_00648,CUST_0248,STR_102,2024-09-21,2024-09-25,Debit Card,Returned,149.0,6267.15,3867.15
ORD_00649,CUST_0051,STR_110,2023-11-02,2023-11-06,UPI,Delivered,149.0,1979.1,1179.1
ORD_00650,CUST_0117,STR_107,2024-08-15,2024-08-17,Debit Card,Delivered,99.0,7645.5,2845.5
ORD_00651,CUST_0070,STR_102,2023-11-03,2023-11-06,Debit Card,Delivered,250.0,52699.15,14699.15
ORD_00652,CUST_0090,STR_105,2023-11-03,2023-11-04,Credit Card,Delivered,0.0,9499.05,3999.05
ORD_00653,CUST_0028,STR_101,2023-11-03,2023-11-06,UPI,Delivered,99.0,50281.5,16381.5
ORD_00654,CUST_0161,STR_110,2023-11-03,2023-11-07,Cash on Delivery (COD),Delivered,250.0,17774.2,5574.2
ORD_00655,CUST_0227,STR_107,2023-11-03,2023-11-05,Credit Card,Delivered,0.0,21755.0,5755.0
ORD_00656,CUST_0075,STR_103,2024-01-21,2024-01-24,UPI,Delivered,149.0,34200.0,10200.0
ORD_00657,CUST_0175,STR_109,2023-11-03,2023-11-08,UPI,Delivered,250.0,58900.0,10900.0
ORD_00658,CUST_0219,STR_104,2023-11-04,2023-11-06,Debit Card,Delivered,99.0,30090.2,7890.2
ORD_00659,CUST_0083,STR_108,2023-12-08,2023-12-10,Debit Card,Delivered,0.0,21755.0,5755.0
ORD_00660,CUST_0314,STR_107,2023-11-04,2023-11-08,UPI,Delivered,0.0,9897.0,6297.0
ORD_00661,CUST_0314,STR_103,2023-11-04,2023-11-06,Cash on Delivery (COD),Delivered,0.0,3848.1,2098.1
ORD_00662,CUST_0141,STR_104,2023-11-04,2023-11-09,Credit Card,Delivered,250.0,1499.0,699.0
ORD_00663,CUST_0135,STR_103,2023-11-04,2023-11-07,UPI,Delivered,0.0,75999.05,15999.05
ORD_00664,CUST_0121,STR_101,2024-02-28,2024-03-02,Debit Card,Returned,250.0,25694.75,8294.75
ORD_00665,CUST_0314,STR_103,2023-11-04,2023-11-09,Credit Card,Delivered,0.0,155154.0,38154.0
ORD_00666,CUST_0274,STR_103,2023-11-04,2023-11-05,Credit Card,Delivered,0.0,18500.0,7500.0
ORD_00667,CUST_0144,STR_102,2023-11-05,2023-11-09,UPI,Delivered,149.0,2966.5,1866.5
ORD_00668,CUST_0155,STR_109,2023-12-11,2023-12-14,Cash on Delivery (COD),Delivered,149.0,37476.25,11876.25
ORD_00669,CUST_0070,STR_103,2023-11-07,2023-11-09,UPI,Delivered,0.0,18500.0,7500.0
ORD_00670,CUST_0258,STR_109,2024-05-10,2024-05-11,Cash on Delivery (COD),Delivered,250.0,5845.5,1345.5
ORD_00671,CUST_0281,STR_110,2024-06-08,2024-06-10,Credit Card,Delivered,149.0,2374.05,1424.05
ORD_00672,CUST_0302,STR_107,2023-11-08,2023-11-09,UPI,Delivered,250.0,28990.0,8990.0
ORD_00673,CUST_0135,STR_103,2023-11-08,2023-11-09,UPI,Delivered,99.0,43096.0,19296.0
ORD_00674,CUST_0248,STR_106,2024-09-05,2024-09-09,UPI,Delivered,0.0,80665.0,8665.0
ORD_00675,CUST_0197,STR_108,2024-03-20,2024-03-23,Credit Card,Delivered,250.0,15291.0,5691.0
ORD_00676,CUST_0243,STR_102,2023-11-09,2023-11-12,Net Banking,Delivered,149.0,17575.0,6575.0
ORD_00677,CUST_0198,STR_101,2024-11-03,2024-11-08,Debit Card,Delivered,149.0,11049.15,3549.15
ORD_00678,CUST_0274,STR_101,2023-11-11,2023-11-15,UPI,Delivered,99.0,53820.0,15820.0
ORD_00679,CUST_0257,STR_109,2024-05-04,2024-05-05,UPI,Delivered,0.0,134898.0,35498.0
ORD_00680,CUST_0183,STR_109,2023-11-11,2023-11-15,Credit Card,Delivered,0.0,32032.5,7832.5
ORD_00681,CUST_0249,STR_105,2023-11-11,2023-11-16,UPI,Delivered,0.0,89499.1,22299.1
ORD_00682,CUST_0127,STR_104,2023-11-12,2023-11-13,Credit Card,Delivered,99.0,35405.0,11605.0
ORD_00683,CUST_0250,STR_103,2023-11-13,2023-11-17,UPI,Delivered,99.0,115445.75,23245.75
ORD_00684,CUST_0274,STR_104,2023-11-13,2023-11-14,UPI,Delivered,0.0,26985.0,14385.0
ORD_00685,CUST_0253,STR_106,2023-11-13,2023-11-14,UPI,Delivered,99.0,89499.0,16999.0
ORD_00686,CUST_0070,STR_104,2023-11-13,2023-11-16,UPI,Delivered,149.0,53604.1,17654.1
ORD_00687,CUST_0279,STR_110,2023-11-13,2023-11-14,UPI,Delivered,0.0,37146.3,14246.3
ORD_00688,CUST_0093,STR_101,2023-11-13,2023-11-15,Net Banking,Delivered,0.0,1424.05,624.05
ORD_00689,CUST_0199,STR_102,2023-11-14,2023-11-18,Debit Card,Delivered,250.0,18500.0,7500.0
ORD_00690,CUST_0105,STR_108,2024-07-10,2024-07-11,UPI,Returned,99.0,8889.0,3589.0
ORD_00691,CUST_0293,STR_110,2023-11-14,2023-11-16,UPI,Delivered,0.0,27075.0,6075.0
ORD_00692,CUST_0004,STR_102,2023-11-15,2023-11-19,Credit Card,Delivered,99.0,7798.0,4998.0
ORD_00693,CUST_0262,STR_103,2023-11-15,2023-11-19,UPI,Delivered,149.0,5399.1,2799.1
ORD_00694,CUST_0115,STR_103,2023-11-15,2023-11-17,UPI,Delivered,0.0,17351.9,10651.9
ORD_00695,CUST_0135,STR_104,2023-11-15,2023-11-16,Credit Card,Delivered,0.0,76500.0,11500.0
ORD_00696,CUST_0325,STR_101,2023-11-16,2023-11-21,UPI,Delivered,149.0,43745.5,14945.5
ORD_00697,CUST_0271,STR_109,2024-03-06,2024-03-10,UPI,Delivered,0.0,31499.1,9499.1
ORD_00698,CUST_0183,STR_109,2023-11-16,2023-11-19,Debit Card,Delivered,250.0,25697.05,12097.05
ORD_00699,CUST_0279,STR_110,2023-11-16,2023-11-18,Cash on Delivery (COD),Returned,149.0,205409.0,49409.0
ORD_00700,CUST_0058,STR_109,2023-11-17,2023-11-18,Credit Card,Delivered,149.0,9598.4,4398.4
ORD_00701,CUST_0305,STR_106,2024-05-01,2024-05-04,Credit Card,Cancelled,99.0,67999.15,7999.15
ORD_00702,CUST_0221,STR_109,2024-01-18,2024-01-23,UPI,Delivered,250.0,22900.0,6900.0
ORD_00703,CUST_0325,STR_101,2023-11-18,2023-11-20,Debit Card,Delivered,99.0,63999.2,3999.2
ORD_00704,CUST_0114,STR_107,2024-03-25,2024-03-30,UPI,Delivered,0.0,7018.2,4218.2
ORD_00705,CUST_0248,STR_102,2024-09-15,2024-09-17,UPI,Returned,149.0,26091.0,6091.0
ORD_00706,CUST_0046,STR_109,2024-05-25,2024-05-29,Credit Card,Delivered,0.0,2999.0,1899.0
ORD_00707,CUST_0105,STR_102,2024-07-28,2024-08-02,Cash on Delivery (COD),Delivered,0.0,30699.0,8899.0
ORD_00708,CUST_0262,STR_102,2023-11-19,2023-11-21,UPI,Delivered,250.0,98800.0,30800.0
ORD_00709,CUST_0227,STR_109,2023-11-19,2023-11-23,Credit Card,Delivered,0.0,99920.0,4920.0
ORD_00710,CUST_0325,STR_110,2023-11-19,2023-11-23,UPI,Delivered,99.0,25650.0,4650.0
ORD_00711,CUST_0053,STR_106,2023-11-20,2023-11-23,Debit Card,Delivered,0.0,23398.2,8398.2
ORD_00712,CUST_0105,STR_108,2024-07-18,2024-07-22,UPI,Delivered,149.0,19465.0,3465.0
ORD_00713,CUST_0076,STR_110,2023-11-20,2023-11-21,Net Banking,Delivered,149.0,24299.1,6299.1
ORD_00714,CUST_0227,STR_107,2023-11-21,2023-11-26,UPI,Delivered,149.0,139716.2,39116.2
ORD_00715,CUST_0262,STR_102,2023-11-21,2023-11-25,Net Banking,Delivered,149.0,15998.4,4998.4
ORD_00716,CUST_0317,STR_104,2023-11-22,2023-11-26,Credit Card,Delivered,0.0,4999.0,1799.0
ORD_00717,CUST_0081,STR_103,2023-11-22,2023-11-26,Debit Card,Delivered,0.0,2249.1,1299.1
ORD_00718,CUST_0241,STR_105,2023-11-23,2023-11-24,UPI,Delivered,0.0,44200.0,10200.0
ORD_00719,CUST_0250,STR_102,2023-11-23,2023-11-28,Credit Card,Delivered,99.0,16191.0,7791.0
ORD_00720,CUST_0155,STR_108,2023-12-27,2023-12-29,UPI,Delivered,149.0,4999.0,1799.0
ORD_00721,CUST_0293,STR_101,2023-11-23,2023-11-26,Cash on Delivery (COD),Delivered,0.0,68000.0,3000.0
ORD_00722,CUST_0166,STR_103,2023-11-24,2023-11-28,UPI,Returned,99.0,65299.0,16099.0
ORD_00723,CUST_0155,STR_103,2023-12-16,2023-12-21,Net Banking,Delivered,149.0,2804.15,1604.15
ORD_00724,CUST_0008,STR_110,2023-12-28,2024-01-01,Cash on Delivery (COD),Delivered,0.0,13775.0,4775.0
ORD_00725,CUST_0012,STR_110,2024-02-21,2024-02-23,Debit Card,Delivered,0.0,94900.0,22900.0
ORD_00726,CUST_0151,STR_103,2023-11-25,2023-11-28,UPI,Delivered,250.0,22270.0,8470.0
ORD_00727,CUST_0249,STR_105,2023-11-25,2023-11-26,Debit Card,Delivered,0.0,3890.0,1790.0
ORD_00728,CUST_0347,STR_107,2023-11-25,2023-11-29,Net Banking,Delivered,0.0,3299.0,2099.0
ORD_00729,CUST_0184,STR_104,2024-07-12,2024-07-16,Debit Card,Delivered,0.0,11999.2,2499.2
ORD_00730,CUST_0119,STR_108,2024-08-11,2024-08-13,Credit Card,Delivered,0.0,26999.0,8999.0
ORD_00731,CUST_0281,STR_107,2024-06-29,2024-07-01,Cash on Delivery (COD),Returned,149.0,122296.2,32296.2
ORD_00732,CUST_0012,STR_102,2024-03-15,2024-03-18,UPI,Delivered,0.0,13889.0,6289.0
ORD_00733,CUST_0089,STR_102,2023-11-27,2023-11-28,Credit Card,Delivered,250.0,27531.5,9431.5
ORD_00734,CUST_0241,STR_106,2023-11-27,2023-12-01,Credit Card,Delivered,149.0,20610.0,4610.0
ORD_00735,CUST_0248,STR_110,2024-09-23,2024-09-28,Credit Card,Delivered,0.0,203153.1,46353.1
ORD_00736,CUST_0248,STR_101,2024-10-02,2024-10-07,UPI,Delivered,0.0,88998.05,21498.05
ORD_00737,CUST_0222,STR_107,2024-05-17,2024-05-22,UPI,Delivered,149.0,3306.5,1206.5
ORD_00738,CUST_0034,STR_104,2023-11-28,2023-11-30,Debit Card,Delivered,250.0,11168.0,6768.0
ORD_00739,CUST_0257,STR_108,2024-05-02,2024-05-04,Credit Card,Delivered,0.0,34200.0,10200.0
ORD_00740,CUST_0140,STR_106,2023-11-30,2023-12-05,UPI,Delivered,250.0,29679.2,15379.2
ORD_00741,CUST_0012,STR_104,2024-03-17,2024-03-21,Credit Card,Delivered,149.0,53820.0,15820.0
ORD_00742,CUST_0234,STR_109,2024-05-27,2024-05-29,Cash on Delivery (COD),Delivered,99.0,8545.25,4345.25
ORD_00743,CUST_0106,STR_108,2023-12-01,2023-12-04,UPI,Delivered,99.0,7780.0,3580.0
ORD_00744,CUST_0128,STR_104,2023-12-01,2023-12-03,Net Banking,Delivered,0.0,26999.0,8999.0
ORD_00745,CUST_0268,STR_103,2023-12-01,2023-12-06,Credit Card,Delivered,99.0,2804.15,1604.15
ORD_00746,CUST_0227,STR_105,2023-12-02,2023-12-07,UPI,Returned,99.0,80665.0,8665.0
ORD_00747,CUST_0262,STR_102,2023-12-02,2023-12-07,Credit Card,Delivered,0.0,52399.0,17299.0
ORD_00748,CUST_0026,STR_105,2023-12-03,2023-12-08,Credit Card,Delivered,99.0,133899.1,33399.1
ORD_00749,CUST_0243,STR_104,2023-12-03,2023-12-05,Debit Card,Delivered,0.0,75999.05,15999.05
ORD_00750,CUST_0227,STR_105,2023-12-03,2023-12-06,UPI,Delivered,0.0,5999.0,3399.0
ORD_00751,CUST_0272,STR_107,2024-02-21,2024-02-25,Credit Card,Delivered,250.0,27075.0,6075.0
ORD_00752,CUST_0246,STR_104,2023-12-05,2023-12-09,Credit Card,Delivered,250.0,4249.15,2049.15
ORD_00753,CUST_0035,STR_109,2023-12-05,2023-12-09,Debit Card,Delivered,0.0,36100.0,12100.0
ORD_00754,CUST_0272,STR_105,2024-02-13,2024-02-17,Net Banking,Delivered,0.0,3695.5,1595.5
ORD_00755,CUST_0268,STR_103,2023-12-06,2023-12-07,Credit Card,Delivered,0.0,90155.0,18155.0
ORD_00756,CUST_0199,STR_110,2023-12-06,2023-12-08,UPI,Delivered,99.0,120955.25,19755.25
ORD_00757,CUST_0193,STR_106,2024-10-20,2024-10-21,Credit Card,Delivered,99.0,7798.0,4998.0
ORD_00758,CUST_0267,STR_109,2023-12-06,2023-12-11,Debit Card,Delivered,0.0,5999.0,3399.0
ORD_00759,CUST_0248,STR_105,2024-09-13,2024-09-14,UPI,Delivered,250.0,28500.0,7500.0
ORD_00760,CUST_0248,STR_101,2024-09-29,2024-10-04,Credit Card,Delivered,0.0,3141.0,2041.0
ORD_00761,CUST_0140,STR_107,2023-12-07,2023-12-12,UPI,Delivered,149.0,28748.05,11948.05
ORD_00762,CUST_0262,STR_110,2023-12-07,2023-12-10,Cash on Delivery (COD),Returned,0.0,64999.0,19999.0
ORD_00763,CUST_0242,STR_101,2023-12-07,2023-12-11,UPI,Delivered,149.0,28990.0,8990.0
ORD_00764,CUST_0114,STR_109,2024-04-08,2024-04-11,UPI,Delivered,250.0,75999.05,15999.05
ORD_00765,CUST_0204,STR_102,2023-12-08,2023-12-11,Credit Card,Delivered,0.0,5196.0,696.0
ORD_00766,CUST_0304,STR_108,2023-12-08,2023-12-12,Debit Card,Delivered,0.0,23749.05,8749.05
ORD_00767,CUST_0232,STR_110,2023-12-08,2023-12-11,UPI,Delivered,250.0,22900.0,6900.0
ORD_00768,CUST_0002,STR_110,2023-12-08,2023-12-13,Credit Card,Delivered,0.0,5278.4,2878.4
ORD_00769,CUST_0155,STR_104,2023-12-09,2023-12-11,Debit Card,Delivered,99.0,21599.2,3599.2
ORD_00770,CUST_0127,STR_104,2023-12-10,2023-12-11,Credit Card,Delivered,0.0,10470.0,7170.0
ORD_00771,CUST_0212,STR_103,2024-07-23,2024-07-28,UPI,Delivered,0.0,23472.25,8872.25
ORD_00772,CUST_0095,STR_104,2024-09-08,2024-09-11,UPI,Delivered,250.0,8095.5,3895.5
ORD_00773,CUST_0151,STR_103,2023-12-10,2023-12-12,UPI,Delivered,250.0,8995.0,2795.0
ORD_00774,CUST_0074,STR_106,2024-01-30,2024-02-02,Debit Card,Delivered,149.0,12999.0,5499.0
ORD_00775,CUST_0010,STR_101,2024-02-02,2024-02-03,Credit Card,Delivered,0.0,29749.15,7749.15
ORD_00776,CUST_0262,STR_106,2023-12-11,2023-12-16,UPI,Delivered,0.0,64999.0,19999.0
ORD_00777,CUST_0221,STR_105,2024-02-11,2024-02-16,Credit Card,Delivered,99.0,78399.0,23399.0
ORD_00778,CUST_0242,STR_103,2023-12-12,2023-12-17,Credit Card,Delivered,250.0,94900.0,22900.0
ORD_00779,CUST_0042,STR_109,2023-12-13,2023-12-16,Credit Card,Delivered,250.0,88748.4,19348.4
ORD_00780,CUST_0034,STR_108,2023-12-13,2023-12-15,UPI,Delivered,250.0,11497.0,3897.0
ORD_00781,CUST_0220,STR_102,2023-12-14,2023-12-19,UPI,Returned,0.0,8070.25,3270.25
ORD_00782,CUST_0246,STR_103,2023-12-14,2023-12-19,Credit Card,Delivered,149.0,8499.0,2499.0
ORD_00783,CUST_0304,STR_108,2023-12-15,2023-12-17,UPI,Delivered,0.0,9499.05,3999.05
ORD_00784,CUST_0242,STR_103,2023-12-16,2023-12-19,Credit Card,Delivered,99.0,29900.0,10900.0
ORD_00785,CUST_0155,STR_108,2023-12-16,2023-12-21,Debit Card,Cancelled,250.0,8095.5,3895.5
ORD_00786,CUST_0325,STR_101,2023-12-16,2023-12-21,UPI,Delivered,0.0,15273.15,4773.15
ORD_00787,CUST_0081,STR_104,2023-12-17,2023-12-20,Debit Card,Delivered,149.0,7220.75,2420.75
ORD_00788,CUST_0268,STR_104,2023-12-17,2023-12-22,Net Banking,Returned,250.0,12999.0,5499.0
ORD_00789,CUST_0075,STR_104,2024-01-02,2024-01-05,Credit Card,Delivered,149.0,28500.0,7500.0
ORD_00790,CUST_0179,STR_110,2023-12-18,2023-12-19,Debit Card,Delivered,149.0,25500.0,9500.0
ORD_00791,CUST_0229,STR_105,2023-12-18,2023-12-21,Credit Card,Delivered,0.0,1999.2,1049.2
ORD_00792,CUST_0102,STR_103,2023-12-19,2023-12-22,UPI,Delivered,250.0,4999.0,3199.0
ORD_00793,CUST_0262,STR_107,2023-12-19,2023-12-23,Credit Card,Delivered,149.0,6597.0,4197.0
ORD_00794,CUST_0297,STR_102,2023-12-19,2023-12-21,Cash on Delivery (COD),Delivered,99.0,22950.0,6950.0
ORD_00795,CUST_0035,STR_108,2023-12-19,2023-12-20,Credit Card,Delivered,0.0,43350.0,11350.0
ORD_00796,CUST_0198,STR_110,2024-11-24,2024-11-29,UPI,Delivered,0.0,5608.3,3208.3
ORD_00797,CUST_0075,STR_104,2024-01-15,2024-01-17,Credit Card,Delivered,149.0,64999.0,19999.0
ORD_00798,CUST_0232,STR_110,2023-12-19,2023-12-21,UPI,Delivered,250.0,47498.1,17498.1
ORD_00799,CUST_0151,STR_104,2023-12-20,2023-12-24,Credit Card,Delivered,0.0,6631.0,4431.0
ORD_00800,CUST_0262,STR_102,2023-12-20,2023-12-22,Debit Card,Delivered,0.0,24495.2,11195.2
ORD_00801,CUST_0227,STR_107,2023-12-20,2023-12-23,Credit Card,Returned,0.0,24225.0,8225.0
ORD_00802,CUST_0278,STR_105,2023-12-20,2023-12-21,Cash on Delivery (COD),Delivered,0.0,4499.1,2699.1
ORD_00803,CUST_0036,STR_106,2024-08-07,2024-08-08,Cash on Delivery (COD),Returned,250.0,124900.0,29900.0
ORD_00804,CUST_0086,STR_108,2024-03-25,2024-03-28,UPI,Delivered,149.0,9897.0,6297.0
ORD_00805,CUST_0051,STR_101,2023-12-21,2023-12-25,Credit Card,Delivered,149.0,4249.15,2449.15
ORD_00806,CUST_0215,STR_104,2024-01-16,2024-01-17,Credit Card,Delivered,250.0,62000.0,14000.0
ORD_00807,CUST_0306,STR_110,2023-12-22,2023-12-27,Cash on Delivery (COD),Delivered,0.0,18500.0,7500.0
ORD_00808,CUST_0248,STR_102,2024-09-26,2024-09-27,UPI,Returned,0.0,7999.0,3499.0
ORD_00809,CUST_0075,STR_109,2024-01-06,2024-01-07,UPI,Delivered,99.0,43725.0,11725.0
ORD_00810,CUST_0063,STR_101,2023-12-22,2023-12-25,Credit Card,Delivered,250.0,36449.1,10949.1
ORD_00811,CUST_0272,STR_107,2024-01-30,2024-02-03,UPI,Delivered,149.0,22598.25,6798.25
ORD_00812,CUST_0243,STR_104,2023-12-22,2023-12-23,UPI,Delivered,149.0,63650.0,18650.0
ORD_00813,CUST_0053,STR_107,2023-12-22,2023-12-24,UPI,Returned,0.0,18998.1,7998.1
ORD_00814,CUST_0341,STR_109,2024-03-26,2024-03-31,Debit Card,Delivered,99.0,8545.25,2345.25
ORD_00815,CUST_0183,STR_109,2023-12-23,2023-12-25,Net Banking,Delivered,99.0,26938.7,12138.7
ORD_00816,CUST_0035,STR_108,2023-12-23,2023-12-26,Debit Card,Delivered,0.0,5398.2,3198.2
ORD_00817,CUST_0179,STR_101,2023-12-23,2023-12-28,UPI,Delivered,0.0,5698.1,3498.1
ORD_00818,CUST_0135,STR_103,2023-12-23,2023-12-24,UPI,Delivered,250.0,41275.0,19875.0
ORD_00819,CUST_0249,STR_106,2023-12-23,2023-12-28,UPI,Delivered,250.0,66498.1,22498.1
ORD_00820,CUST_0116,STR_109,2024-04-06,2024-04-08,Cash on Delivery (COD),Delivered,99.0,16863.25,8063.25
ORD_00821,CUST_0155,STR_108,2023-12-24,2023-12-29,Debit Card,Delivered,0.0,71999.1,11999.1
ORD_00822,CUST_0116,STR_108,2024-03-12,2024-03-17,UPI,Delivered,99.0,22900.0,6900.0
ORD_00823,CUST_0063,STR_107,2023-12-24,2023-12-26,UPI,Returned,250.0,36100.0,12100.0
ORD_00824,CUST_0277,STR_101,2024-10-20,2024-10-25,UPI,Delivered,149.0,105859.1,21659.1
ORD_00825,CUST_0135,STR_103,2023-12-26,2023-12-27,Credit Card,Returned,99.0,99919.05,20919.05
ORD_00826,CUST_0241,STR_105,2023-12-26,2023-12-29,Credit Card,Delivered,0.0,3314.15,1914.15
ORD_00827,CUST_0052,STR_108,2024-09-29,2024-10-03,Credit Card,Delivered,99.0,75920.0,3920.0
ORD_00828,CUST_0257,STR_109,2024-05-08,2024-05-10,Debit Card,Delivered,0.0,6170.25,1670.25
ORD_00829,CUST_0249,STR_107,2023-12-27,2023-12-28,UPI,Delivered,0.0,57648.0,16448.0
ORD_00830,CUST_0212,STR_103,2024-07-03,2024-07-06,Debit Card,Returned,250.0,7999.0,3499.0
ORD_00831,CUST_0108,STR_109,2023-12-28,2024-01-02,Credit Card,Delivered,0.0,25500.0,9500.0
ORD_00832,CUST_0257,STR_108,2024-05-15,2024-05-18,Net Banking,Delivered,149.0,113248.05,31248.05
ORD_00833,CUST_0078,STR_108,2023-12-29,2024-01-01,UPI,Delivered,0.0,6399.2,1899.2
ORD_00834,CUST_0002,STR_109,2023-12-29,2024-01-02,UPI,Delivered,99.0,5845.5,1345.5
ORD_00835,CUST_0010,STR_105,2024-02-06,2024-02-09,Credit Card,Returned,149.0,13499.1,3999.1
ORD_00836,CUST_0249,STR_105,2023-12-30,2024-01-02,Cash on Delivery (COD),Delivered,99.0,8995.0,4795.0
ORD_00837,CUST_0093,STR_110,2023-12-30,2023-12-31,UPI,Delivered,0.0,29600.0,7600.0
ORD_00838,CUST_0143,STR_103,2024-10-22,2024-10-25,UPI,Delivered,0.0,64494.0,23394.0
ORD_00839,CUST_0198,STR_102,2024-11-22,2024-11-25,UPI,Delivered,0.0,71999.1,11999.1
ORD_00840,CUST_0297,STR_102,2023-12-31,2024-01-01,Credit Card,Delivered,250.0,2124.15,1174.15
ORD_00841,CUST_0012,STR_103,2024-03-09,2024-03-14,Cash on Delivery (COD),Delivered,250.0,38141.05,14741.05
ORD_00842,CUST_0227,STR_106,2024-01-01,2024-01-06,UPI,Delivered,0.0,35748.05,12798.05
ORD_00843,CUST_0200,STR_102,2024-01-02,2024-01-07,UPI,Delivered,99.0,3695.5,1595.5
ORD_00844,CUST_0051,STR_101,2024-01-02,2024-01-07,Net Banking,Delivered,149.0,22221.15,9621.15
ORD_00845,CUST_0155,STR_108,2024-01-02,2024-01-04,UPI,Delivered,99.0,58389.0,23289.0
ORD_00846,CUST_0054,STR_107,2024-01-02,2024-01-07,Credit Card,Delivered,99.0,58499.1,13499.1
ORD_00847,CUST_0162,STR_103,2024-01-02,2024-01-07,UPI,Delivered,250.0,14999.0,5499.0
ORD_00848,CUST_0010,STR_105,2024-01-13,2024-01-18,UPI,Delivered,0.0,94900.0,22900.0
ORD_00849,CUST_0280,STR_103,2024-01-03,2024-01-08,UPI,Delivered,0.0,8998.2,2598.2
ORD_00850,CUST_0044,STR_103,2024-01-03,2024-01-05,UPI,Delivered,149.0,13499.1,3999.1
ORD_00851,CUST_0197,STR_108,2024-03-06,2024-03-11,Credit Card,Delivered,0.0,45629.0,12829.0
ORD_00852,CUST_0070,STR_103,2024-01-03,2024-01-07,Cash on Delivery (COD),Returned,99.0,72017.2,24217.2
ORD_00853,CUST_0140,STR_107,2024-01-03,2024-01-07,Credit Card,Delivered,0.0,38000.0,14000.0
ORD_00854,CUST_0243,STR_103,2024-01-04,2024-01-07,Debit Card,Delivered,0.0,4398.0,2798.0
ORD_00855,CUST_0012,STR_104,2024-02-19,2024-02-24,UPI,Delivered,99.0,3518.4,1918.4
ORD_00856,CUST_0281,STR_101,2024-06-12,2024-06-16,UPI,Delivered,0.0,5520.75,1020.75
ORD_00857,CUST_0104,STR_108,2024-01-06,2024-01-09,Debit Card,Delivered,0.0,14997.0,7397.0
ORD_00858,CUST_0082,STR_106,2024-01-08,2024-01-13,UPI,Delivered,99.0,94900.0,22900.0
ORD_00859,CUST_0122,STR_101,2024-01-08,2024-01-11,UPI,Delivered,250.0,84499.0,14999.0
ORD_00860,CUST_0161,STR_110,2024-01-08,2024-01-10,Debit Card,Delivered,149.0,33249.05,11249.05
ORD_00861,CUST_0253,STR_108,2024-01-08,2024-01-11,Credit Card,Delivered,250.0,99149.15,24949.15
ORD_00862,CUST_0068,STR_109,2024-01-09,2024-01-10,Cash on Delivery (COD),Delivered,250.0,32630.0,9430.0
ORD_00863,CUST_0306,STR_102,2024-01-09,2024-01-11,Net Banking,Delivered,250.0,78390.0,24390.0
ORD_00864,CUST_0197,STR_108,2024-03-13,2024-03-16,Cash on Delivery (COD),Returned,149.0,104000.0,36000.0
ORD_00865,CUST_0326,STR_103,2024-01-11,2024-01-16,Cash on Delivery (COD),Delivered,0.0,1424.05,624.05
ORD_00866,CUST_0200,STR_109,2024-01-11,2024-01-13,Net Banking,Delivered,149.0,8074.05,2074.05
ORD_00867,CUST_0321,STR_108,2024-01-11,2024-01-12,Credit Card,Delivered,250.0,101880.0,27680.0
ORD_00868,CUST_0326,STR_108,2024-01-12,2024-01-14,UPI,Delivered,0.0,3509.1,2109.1
ORD_00869,CUST_0056,STR_103,2024-01-12,2024-01-15,UPI,Delivered,250.0,2249.1,1299.1
ORD_00870,CUST_0140,STR_105,2024-01-12,2024-01-13,Credit Card,Delivered,0.0,24999.0,9999.0
ORD_00871,CUST_0257,STR_102,2024-05-10,2024-05-11,Credit Card,Delivered,149.0,86648.2,27248.2
ORD_00872,CUST_0140,STR_107,2024-01-13,2024-01-17,UPI,Delivered,0.0,8095.5,1895.5
ORD_00873,CUST_0035,STR_108,2024-01-13,2024-01-17,Cash on Delivery (COD),Delivered,0.0,106755.0,25755.0
ORD_00874,CUST_0250,STR_103,2024-01-13,2024-01-15,Credit Card,Delivered,250.0,39234.05,14034.05
ORD_00875,CUST_0257,STR_108,2024-05-15,2024-05-20,Debit Card,Delivered,0.0,71998.0,20398.0
ORD_00876,CUST_0279,STR_103,2024-01-15,2024-01-17,UPI,Delivered,0.0,50830.0,12830.0
ORD_00877,CUST_0155,STR_109,2024-01-15,2024-01-17,UPI,Delivered,250.0,118655.0,23655.0
ORD_00878,CUST_0271,STR_108,2024-03-11,2024-03-16,Credit Card,Delivered,0.0,5098.3,2898.3
ORD_00879,CUST_0265,STR_110,2024-01-16,2024-01-19,Credit Card,Delivered,0.0,8999.1,3499.1
ORD_00880,CUST_0250,STR_103,2024-01-16,2024-01-21,Credit Card,Delivered,149.0,7798.0,4998.0
ORD_00881,CUST_0183,STR_101,2024-01-17,2024-01-19,Debit Card,Delivered,0.0,4749.05,2549.05
ORD_00882,CUST_0070,STR_109,2024-01-19,2024-01-24,Debit Card,Delivered,0.0,14423.05,6123.05
ORD_00883,CUST_0054,STR_108,2024-01-19,2024-01-21,Credit Card,Delivered,250.0,103353.1,26753.1
ORD_00884,CUST_0119,STR_109,2024-08-24,2024-08-26,Debit Card,Delivered,99.0,18320.0,2320.0
ORD_00885,CUST_0249,STR_102,2024-01-22,2024-01-27,UPI,Cancelled,250.0,175798.2,56798.2
ORD_00886,CUST_0314,STR_104,2024-01-22,2024-01-26,Credit Card,Delivered,149.0,8694.5,4794.5
ORD_00887,CUST_0010,STR_106,2024-01-23,2024-01-24,Cash on Delivery (COD),Delivered,0.0,59800.0,21800.0
ORD_00888,CUST_0048,STR_101,2024-01-23,2024-01-28,Credit Card,Delivered,149.0,7599.05,3099.05
ORD_00889,CUST_0053,STR_104,2024-01-24,2024-01-29,UPI,Delivered,0.0,26100.0,8100.0
ORD_00890,CUST_0314,STR_104,2024-01-24,2024-01-29,UPI,Delivered,250.0,22949.15,4949.15
ORD_00891,CUST_0270,STR_104,2024-01-24,2024-01-29,UPI,Delivered,250.0,47894.5,16294.5
ORD_00892,CUST_0217,STR_101,2024-11-07,2024-11-11,UPI,Delivered,0.0,19998.0,8998.0
ORD_00893,CUST_0337,STR_102,2024-01-26,2024-01-31,Debit Card,Delivered,0.0,79739.05,26339.05
ORD_00894,CUST_0113,STR_110,2024-03-18,2024-03-22,UPI,Delivered,250.0,89749.05,22549.05
ORD_00895,CUST_0052,STR_108,2024-10-06,2024-10-07,Credit Card,Delivered,250.0,61749.05,16749.05
ORD_00896,CUST_0155,STR_108,2024-01-27,2024-01-31,Cash on Delivery (COD),Returned,149.0,79624.05,6224.05
ORD_00897,CUST_0044,STR_110,2024-01-28,2024-02-02,UPI,Returned,0.0,21755.0,5755.0
ORD_00898,CUST_0262,STR_110,2024-01-29,2024-02-01,Net Banking,Delivered,149.0,24999.0,9999.0
ORD_00899,CUST_0196,STR_105,2024-05-15,2024-05-16,UPI,Delivered,99.0,23498.1,8498.1
ORD_00900,CUST_0002,STR_102,2024-01-30,2024-02-04,Debit Card,Delivered,149.0,144070.0,30070.0
ORD_00901,CUST_0339,STR_102,2024-01-30,2024-01-31,UPI,Delivered,0.0,24999.0,9999.0
ORD_00902,CUST_0314,STR_103,2024-01-31,2024-02-01,Credit Card,Delivered,250.0,35748.05,12798.05
ORD_00903,CUST_0116,STR_108,2024-03-07,2024-03-09,Credit Card,Delivered,99.0,49400.0,15400.0
ORD_00904,CUST_0002,STR_101,2024-01-31,2024-02-01,Cash on Delivery (COD),Delivered,0.0,29448.0,9448.0
ORD_00905,CUST_0281,STR_110,2024-06-13,2024-06-16,UPI,Delivered,99.0,15998.4,4998.4
ORD_00906,CUST_0345,STR_109,2024-02-01,2024-02-05,Debit Card,Delivered,250.0,2199.0,1399.0
ORD_00907,CUST_0051,STR_102,2024-02-01,2024-02-04,UPI,Delivered,149.0,4249.15,1049.15
ORD_00908,CUST_0141,STR_103,2024-02-01,2024-02-05,Credit Card,Delivered,250.0,208810.0,41810.0
ORD_00909,CUST_0183,STR_110,2024-02-02,2024-02-06,Credit Card,Delivered,0.0,121988.05,34188.05
ORD_00910,CUST_0221,STR_109,2024-02-02,2024-02-07,UPI,Delivered,149.0,75920.0,3920.0
ORD_00911,CUST_0074,STR_106,2024-02-04,2024-02-07,UPI,Delivered,250.0,7199.1,2699.1
ORD_00912,CUST_0063,STR_105,2024-02-04,2024-02-08,Net Banking,Delivered,0.0,92597.05,19697.05
ORD_00913,CUST_0106,STR_102,2024-02-04,2024-02-05,Debit Card,Delivered,0.0,11297.4,6497.4
ORD_00914,CUST_0155,STR_108,2024-02-04,2024-02-06,Debit Card,Delivered,0.0,14397.6,6597.6
ORD_00915,CUST_0140,STR_107,2024-02-05,2024-02-09,Debit Card,Cancelled,99.0,14500.0,5500.0
ORD_00916,CUST_0183,STR_104,2024-02-05,2024-02-10,Credit Card,Delivered,0.0,124900.0,29900.0
ORD_00917,CUST_0242,STR_104,2024-02-07,2024-02-08,UPI,Delivered,0.0,8999.1,3499.1
ORD_00918,CUST_0273,STR_101,2024-02-07,2024-02-11,Cash on Delivery (COD),Delivered,250.0,69998.0,25998.0
ORD_00919,CUST_0140,STR_106,2024-02-08,2024-02-09,UPI,Delivered,99.0,4749.05,1549.05
ORD_00920,CUST_0051,STR_102,2024-02-09,2024-02-10,Net Banking,Returned,250.0,62000.0,14000.0
ORD_00921,CUST_0065,STR_107,2024-02-11,2024-02-15,Cash on Delivery (COD),Delivered,149.0,24498.05,9498.05
ORD_00922,CUST_0314,STR_103,2024-02-11,2024-02-16,Debit Card,Delivered,99.0,67598.2,15098.2
ORD_00923,CUST_0117,STR_107,2024-09-06,2024-09-07,Debit Card,Delivered,0.0,75920.0,3920.0
ORD_00924,CUST_0141,STR_103,2024-02-13,2024-02-17,Cash on Delivery (COD),Returned,0.0,24299.1,6299.1
ORD_00925,CUST_0074,STR_107,2024-02-13,2024-02-18,UPI,Delivered,99.0,3490.0,2390.0
ORD_00926,CUST_0305,STR_106,2024-04-23,2024-04-28,UPI,Delivered,250.0,4499.1,2299.1
ORD_00927,CUST_0329,STR_106,2024-02-14,2024-02-16,UPI,Returned,250.0,60995.0,22795.0
ORD_00928,CUST_0155,STR_108,2024-02-15,2024-02-16,UPI,Delivered,99.0,41989.0,14489.0
ORD_00929,CUST_0151,STR_103,2024-02-15,2024-02-16,Debit Card,Delivered,0.0,13196.0,8396.0
ORD_00930,CUST_0036,STR_104,2024-07-15,2024-07-19,Cash on Delivery (COD),Delivered,99.0,4999.0,3199.0
ORD_00931,CUST_0277,STR_110,2024-10-14,2024-10-19,Credit Card,Delivered,0.0,2848.1,1248.1
ORD_00932,CUST_0141,STR_104,2024-02-18,2024-02-19,Cash on Delivery (COD),Delivered,0.0,4749.05,1549.05
ORD_00933,CUST_0044,STR_101,2024-02-18,2024-02-23,Credit Card,Delivered,250.0,3134.05,1934.05
ORD_00934,CUST_0141,STR_104,2024-02-19,2024-02-22,Cash on Delivery (COD),Delivered,0.0,2969.1,1769.1
ORD_00935,CUST_0229,STR_106,2024-02-22,2024-02-24,UPI,Delivered,149.0,102499.05,25999.05
ORD_00936,CUST_0097,STR_110,2024-02-22,2024-02-27,Cash on Delivery (COD),Delivered,0.0,11048.35,3248.35
ORD_00937,CUST_0081,STR_103,2024-02-22,2024-02-26,UPI,Delivered,250.0,8996.4,5196.4
ORD_00938,CUST_0009,STR_101,2024-02-22,2024-02-23,Credit Card,Delivered,250.0,2199.0,1399.0
ORD_00939,CUST_0052,STR_108,2024-10-02,2024-10-03,UPI,Delivered,250.0,5398.2,3198.2
ORD_00940,CUST_0193,STR_106,2024-10-29,2024-11-03,Credit Card,Delivered,250.0,21755.0,5755.0
ORD_00941,CUST_0077,STR_108,2024-02-23,2024-02-27,Credit Card,Delivered,149.0,13499.1,3999.1
ORD_00942,CUST_0248,STR_101,2024-09-20,2024-09-22,UPI,Delivered,99.0,10922.15,3322.15
ORD_00943,CUST_0093,STR_101,2024-02-24,2024-02-28,UPI,Delivered,149.0,62802.0,10602.0
ORD_00944,CUST_0141,STR_107,2024-02-25,2024-02-26,Credit Card,Delivered,149.0,1999.2,1049.2
ORD_00945,CUST_0166,STR_104,2024-02-25,2024-02-26,Credit Card,Delivered,149.0,44044.1,14544.1
ORD_00946,CUST_0315,STR_102,2024-02-27,2024-02-29,UPI,Delivered,0.0,94900.0,22900.0
ORD_00947,CUST_0135,STR_101,2024-02-27,2024-03-02,Cash on Delivery (COD),Cancelled,99.0,157780.0,40680.0
ORD_00948,CUST_0325,STR_102,2024-02-28,2024-02-29,Credit Card,Delivered,99.0,14800.0,3800.0
ORD_00949,CUST_0140,STR_107,2024-02-28,2024-02-29,UPI,Delivered,149.0,21755.0,5755.0
ORD_00950,CUST_0250,STR_103,2024-02-29,2024-03-03,UPI,Delivered,0.0,29900.0,10900.0
ORD_00951,CUST_0121,STR_105,2024-02-29,2024-03-02,Credit Card,Cancelled,149.0,20364.05,11014.05
ORD_00952,CUST_0347,STR_104,2024-03-01,2024-03-03,Credit Card,Delivered,250.0,17575.0,6575.0
ORD_00953,CUST_0297,STR_101,2024-03-01,2024-03-03,UPI,Delivered,149.0,75999.05,15999.05
ORD_00954,CUST_0044,STR_110,2024-03-01,2024-03-03,Credit Card,Delivered,0.0,61749.05,16749.05
ORD_00955,CUST_0258,STR_109,2024-05-28,2024-05-30,Cash on Delivery (COD),Delivered,0.0,31634.05,9434.05
ORD_00956,CUST_0160,STR_103,2024-03-02,2024-03-07,UPI,Delivered,99.0,2699.1,1599.1
ORD_00957,CUST_0138,STR_108,2024-03-02,2024-03-03,UPI,Delivered,0.0,35905.0,10705.0
ORD_00958,CUST_0195,STR_109,2024-03-02,2024-03-06,UPI,Delivered,250.0,79999.0,19999.0
ORD_00959,CUST_0304,STR_108,2024-03-04,2024-03-09,Debit Card,Returned,0.0,70591.0,13591.0
ORD_00960,CUST_0201,STR_104,2024-09-15,2024-09-20,Cash on Delivery (COD),Delivered,99.0,1499.0,699.0
ORD_00961,CUST_0213,STR_108,2024-06-02,2024-06-07,Debit Card,Delivered,99.0,6631.0,4431.0
ORD_00962,CUST_0028,STR_102,2024-03-07,2024-03-12,Net Banking,Delivered,99.0,17996.4,9196.4
ORD_00963,CUST_0262,STR_102,2024-03-07,2024-03-12,Credit Card,Delivered,0.0,49400.0,15400.0
ORD_00964,CUST_0231,STR_108,2024-04-17,2024-04-21,Credit Card,Delivered,149.0,21755.0,5755.0
ORD_00965,CUST_0095,STR_103,2024-09-26,2024-10-01,UPI,Delivered,99.0,3501.0,1401.0
ORD_00966,CUST_0094,STR_108,2024-07-05,2024-07-07,Credit Card,Delivered,149.0,34999.0,12999.0
ORD_00967,CUST_0013,STR_104,2024-03-09,2024-03-14,Credit Card,Delivered,149.0,124900.0,29900.0
ORD_00968,CUST_0248,STR_110,2024-09-12,2024-09-13,Debit Card,Delivered,0.0,6170.25,1670.25
ORD_00969,CUST_0051,STR_102,2024-03-10,2024-03-11,Debit Card,Delivered,99.0,12999.0,5499.0
ORD_00970,CUST_0231,STR_109,2024-04-27,2024-04-30,Credit Card,Delivered,0.0,25650.0,4650.0
ORD_00971,CUST_0046,STR_108,2024-05-31,2024-06-03,Credit Card,Delivered,149.0,16998.0,4998.0
ORD_00972,CUST_0306,STR_108,2024-03-11,2024-03-14,Credit Card,Delivered,99.0,23197.3,10497.3
ORD_00973,CUST_0138,STR_109,2024-03-11,2024-03-15,Credit Card,Delivered,0.0,52000.0,18000.0
ORD_00974,CUST_0053,STR_105,2024-03-15,2024-03-18,UPI,Delivered,99.0,138345.5,44845.5
ORD_00975,CUST_0271,STR_102,2024-03-16,2024-03-19,UPI,Delivered,149.0,83994.05,5994.05
ORD_00976,CUST_0302,STR_102,2024-03-16,2024-03-18,Credit Card,Delivered,250.0,8070.25,3270.25
ORD_00977,CUST_0113,STR_102,2024-03-17,2024-03-18,Debit Card,Delivered,99.0,61749.05,16749.05
ORD_00978,CUST_0130,STR_109,2024-03-18,2024-03-23,UPI,Delivered,149.0,24999.0,9999.0
ORD_00979,CUST_0008,STR_101,2024-03-19,2024-03-21,Cash on Delivery (COD),Returned,0.0,12813.2,5913.2
ORD_00980,CUST_0346,STR_106,2024-03-19,2024-03-21,UPI,Delivered,149.0,24299.1,6299.1
ORD_00981,CUST_0147,STR_104,2024-03-21,2024-03-23,Credit Card,Cancelled,149.0,44200.0,10200.0
ORD_00982,CUST_0246,STR_103,2024-03-21,2024-03-26,Debit Card,Delivered,250.0,29900.0,10900.0
ORD_00983,CUST_0314,STR_103,2024-03-21,2024-03-25,UPI,Delivered,99.0,14800.0,3800.0
ORD_00984,CUST_0052,STR_108,2024-10-01,2024-10-06,UPI,Delivered,0.0,25500.0,9500.0
ORD_00985,CUST_0063,STR_107,2024-03-22,2024-03-24,Credit Card,Cancelled,0.0,129899.0,35899.0
ORD_00986,CUST_0273,STR_105,2024-03-24,2024-03-27,UPI,Delivered,149.0,22900.0,6900.0
ORD_00987,CUST_0127,STR_106,2024-03-24,2024-03-25,Cash on Delivery (COD),Delivered,149.0,44200.0,10200.0
ORD_00988,CUST_0314,STR_103,2024-03-25,2024-03-28,Debit Card,Delivered,99.0,17990.0,9590.0
ORD_00989,CUST_0314,STR_104,2024-03-25,2024-03-30,UPI,Delivered,99.0,27075.0,6075.0
ORD_00990,CUST_0258,STR_109,2024-05-12,2024-05-13,Credit Card,Cancelled,99.0,44546.35,13546.35
ORD_00991,CUST_0155,STR_103,2024-03-27,2024-04-01,UPI,Delivered,0.0,5998.0,3798.0
ORD_00992,CUST_0227,STR_106,2024-03-27,2024-04-01,UPI,Delivered,0.0,5699.05,3099.05
ORD_00993,CUST_0068,STR_107,2024-03-27,2024-03-30,UPI,Delivered,99.0,16191.0,7791.0
ORD_00994,CUST_0184,STR_104,2024-06-26,2024-06-30,Credit Card,Delivered,149.0,28990.0,8990.0
ORD_00995,CUST_0241,STR_108,2024-03-28,2024-04-01,Net Banking,Delivered,250.0,23996.0,13596.0
ORD_00996,CUST_0248,STR_110,2024-09-11,2024-09-13,UPI,Delivered,0.0,22499.1,7499.1
ORD_00997,CUST_0105,STR_109,2024-07-22,2024-07-25,UPI,Delivered,149.0,3999.2,1799.2
ORD_00998,CUST_0242,STR_103,2024-03-29,2024-04-03,Cash on Delivery (COD),Returned,149.0,20589.05,7089.05
ORD_00999,CUST_0262,STR_103,2024-03-30,2024-03-31,Credit Card,Delivered,0.0,47899.0,16899.0
ORD_01000,CUST_0044,STR_102,2024-03-30,2024-04-01,Cash on Delivery (COD),Cancelled,99.0,11969.25,5769.25
ORD_01001,CUST_0212,STR_104,2024-07-03,2024-07-06,Debit Card,Delivered,250.0,58900.0,10900.0
ORD_01002,CUST_0012,STR_104,2024-03-30,2024-04-02,Net Banking,Delivered,149.0,4999.0,1799.0
ORD_01003,CUST_0056,STR_103,2024-04-01,2024-04-04,UPI,Delivered,250.0,2499.0,1549.0
ORD_01004,CUST_0044,STR_101,2024-04-02,2024-04-06,Debit Card,Delivered,149.0,90155.0,18155.0
ORD_01005,CUST_0036,STR_106,2024-07-18,2024-07-19,Credit Card,Returned,0.0,24999.0,9999.0
ORD_01006,CUST_0248,STR_101,2024-09-25,2024-09-28,UPI,Delivered,0.0,15725.0,4725.0
ORD_01007,CUST_0183,STR_109,2024-04-02,2024-04-06,Credit Card,Delivered,0.0,2199.0,1399.0
ORD_01008,CUST_0250,STR_103,2024-04-03,2024-04-07,Cash on Delivery (COD),Delivered,250.0,35160.25,10660.25
ORD_01009,CUST_0026,STR_106,2024-04-03,2024-04-07,Cash on Delivery (COD),Delivered,250.0,124900.0,29900.0
ORD_01010,CUST_0282,STR_104,2024-04-04,2024-04-05,Credit Card,Delivered,0.0,12349.05,4849.05
ORD_01011,CUST_0114,STR_107,2024-04-04,2024-04-06,UPI,Delivered,0.0,24225.0,3225.0
ORD_01012,CUST_0052,STR_101,2024-10-13,2024-10-17,UPI,Delivered,99.0,51246.05,21446.05
ORD_01013,CUST_0227,STR_105,2024-04-05,2024-04-08,UPI,Delivered,149.0,2804.15,1604.15
ORD_01014,CUST_0051,STR_110,2024-04-05,2024-04-07,Credit Card,Delivered,250.0,14999.0,5499.0
ORD_01015,CUST_0128,STR_106,2024-04-07,2024-04-08,UPI,Delivered,0.0,13775.0,4775.0
ORD_01016,CUST_0280,STR_104,2024-04-08,2024-04-11,Credit Card,Delivered,149.0,16650.0,5650.0
ORD_01017,CUST_0306,STR_102,2024-04-08,2024-04-13,Debit Card,Delivered,99.0,8095.5,3895.5
ORD_01018,CUST_0306,STR_101,2024-04-08,2024-04-10,Credit Card,Delivered,250.0,79999.0,19999.0
ORD_01019,CUST_0053,STR_105,2024-04-09,2024-04-14,UPI,Delivered,149.0,8999.1,3499.1
ORD_01020,CUST_0035,STR_109,2024-04-10,2024-04-15,Cash on Delivery (COD),Returned,149.0,16990.0,7390.0
ORD_01021,CUST_0166,STR_104,2024-04-10,2024-04-15,Net Banking,Delivered,99.0,43043.45,11643.45
ORD_01022,CUST_0002,STR_110,2024-04-10,2024-04-14,Credit Card,Delivered,250.0,29000.0,11000.0
ORD_01023,CUST_0242,STR_103,2024-04-10,2024-04-11,Credit Card,Delivered,149.0,6598.0,4198.0
ORD_01024,CUST_0164,STR_108,2024-08-29,2024-09-01,Debit Card,Delivered,0.0,28990.0,8990.0
ORD_01025,CUST_0034,STR_109,2024-04-11,2024-04-12,Net Banking,Delivered,250.0,28498.1,9498.1
ORD_01026,CUST_0155,STR_101,2024-04-11,2024-04-13,UPI,Delivered,99.0,79999.0,19999.0
ORD_01027,CUST_0051,STR_110,2024-04-11,2024-04-16,Cash on Delivery (COD),Delivered,0.0,46969.05,17769.05
ORD_01028,CUST_0213,STR_107,2024-06-09,2024-06-13,UPI,Delivered,99.0,25500.0,9500.0
ORD_01029,CUST_0039,STR_110,2024-04-12,2024-04-16,UPI,Delivered,99.0,2199.0,1399.0
ORD_01030,CUST_0010,STR_105,2024-04-12,2024-04-13,Net Banking,Delivered,250.0,75999.05,15999.05
ORD_01031,CUST_0035,STR_108,2024-04-13,2024-04-17,Cash on Delivery (COD),Delivered,250.0,51298.1,15298.1
ORD_01032,CUST_0257,STR_109,2024-05-10,2024-05-12,UPI,Delivered,149.0,9999.0,4499.0
ORD_01033,CUST_0257,STR_108,2024-05-23,2024-05-26,UPI,Delivered,0.0,4749.05,1549.05
ORD_01034,CUST_0145,STR_103,2024-04-14,2024-04-16,UPI,Delivered,250.0,6498.0,2498.0
ORD_01035,CUST_0064,STR_107,2024-04-15,2024-04-20,Credit Card,Delivered,99.0,6799.15,2299.15
ORD_01036,CUST_0070,STR_104,2024-04-15,2024-04-20,Credit Card,Delivered,99.0,17990.0,9590.0
ORD_01037,CUST_0314,STR_103,2024-04-16,2024-04-17,Credit Card,Delivered,0.0,17575.0,6575.0
ORD_01038,CUST_0179,STR_102,2024-04-16,2024-04-17,Debit Card,Delivered,149.0,133169.05,16169.05
ORD_01039,CUST_0262,STR_101,2024-04-16,2024-04-19,Debit Card,Delivered,250.0,58499.1,13499.1
ORD_01040,CUST_0053,STR_105,2024-04-16,2024-04-19,UPI,Delivered,0.0,47498.1,17498.1
ORD_01041,CUST_0274,STR_103,2024-04-16,2024-04-21,Debit Card,Delivered,0.0,11699.1,4199.1
ORD_01042,CUST_0141,STR_103,2024-04-16,2024-04-17,Credit Card,Delivered,99.0,11998.0,6798.0
ORD_01043,CUST_0262,STR_110,2024-04-17,2024-04-21,UPI,Delivered,0.0,34980.25,11180.25
ORD_01044,CUST_0220,STR_102,2024-04-17,2024-04-19,Debit Card,Delivered,0.0,22499.1,7499.1
ORD_01045,CUST_0179,STR_101,2024-04-17,2024-04-20,UPI,Delivered,149.0,52000.0,18000.0
ORD_01046,CUST_0034,STR_108,2024-04-18,2024-04-22,Debit Card,Delivered,99.0,22900.0,6900.0
ORD_01047,CUST_0008,STR_110,2024-04-18,2024-04-19,Debit Card,Delivered,99.0,89989.0,18389.0
ORD_01048,CUST_0258,STR_106,2024-05-03,2024-05-05,UPI,Delivered,0.0,28299.0,9499.0
ORD_01049,CUST_0241,STR_106,2024-04-18,2024-04-22,Cash on Delivery (COD),Delivered,0.0,5998.0,3798.0
ORD_01050,CUST_0177,STR_105,2024-04-18,2024-04-20,Credit Card,Delivered,0.0,43640.0,10240.0
ORD_01051,CUST_0058,STR_110,2024-04-19,2024-04-22,UPI,Delivered,149.0,24176.1,11576.1
ORD_01052,CUST_0262,STR_102,2024-04-19,2024-04-20,Debit Card,Delivered,0.0,28498.1,9498.1
ORD_01053,CUST_0068,STR_108,2024-04-20,2024-04-24,Debit Card,Delivered,0.0,23689.05,12689.05
ORD_01054,CUST_0248,STR_105,2024-09-25,2024-09-27,Credit Card,Delivered,149.0,5699.05,3099.05
ORD_01055,CUST_0002,STR_102,2024-04-20,2024-04-21,Cash on Delivery (COD),Delivered,250.0,16198.2,5498.2
ORD_01056,CUST_0034,STR_108,2024-04-21,2024-04-23,UPI,Delivered,149.0,48598.0,12998.0
ORD_01057,CUST_0002,STR_101,2024-04-21,2024-04-24,Credit Card,Delivered,99.0,53998.0,17998.0
ORD_01058,CUST_0281,STR_110,2024-06-05,2024-06-06,Credit Card,Delivered,250.0,7224.15,1224.15
ORD_01059,CUST_0198,STR_110,2024-11-10,2024-11-14,UPI,Delivered,99.0,89497.1,25897.1
ORD_01060,CUST_0290,STR_107,2024-04-26,2024-04-27,UPI,Delivered,0.0,8095.5,1895.5
ORD_01061,CUST_0035,STR_102,2024-04-26,2024-04-28,Debit Card,Delivered,149.0,26910.0,7910.0
ORD_01062,CUST_0013,STR_106,2024-04-28,2024-04-30,Cash on Delivery (COD),Delivered,99.0,13775.0,4775.0
ORD_01063,CUST_0199,STR_102,2024-04-28,2024-05-02,Credit Card,Delivered,0.0,16024.1,6074.1
ORD_01064,CUST_0262,STR_102,2024-04-29,2024-04-30,Debit Card,Delivered,250.0,85000.0,20000.0
ORD_01065,CUST_0199,STR_110,2024-04-29,2024-05-03,Cash on Delivery (COD),Delivered,250.0,24299.1,6299.1
ORD_01066,CUST_0140,STR_105,2024-04-29,2024-04-30,Credit Card,Delivered,0.0,62000.0,14000.0
ORD_01067,CUST_0249,STR_107,2024-04-29,2024-04-30,Credit Card,Delivered,250.0,79999.0,19999.0
ORD_01068,CUST_0254,STR_104,2024-05-01,2024-05-02,Credit Card,Delivered,0.0,13775.0,4775.0
ORD_01069,CUST_0008,STR_101,2024-05-01,2024-05-03,Credit Card,Delivered,250.0,9498.1,5898.1
ORD_01070,CUST_0137,STR_107,2024-05-01,2024-05-03,UPI,Returned,149.0,23192.0,3192.0
ORD_01071,CUST_0262,STR_102,2024-05-01,2024-05-06,UPI,Delivered,99.0,14500.0,5500.0
ORD_01072,CUST_0257,STR_110,2024-05-04,2024-05-08,Net Banking,Returned,0.0,12349.05,4849.05
ORD_01073,CUST_0155,STR_108,2024-05-04,2024-05-08,UPI,Delivered,99.0,25623.15,11873.15
ORD_01074,CUST_0183,STR_109,2024-05-05,2024-05-08,Credit Card,Delivered,0.0,26868.15,11068.15
ORD_01075,CUST_0079,STR_101,2024-05-05,2024-05-09,Credit Card,Delivered,250.0,15996.8,8796.8
ORD_01076,CUST_0071,STR_108,2024-06-03,2024-06-07,UPI,Delivered,0.0,15725.0,4725.0
ORD_01077,CUST_0151,STR_103,2024-05-06,2024-05-11,UPI,Delivered,99.0,55343.45,26343.45
ORD_01078,CUST_0219,STR_103,2024-05-08,2024-05-12,Credit Card,Delivered,99.0,6170.25,1670.25
ORD_01079,CUST_0035,STR_105,2024-05-08,2024-05-13,UPI,Delivered,250.0,71999.1,11999.1
ORD_01080,CUST_0155,STR_109,2024-05-08,2024-05-13,Credit Card,Delivered,0.0,31959.1,10759.1
ORD_01081,CUST_0155,STR_108,2024-05-09,2024-05-12,UPI,Delivered,250.0,11049.15,3549.15
ORD_01082,CUST_0002,STR_101,2024-05-09,2024-05-10,Debit Card,Delivered,250.0,10694.0,5094.0
ORD_01083,CUST_0273,STR_107,2024-05-09,2024-05-11,Credit Card,Delivered,0.0,10399.2,2899.2
ORD_01084,CUST_0257,STR_109,2024-05-11,2024-05-14,Debit Card,Delivered,250.0,124923.1,27523.1
ORD_01085,CUST_0175,STR_108,2024-05-12,2024-05-13,UPI,Delivered,250.0,11996.0,7596.0
ORD_01086,CUST_0260,STR_107,2024-05-12,2024-05-14,Cash on Delivery (COD),Delivered,250.0,3134.05,1934.05
ORD_01087,CUST_0051,STR_101,2024-05-12,2024-05-17,Debit Card,Delivered,0.0,11699.1,4199.1
ORD_01088,CUST_0262,STR_102,2024-05-12,2024-05-15,Cash on Delivery (COD),Cancelled,149.0,6399.2,1899.2
ORD_01089,CUST_0268,STR_103,2024-05-13,2024-05-14,Cash on Delivery (COD),Cancelled,0.0,38363.0,11763.0
ORD_01090,CUST_0051,STR_110,2024-05-13,2024-05-14,Credit Card,Delivered,0.0,11999.2,2499.2
ORD_01091,CUST_0257,STR_102,2024-05-13,2024-05-15,UPI,Delivered,0.0,94900.0,22900.0
ORD_01092,CUST_0265,STR_104,2024-05-14,2024-05-16,UPI,Delivered,0.0,49998.0,19998.0
ORD_01093,CUST_0242,STR_104,2024-05-14,2024-05-15,Debit Card,Delivered,0.0,80750.0,15750.0
ORD_01094,CUST_0116,STR_109,2024-05-14,2024-05-18,Credit Card,Delivered,149.0,4749.05,2549.05
ORD_01095,CUST_0155,STR_109,2024-05-14,2024-05-19,Credit Card,Delivered,99.0,3134.05,1934.05
ORD_01096,CUST_0035,STR_109,2024-05-15,2024-05-17,UPI,Delivered,250.0,22900.0,6900.0
ORD_01097,CUST_0192,STR_109,2024-05-16,2024-05-17,UPI,Delivered,0.0,118655.0,23655.0
ORD_01098,CUST_0257,STR_108,2024-05-17,2024-05-18,Credit Card,Delivered,149.0,4249.15,1049.15
ORD_01099,CUST_0051,STR_102,2024-05-17,2024-05-18,UPI,Delivered,99.0,2549.15,1449.15
ORD_01100,CUST_0320,STR_107,2024-05-17,2024-05-21,Net Banking,Delivered,99.0,3704.05,2304.05
ORD_01101,CUST_0199,STR_103,2024-05-17,2024-05-18,UPI,Delivered,250.0,62000.0,14000.0
ORD_01102,CUST_0262,STR_102,2024-05-17,2024-05-18,UPI,Delivered,0.0,17990.0,9590.0
ORD_01103,CUST_0262,STR_109,2024-05-18,2024-05-19,UPI,Delivered,0.0,11998.0,6798.0
ORD_01104,CUST_0068,STR_107,2024-05-18,2024-05-19,UPI,Delivered,0.0,12999.0,5499.0
ORD_01105,CUST_0119,STR_108,2024-08-26,2024-08-30,UPI,Delivered,0.0,9260.15,4260.15
ORD_01106,CUST_0155,STR_109,2024-05-18,2024-05-20,Debit Card,Delivered,250.0,126574.0,33074.0
ORD_01107,CUST_0227,STR_106,2024-05-18,2024-05-20,Credit Card,Returned,250.0,2499.0,1549.0
ORD_01108,CUST_0338,STR_106,2024-05-19,2024-05-23,UPI,Delivered,0.0,63999.2,3999.2
ORD_01109,CUST_0070,STR_105,2024-05-19,2024-05-24,Credit Card,Delivered,99.0,26999.0,8999.0
ORD_01110,CUST_0272,STR_105,2024-05-20,2024-05-24,Credit Card,Delivered,0.0,24999.0,9999.0
ORD_01111,CUST_0002,STR_101,2024-05-21,2024-05-23,UPI,Delivered,250.0,6170.25,1670.25
ORD_01112,CUST_0257,STR_109,2024-05-21,2024-05-24,UPI,Delivered,0.0,7220.75,2420.75
ORD_01113,CUST_0002,STR_101,2024-05-21,2024-05-26,Debit Card,Delivered,149.0,25500.0,9500.0
ORD_01114,CUST_0250,STR_107,2024-05-21,2024-05-24,Cash on Delivery (COD),Delivered,250.0,4999.0,1799.0
ORD_01115,CUST_0140,STR_106,2024-05-21,2024-05-24,Credit Card,Delivered,99.0,28500.0,7500.0
ORD_01116,CUST_0140,STR_106,2024-05-21,2024-05-25,UPI,Delivered,99.0,35980.0,19180.0
ORD_01117,CUST_0262,STR_110,2024-05-22,2024-05-27,Debit Card,Delivered,250.0,24225.0,8225.0
ORD_01118,CUST_0074,STR_107,2024-05-22,2024-05-27,UPI,Delivered,99.0,21755.0,5755.0
ORD_01119,CUST_0070,STR_104,2024-05-24,2024-05-28,Credit Card,Delivered,149.0,36100.0,12100.0
ORD_01120,CUST_0332,STR_101,2024-05-24,2024-05-25,UPI,Delivered,0.0,51000.0,19000.0
ORD_01121,CUST_0102,STR_109,2024-05-25,2024-05-30,Debit Card,Cancelled,0.0,131998.0,39998.0
ORD_01122,CUST_0262,STR_101,2024-05-25,2024-05-28,UPI,Delivered,0.0,3490.0,2390.0
ORD_01123,CUST_0009,STR_102,2024-05-25,2024-05-27,Credit Card,Delivered,0.0,64999.0,19999.0
ORD_01124,CUST_0248,STR_101,2024-09-29,2024-10-02,Cash on Delivery (COD),Delivered,250.0,28500.0,7500.0
ORD_01125,CUST_0326,STR_108,2024-05-26,2024-05-31,Cash on Delivery (COD),Delivered,250.0,63999.2,3999.2
ORD_01126,CUST_0075,STR_104,2024-05-26,2024-05-27,UPI,Delivered,149.0,25998.0,10998.0
ORD_01127,CUST_0095,STR_104,2024-09-07,2024-09-10,Credit Card,Delivered,99.0,71999.1,11999.1
ORD_01128,CUST_0273,STR_104,2024-05-27,2024-05-29,UPI,Delivered,0.0,58900.0,10900.0
ORD_01129,CUST_0296,STR_109,2024-05-27,2024-05-30,UPI,Delivered,0.0,22900.0,6900.0
ORD_01130,CUST_0070,STR_103,2024-05-28,2024-06-02,Credit Card,Delivered,0.0,24225.0,8225.0
ORD_01131,CUST_0155,STR_109,2024-05-28,2024-05-31,UPI,Delivered,149.0,59800.0,21800.0
ORD_01132,CUST_0323,STR_104,2024-05-28,2024-06-02,UPI,Cancelled,0.0,8095.5,1895.5
ORD_01133,CUST_0122,STR_108,2024-05-28,2024-05-31,UPI,Delivered,0.0,24650.0,6650.0
ORD_01134,CUST_0257,STR_109,2024-05-28,2024-06-02,Credit Card,Delivered,149.0,64999.0,19999.0
ORD_01135,CUST_0311,STR_103,2024-05-29,2024-05-30,Debit Card,Delivered,99.0,94900.0,22900.0
ORD_01136,CUST_0248,STR_103,2024-09-13,2024-09-17,Net Banking,Delivered,149.0,8495.0,3695.0
ORD_01137,CUST_0266,STR_106,2024-05-29,2024-05-30,UPI,Delivered,0.0,66498.1,22498.1
ORD_01138,CUST_0010,STR_107,2024-05-30,2024-06-04,UPI,Delivered,0.0,11996.0,7596.0
ORD_01139,CUST_0143,STR_102,2024-10-22,2024-10-26,UPI,Delivered,0.0,20598.05,8598.05
ORD_01140,CUST_0051,STR_102,2024-05-31,2024-06-01,Credit Card,Delivered,99.0,8995.0,4795.0
ORD_01141,CUST_0338,STR_105,2024-06-01,2024-06-03,Credit Card,Delivered,99.0,51298.1,15298.1
ORD_01142,CUST_0262,STR_102,2024-06-02,2024-06-04,Debit Card,Delivered,0.0,69397.0,22797.0
ORD_01143,CUST_0307,STR_102,2024-06-02,2024-06-06,UPI,Delivered,149.0,20400.0,4400.0
ORD_01144,CUST_0029,STR_108,2024-06-02,2024-06-07,Credit Card,Delivered,250.0,7645.5,2845.5
ORD_01145,CUST_0034,STR_109,2024-06-02,2024-06-06,UPI,Delivered,99.0,5699.05,3099.05
ORD_01146,CUST_0160,STR_105,2024-06-02,2024-06-04,Credit Card,Delivered,0.0,39619.65,14819.65
ORD_01147,CUST_0230,STR_105,2024-06-02,2024-06-06,UPI,Delivered,250.0,102505.0,21505.0
ORD_01148,CUST_0268,STR_103,2024-06-02,2024-06-07,Credit Card,Delivered,149.0,27540.5,7540.5
ORD_01149,CUST_0031,STR_101,2024-06-02,2024-06-06,UPI,Delivered,250.0,4398.0,2798.0
ORD_01150,CUST_0155,STR_108,2024-06-02,2024-06-04,UPI,Delivered,0.0,24286.5,11686.5
ORD_01151,CUST_0140,STR_106,2024-06-03,2024-06-05,UPI,Cancelled,149.0,40494.15,12294.15
ORD_01152,CUST_0258,STR_109,2024-06-05,2024-06-10,UPI,Delivered,0.0,94900.0,22900.0
ORD_01153,CUST_0346,STR_109,2024-06-06,2024-06-11,Credit Card,Delivered,0.0,46800.0,12800.0
ORD_01154,CUST_0095,STR_103,2024-09-03,2024-09-07,UPI,Delivered,99.0,96498.05,25598.05
ORD_01155,CUST_0128,STR_104,2024-06-08,2024-06-13,UPI,Delivered,0.0,2792.0,1692.0
ORD_01156,CUST_0242,STR_104,2024-06-08,2024-06-12,Net Banking,Delivered,149.0,12349.05,4849.05
ORD_01157,CUST_0147,STR_109,2024-06-09,2024-06-11,Cash on Delivery (COD),Delivered,99.0,19465.0,3465.0
ORD_01158,CUST_0012,STR_103,2024-06-09,2024-06-10,Credit Card,Delivered,99.0,30749.1,8799.1
ORD_01159,CUST_0010,STR_105,2024-06-10,2024-06-13,Debit Card,Delivered,250.0,90155.0,18155.0
ORD_01160,CUST_0241,STR_102,2024-06-10,2024-06-14,Credit Card,Delivered,250.0,4749.05,1549.05
ORD_01161,CUST_0231,STR_109,2024-06-10,2024-06-11,Net Banking,Delivered,0.0,49400.0,15400.0
ORD_01162,CUST_0155,STR_109,2024-06-11,2024-06-14,UPI,Cancelled,0.0,7408.1,4608.1
ORD_01163,CUST_0023,STR_110,2024-06-12,2024-06-13,Credit Card,Delivered,0.0,110090.0,27690.0
ORD_01164,CUST_0122,STR_108,2024-06-12,2024-06-14,Credit Card,Delivered,250.0,27540.5,7540.5
ORD_01165,CUST_0262,STR_104,2024-06-13,2024-06-16,UPI,Delivered,0.0,1349.1,549.1
ORD_01166,CUST_0325,STR_102,2024-06-14,2024-06-15,Debit Card,Delivered,99.0,8495.0,3695.0
ORD_01167,CUST_0089,STR_107,2024-06-15,2024-06-16,Net Banking,Delivered,99.0,17573.1,6073.1
ORD_01168,CUST_0036,STR_107,2024-07-19,2024-07-21,Debit Card,Delivered,0.0,23989.0,12989.0
ORD_01169,CUST_0257,STR_108,2024-06-16,2024-06-19,UPI,Cancelled,250.0,56013.0,17813.0
ORD_01170,CUST_0122,STR_109,2024-06-17,2024-06-19,Net Banking,Delivered,0.0,25415.0,6415.0
ORD_01171,CUST_0075,STR_103,2024-06-17,2024-06-22,UPI,Delivered,0.0,7476.6,4276.6
ORD_01172,CUST_0051,STR_110,2024-06-18,2024-06-19,Debit Card,Delivered,99.0,15994.05,5994.05
ORD_01173,CUST_0053,STR_105,2024-06-19,2024-06-24,Net Banking,Delivered,99.0,7199.1,2699.1
ORD_01174,CUST_0140,STR_107,2024-06-19,2024-06-20,UPI,Delivered,0.0,98889.15,24489.15
ORD_01175,CUST_0008,STR_110,2024-06-20,2024-06-23,Credit Card,Delivered,99.0,82089.05,9289.05
ORD_01176,CUST_0020,STR_108,2024-06-20,2024-06-21,Credit Card,Delivered,99.0,14698.1,6098.1
ORD_01177,CUST_0034,STR_108,2024-06-20,2024-06-24,Cash on Delivery (COD),Delivered,0.0,8694.5,3394.5
ORD_01178,CUST_0262,STR_102,2024-06-20,2024-06-25,UPI,Delivered,0.0,76498.2,14698.2
ORD_01179,CUST_0281,STR_103,2024-06-20,2024-06-24,UPI,Delivered,250.0,28990.0,8990.0
ORD_01180,CUST_0197,STR_109,2024-06-23,2024-06-25,Credit Card,Delivered,0.0,131999.0,37999.0
ORD_01181,CUST_0246,STR_103,2024-06-24,2024-06-28,UPI,Delivered,250.0,13050.0,4050.0
ORD_01182,CUST_0155,STR_110,2024-06-24,2024-06-25,Debit Card,Delivered,0.0,8995.0,2795.0
ORD_01183,CUST_0002,STR_110,2024-06-25,2024-06-30,UPI,Delivered,99.0,85497.15,19097.15
ORD_01184,CUST_0157,STR_109,2024-06-26,2024-06-30,UPI,Delivered,0.0,49998.0,19998.0
ORD_01185,CUST_0337,STR_103,2024-06-26,2024-06-29,UPI,Delivered,99.0,85410.0,13410.0
ORD_01186,CUST_0056,STR_103,2024-06-27,2024-06-29,Debit Card,Delivered,250.0,123999.1,29999.1
ORD_01187,CUST_0166,STR_103,2024-06-27,2024-06-28,Cash on Delivery (COD),Returned,99.0,45898.3,9898.3
ORD_01188,CUST_0262,STR_104,2024-06-27,2024-06-28,Debit Card,Delivered,250.0,64999.0,19999.0
ORD_01189,CUST_0293,STR_101,2024-06-28,2024-06-30,UPI,Delivered,0.0,3509.1,2109.1
ORD_01190,CUST_0198,STR_103,2024-11-04,2024-11-06,UPI,Delivered,0.0,121654.0,25554.0
ORD_01191,CUST_0036,STR_105,2024-08-05,2024-08-10,UPI,Delivered,0.0,88824.05,17824.05
ORD_01192,CUST_0220,STR_102,2024-07-01,2024-07-06,UPI,Delivered,0.0,7798.0,4998.0
ORD_01193,CUST_0119,STR_105,2024-08-16,2024-08-21,Credit Card,Delivered,99.0,40398.1,15798.1
ORD_01194,CUST_0293,STR_103,2024-07-02,2024-07-04,UPI,Delivered,0.0,4999.0,3199.0
ORD_01195,CUST_0137,STR_103,2024-07-02,2024-07-07,UPI,Delivered,250.0,1424.05,624.05
ORD_01196,CUST_0086,STR_109,2024-07-02,2024-07-04,UPI,Delivered,0.0,23749.05,8749.05
ORD_01197,CUST_0040,STR_106,2024-07-03,2024-07-08,UPI,Delivered,0.0,7645.75,1445.75
ORD_01198,CUST_0212,STR_103,2024-07-03,2024-07-05,Credit Card,Delivered,250.0,8095.5,3895.5
ORD_01199,CUST_0074,STR_107,2024-07-03,2024-07-06,Net Banking,Delivered,0.0,58498.0,21548.0
ORD_01200,CUST_0140,STR_105,2024-07-04,2024-07-05,Credit Card,Cancelled,0.0,174298.1,46298.1
ORD_01201,CUST_0271,STR_108,2024-07-04,2024-07-06,UPI,Delivered,0.0,9428.2,5928.2
ORD_01202,CUST_0218,STR_107,2024-07-05,2024-07-09,UPI,Delivered,149.0,25998.0,10998.0
ORD_01203,CUST_0070,STR_104,2024-07-05,2024-07-08,UPI,Delivered,0.0,275049.15,63049.15
ORD_01204,CUST_0141,STR_110,2024-07-06,2024-07-07,Credit Card,Delivered,0.0,118655.0,23655.0
ORD_01205,CUST_0306,STR_101,2024-07-07,2024-07-12,Cash on Delivery (COD),Cancelled,250.0,30997.0,13797.0
ORD_01206,CUST_0051,STR_110,2024-07-07,2024-07-12,UPI,Delivered,250.0,8495.0,3695.0
ORD_01207,CUST_0306,STR_102,2024-07-08,2024-07-10,UPI,Delivered,0.0,2499.0,1549.0
ORD_01208,CUST_0113,STR_110,2024-07-08,2024-07-11,Cash on Delivery (COD),Returned,0.0,24299.1,6299.1
ORD_01209,CUST_0155,STR_109,2024-07-09,2024-07-13,UPI,Returned,0.0,6238.4,3438.4
ORD_01210,CUST_0243,STR_103,2024-07-10,2024-07-15,UPI,Delivered,149.0,79999.0,19999.0
ORD_01211,CUST_0186,STR_110,2024-07-10,2024-07-13,UPI,Delivered,0.0,66500.0,21500.0
ORD_01212,CUST_0184,STR_109,2024-07-11,2024-07-15,Credit Card,Delivered,149.0,6613.0,2413.0
ORD_01213,CUST_0262,STR_101,2024-07-11,2024-07-13,UPI,Delivered,0.0,14500.0,5500.0
ORD_01214,CUST_0140,STR_106,2024-07-11,2024-07-12,Net Banking,Delivered,99.0,62897.1,16297.1
ORD_01215,CUST_0198,STR_110,2024-11-24,2024-11-26,UPI,Delivered,0.0,24286.0,8486.0
ORD_01216,CUST_0253,STR_109,2024-07-12,2024-07-16,Debit Card,Delivered,250.0,17990.0,9590.0
ORD_01217,CUST_0184,STR_104,2024-07-12,2024-07-15,UPI,Delivered,149.0,4798.4,2598.4
ORD_01218,CUST_0308,STR_102,2024-07-13,2024-07-17,UPI,Delivered,149.0,9498.1,5098.1
ORD_01219,CUST_0200,STR_106,2024-07-13,2024-07-18,Credit Card,Delivered,149.0,12999.0,5499.0
ORD_01220,CUST_0141,STR_103,2024-07-13,2024-07-17,UPI,Returned,250.0,45997.4,13397.4
ORD_01221,CUST_0107,STR_104,2024-10-19,2024-10-24,Net Banking,Delivered,250.0,3704.05,2304.05
ORD_01222,CUST_0306,STR_110,2024-07-15,2024-07-16,UPI,Delivered,250.0,85410.0,13410.0
ORD_01223,CUST_0179,STR_110,2024-07-15,2024-07-19,Credit Card,Delivered,0.0,8070.25,3270.25
ORD_01224,CUST_0040,STR_106,2024-07-18,2024-07-20,Debit Card,Delivered,250.0,7649.1,1649.1
ORD_01225,CUST_0281,STR_102,2024-07-18,2024-07-19,Cash on Delivery (COD),Delivered,250.0,4749.05,1549.05
ORD_01226,CUST_0344,STR_106,2024-07-18,2024-07-19,Debit Card,Cancelled,0.0,30400.0,6400.0
ORD_01227,CUST_0280,STR_104,2024-07-18,2024-07-22,Credit Card,Delivered,99.0,5699.05,3099.05
ORD_01228,CUST_0239,STR_106,2024-07-19,2024-07-22,Credit Card,Delivered,149.0,5998.0,3798.0
ORD_01229,CUST_0262,STR_110,2024-07-19,2024-07-22,Credit Card,Delivered,250.0,3315.5,2215.5
ORD_01230,CUST_0076,STR_110,2024-07-19,2024-07-24,UPI,Delivered,0.0,90155.0,18155.0
ORD_01231,CUST_0243,STR_103,2024-07-20,2024-07-24,UPI,Delivered,0.0,17348.05,8048.05
ORD_01232,CUST_0002,STR_110,2024-07-20,2024-07-21,Debit Card,Delivered,0.0,140908.1,26908.1
ORD_01233,CUST_0044,STR_110,2024-07-22,2024-07-27,UPI,Delivered,0.0,86225.0,17225.0
ORD_01234,CUST_0325,STR_110,2024-07-23,2024-07-26,UPI,Returned,149.0,6796.0,1996.0
ORD_01235,CUST_0246,STR_104,2024-07-24,2024-07-28,Debit Card,Delivered,250.0,3490.0,2390.0
ORD_01236,CUST_0081,STR_109,2024-07-24,2024-07-26,Debit Card,Delivered,149.0,1499.0,699.0
ORD_01237,CUST_0248,STR_101,2024-09-04,2024-09-06,Credit Card,Delivered,0.0,112410.0,17410.0
ORD_01238,CUST_0135,STR_103,2024-07-25,2024-07-29,UPI,Delivered,99.0,52700.0,4700.0
ORD_01239,CUST_0296,STR_108,2024-07-25,2024-07-29,Debit Card,Delivered,250.0,3695.5,1595.5
ORD_01240,CUST_0293,STR_104,2024-07-25,2024-07-27,UPI,Returned,149.0,67999.15,7999.15
ORD_01241,CUST_0229,STR_105,2024-07-25,2024-07-26,Credit Card,Delivered,0.0,36100.0,12100.0
ORD_01242,CUST_0314,STR_108,2024-07-25,2024-07-30,Debit Card,Delivered,0.0,8070.25,3270.25
ORD_01243,CUST_0249,STR_105,2024-07-26,2024-07-28,Credit Card,Delivered,0.0,3958.2,2358.2
ORD_01244,CUST_0141,STR_109,2024-07-27,2024-07-28,UPI,Delivered,149.0,22900.0,6900.0
ORD_01245,CUST_0002,STR_101,2024-07-28,2024-08-01,UPI,Delivered,99.0,90155.0,18155.0
ORD_01246,CUST_0192,STR_108,2024-07-28,2024-07-29,UPI,Delivered,0.0,68889.0,21789.0
ORD_01247,CUST_0198,STR_101,2024-11-24,2024-11-29,UPI,Delivered,99.0,124900.0,29900.0
ORD_01248,CUST_0262,STR_110,2024-07-29,2024-08-02,Cash on Delivery (COD),Cancelled,149.0,8998.2,5398.2
ORD_01249,CUST_0155,STR_109,2024-07-29,2024-07-30,Credit Card,Delivered,250.0,3890.0,1790.0
ORD_01250,CUST_0002,STR_109,2024-07-29,2024-07-31,Credit Card,Delivered,0.0,92999.0,23499.0
ORD_01251,CUST_0070,STR_104,2024-07-31,2024-08-04,UPI,Delivered,149.0,29900.0,10900.0
ORD_01252,CUST_0143,STR_104,2024-10-15,2024-10-20,Credit Card,Delivered,250.0,9499.05,3999.05
ORD_01253,CUST_0193,STR_105,2024-09-29,2024-10-04,Credit Card,Delivered,99.0,22499.1,7499.1
ORD_01254,CUST_0350,STR_105,2024-08-02,2024-08-07,UPI,Delivered,0.0,26999.0,8999.0
ORD_01255,CUST_0192,STR_108,2024-08-02,2024-08-04,Credit Card,Delivered,0.0,25649.05,7649.05
ORD_01256,CUST_0325,STR_102,2024-08-02,2024-08-03,UPI,Delivered,0.0,64999.0,19999.0
ORD_01257,CUST_0262,STR_103,2024-08-03,2024-08-08,Cash on Delivery (COD),Delivered,250.0,2499.0,1549.0
ORD_01258,CUST_0155,STR_108,2024-08-03,2024-08-04,UPI,Delivered,0.0,14800.0,3800.0
ORD_01259,CUST_0179,STR_110,2024-08-04,2024-08-06,UPI,Delivered,0.0,4248.3,2348.3
ORD_01260,CUST_0147,STR_108,2024-08-04,2024-08-09,Credit Card,Delivered,250.0,38000.0,14000.0
ORD_01261,CUST_0323,STR_103,2024-08-04,2024-08-09,UPI,Delivered,0.0,9499.05,3999.05
ORD_01262,CUST_0009,STR_107,2024-08-05,2024-08-10,Credit Card,Delivered,99.0,82498.0,25498.0
ORD_01263,CUST_0092,STR_107,2024-08-05,2024-08-06,UPI,Delivered,99.0,44073.0,11073.0
ORD_01264,CUST_0002,STR_101,2024-08-05,2024-08-09,Credit Card,Delivered,0.0,74896.0,26296.0
ORD_01265,CUST_0151,STR_102,2024-08-05,2024-08-10,Cash on Delivery (COD),Delivered,0.0,58900.0,10900.0
ORD_01266,CUST_0262,STR_101,2024-08-06,2024-08-08,UPI,Delivered,0.0,29900.0,10900.0
ORD_01267,CUST_0306,STR_101,2024-08-06,2024-08-09,Debit Card,Delivered,99.0,79499.0,25499.0
ORD_01268,CUST_0184,STR_103,2024-08-06,2024-08-11,UPI,Delivered,0.0,25650.0,4650.0
ORD_01269,CUST_0044,STR_101,2024-08-07,2024-08-12,Cash on Delivery (COD),Cancelled,0.0,91108.1,16908.1
ORD_01270,CUST_0293,STR_103,2024-08-07,2024-08-12,Credit Card,Delivered,0.0,32802.15,12602.15
ORD_01271,CUST_0071,STR_109,2024-08-09,2024-08-14,UPI,Delivered,99.0,65239.05,19139.05
ORD_01272,CUST_0088,STR_103,2024-08-09,2024-08-12,Credit Card,Delivered,99.0,6495.0,1995.0
ORD_01273,CUST_0070,STR_104,2024-08-10,2024-08-15,Debit Card,Delivered,99.0,3999.2,799.2
ORD_01274,CUST_0135,STR_105,2024-08-10,2024-08-15,Cash on Delivery (COD),Delivered,250.0,13775.0,4775.0
ORD_01275,CUST_0248,STR_102,2024-09-17,2024-09-21,Debit Card,Delivered,149.0,9998.0,5598.0
ORD_01276,CUST_0204,STR_107,2024-08-11,2024-08-16,UPI,Delivered,0.0,11997.6,6597.6
ORD_01277,CUST_0248,STR_110,2024-09-24,2024-09-26,UPI,Delivered,0.0,25649.05,7649.05
ORD_01278,CUST_0141,STR_103,2024-08-12,2024-08-16,UPI,Delivered,0.0,12349.05,4849.05
ORD_01279,CUST_0151,STR_104,2024-08-13,2024-08-15,UPI,Returned,250.0,72499.0,28499.0
ORD_01280,CUST_0035,STR_104,2024-08-13,2024-08-17,UPI,Delivered,0.0,17996.4,10796.4
ORD_01281,CUST_0222,STR_106,2024-08-14,2024-08-19,Cash on Delivery (COD),Delivered,0.0,85000.0,20000.0
ORD_01282,CUST_0229,STR_105,2024-08-14,2024-08-16,UPI,Delivered,99.0,12323.3,4023.3
ORD_01283,CUST_0276,STR_104,2024-08-15,2024-08-16,Credit Card,Delivered,99.0,58919.2,9519.2
ORD_01284,CUST_0250,STR_103,2024-08-15,2024-08-20,Credit Card,Delivered,99.0,62000.0,14000.0
ORD_01285,CUST_0070,STR_109,2024-08-16,2024-08-17,UPI,Returned,99.0,20610.0,4610.0
ORD_01286,CUST_0280,STR_103,2024-08-17,2024-08-22,UPI,Delivered,250.0,5398.2,3198.2
ORD_01287,CUST_0227,STR_103,2024-08-17,2024-08-19,Credit Card,Delivered,0.0,22949.15,4949.15
ORD_01288,CUST_0246,STR_104,2024-08-17,2024-08-20,UPI,Delivered,149.0,23192.0,3192.0
ORD_01289,CUST_0262,STR_106,2024-08-18,2024-08-19,UPI,Delivered,0.0,21249.15,6249.15
ORD_01290,CUST_0276,STR_103,2024-08-18,2024-08-22,Net Banking,Delivered,250.0,8499.0,2499.0
ORD_01291,CUST_0012,STR_109,2024-08-18,2024-08-22,Credit Card,Delivered,149.0,124900.0,29900.0
ORD_01292,CUST_0232,STR_109,2024-08-19,2024-08-20,Cash on Delivery (COD),Delivered,250.0,124406.0,22506.0
ORD_01293,CUST_0012,STR_103,2024-08-19,2024-08-22,UPI,Delivered,250.0,60597.3,19097.3
ORD_01294,CUST_0092,STR_106,2024-08-20,2024-08-22,Credit Card,Delivered,250.0,36100.0,12100.0
ORD_01295,CUST_0315,STR_101,2024-08-20,2024-08-23,UPI,Delivered,0.0,31299.0,4299.0
ORD_01296,CUST_0116,STR_104,2024-08-20,2024-08-23,UPI,Delivered,0.0,6613.0,2413.0
ORD_01297,CUST_0257,STR_108,2024-08-20,2024-08-24,Credit Card,Delivered,250.0,27504.1,16104.1
ORD_01298,CUST_0243,STR_105,2024-08-21,2024-08-26,Debit Card,Delivered,250.0,24772.0,11772.0
ORD_01299,CUST_0122,STR_109,2024-08-21,2024-08-26,Credit Card,Cancelled,0.0,66294.3,17494.3
ORD_01300,CUST_0227,STR_108,2024-08-21,2024-08-24,Debit Card,Delivered,99.0,62000.0,14000.0
ORD_01301,CUST_0070,STR_104,2024-08-21,2024-08-24,Credit Card,Cancelled,149.0,22098.3,7098.3
ORD_01302,CUST_0158,STR_106,2024-08-23,2024-08-25,Credit Card,Delivered,99.0,15291.0,5691.0
ORD_01303,CUST_0329,STR_105,2024-08-23,2024-08-26,Credit Card,Delivered,0.0,67999.0,17399.0
ORD_01304,CUST_0251,STR_108,2024-08-24,2024-08-26,UPI,Delivered,0.0,4999.0,2799.0
ORD_01305,CUST_0063,STR_106,2024-08-24,2024-08-25,Cash on Delivery (COD),Delivered,0.0,12999.0,5499.0
ORD_01306,CUST_0193,STR_105,2024-10-28,2024-11-02,UPI,Delivered,0.0,2699.1,1599.1
ORD_01307,CUST_0157,STR_101,2024-08-25,2024-08-30,UPI,Returned,0.0,63349.1,14549.1
ORD_01308,CUST_0138,STR_109,2024-08-26,2024-08-30,UPI,Delivered,250.0,48399.0,15449.0
ORD_01309,CUST_0048,STR_101,2024-08-26,2024-08-29,UPI,Delivered,0.0,75149.1,19149.1
ORD_01310,CUST_0306,STR_109,2024-08-27,2024-08-28,Credit Card,Delivered,250.0,18997.1,7097.1
ORD_01311,CUST_0140,STR_106,2024-08-28,2024-08-30,Debit Card,Delivered,0.0,42244.05,14044.05
ORD_01312,CUST_0012,STR_104,2024-08-29,2024-09-02,Debit Card,Delivered,149.0,47399.0,13399.0
ORD_01313,CUST_0081,STR_103,2024-08-29,2024-09-03,Debit Card,Delivered,0.0,75999.05,15999.05
ORD_01314,CUST_0061,STR_108,2024-08-30,2024-08-31,Credit Card,Delivered,250.0,7780.0,3580.0
ORD_01315,CUST_0262,STR_105,2024-08-31,2024-09-03,UPI,Delivered,149.0,19999.2,4999.2
ORD_01316,CUST_0008,STR_104,2024-08-31,2024-09-01,Credit Card,Delivered,250.0,12546.1,7846.1
ORD_01317,CUST_0322,STR_110,2024-08-31,2024-09-03,UPI,Delivered,0.0,5278.4,2878.4
ORD_01318,CUST_0227,STR_105,2024-08-31,2024-09-03,Credit Card,Delivered,0.0,5098.3,2898.3
ORD_01319,CUST_0051,STR_101,2024-09-01,2024-09-03,UPI,Delivered,99.0,4499.1,1299.1
ORD_01320,CUST_0297,STR_102,2024-09-01,2024-09-04,Net Banking,Delivered,149.0,8074.05,2074.05
ORD_01321,CUST_0274,STR_103,2024-09-02,2024-09-05,UPI,Delivered,0.0,2374.05,1424.05
ORD_01322,CUST_0236,STR_108,2024-09-02,2024-09-03,UPI,Delivered,0.0,85410.0,13410.0
ORD_01323,CUST_0184,STR_105,2024-09-03,2024-09-08,UPI,Cancelled,250.0,3890.0,1790.0
ORD_01324,CUST_0177,STR_107,2024-09-03,2024-09-08,Debit Card,Delivered,99.0,58645.5,21845.5
ORD_01325,CUST_0127,STR_103,2024-09-03,2024-09-06,UPI,Delivered,0.0,24999.0,9999.0
ORD_01326,CUST_0070,STR_103,2024-09-03,2024-09-06,Net Banking,Delivered,250.0,14249.05,4749.05
ORD_01327,CUST_0220,STR_110,2024-09-04,2024-09-05,UPI,Delivered,99.0,79999.0,19999.0
ORD_01328,CUST_0280,STR_103,2024-09-04,2024-09-07,UPI,Delivered,250.0,62000.0,14000.0
ORD_01329,CUST_0035,STR_109,2024-09-04,2024-09-06,Credit Card,Delivered,0.0,118655.0,23655.0
ORD_01330,CUST_0325,STR_110,2024-09-04,2024-09-05,Credit Card,Delivered,0.0,5098.3,2898.3
ORD_01331,CUST_0306,STR_110,2024-09-04,2024-09-05,UPI,Delivered,149.0,17090.5,8690.5
ORD_01332,CUST_0070,STR_104,2024-09-05,2024-09-10,UPI,Delivered,250.0,4499.1,1299.1
ORD_01333,CUST_0127,STR_104,2024-09-05,2024-09-09,Credit Card,Delivered,250.0,9998.0,6398.0
ORD_01334,CUST_0097,STR_103,2024-09-06,2024-09-09,Net Banking,Delivered,0.0,40590.5,11590.5
ORD_01335,CUST_0257,STR_108,2024-09-06,2024-09-11,UPI,Delivered,0.0,52809.1,14009.1
ORD_01336,CUST_0184,STR_101,2024-09-08,2024-09-12,Credit Card,Delivered,250.0,52000.0,18000.0
ORD_01337,CUST_0104,STR_109,2024-09-10,2024-09-14,Credit Card,Delivered,0.0,2998.0,1398.0
ORD_01338,CUST_0241,STR_105,2024-09-10,2024-09-14,Debit Card,Delivered,149.0,12999.0,5499.0
ORD_01339,CUST_0193,STR_103,2024-10-06,2024-10-08,UPI,Cancelled,250.0,84499.1,21499.1
ORD_01340,CUST_0220,STR_101,2024-09-11,2024-09-14,UPI,Returned,149.0,5098.3,2898.3
ORD_01341,CUST_0070,STR_103,2024-09-12,2024-09-15,Credit Card,Delivered,99.0,25500.0,9500.0
ORD_01342,CUST_0227,STR_106,2024-09-13,2024-09-14,Credit Card,Delivered,0.0,4499.1,2699.1
ORD_01343,CUST_0053,STR_105,2024-09-13,2024-09-16,Credit Card,Delivered,149.0,33778.4,10378.4
ORD_01344,CUST_0127,STR_103,2024-09-13,2024-09-15,Net Banking,Delivered,99.0,2639.2,1439.2
ORD_01345,CUST_0346,STR_101,2024-09-14,2024-09-19,Credit Card,Delivered,250.0,94900.0,22900.0
ORD_01346,CUST_0166,STR_104,2024-09-15,2024-09-16,Credit Card,Delivered,149.0,4499.1,2299.1
ORD_01347,CUST_0105,STR_102,2024-09-15,2024-09-16,UPI,Delivered,99.0,148720.0,38720.0
ORD_01348,CUST_0248,STR_110,2024-09-15,2024-09-16,UPI,Delivered,99.0,118655.0,23655.0
ORD_01349,CUST_0192,STR_109,2024-09-15,2024-09-19,Net Banking,Delivered,250.0,12325.0,3325.0
ORD_01350,CUST_0075,STR_103,2024-09-16,2024-09-21,UPI,Delivered,0.0,4249.15,2449.15
ORD_01351,CUST_0114,STR_105,2024-09-16,2024-09-20,Debit Card,Returned,149.0,7645.5,2845.5
ORD_01352,CUST_0137,STR_103,2024-09-16,2024-09-18,Credit Card,Delivered,250.0,53998.0,17998.0
ORD_01353,CUST_0229,STR_105,2024-09-16,2024-09-20,Net Banking,Delivered,250.0,24999.0,9999.0
ORD_01354,CUST_0070,STR_110,2024-09-17,2024-09-22,UPI,Delivered,0.0,15746.25,7946.25
ORD_01355,CUST_0070,STR_103,2024-09-17,2024-09-18,Credit Card,Delivered,250.0,1424.05,624.05
ORD_01356,CUST_0204,STR_101,2024-09-17,2024-09-18,Credit Card,Delivered,250.0,6980.0,4780.0
ORD_01357,CUST_0243,STR_104,2024-09-17,2024-09-20,Debit Card,Delivered,250.0,102899.0,26399.0
ORD_01358,CUST_0314,STR_104,2024-09-18,2024-09-22,UPI,Cancelled,0.0,23749.05,8749.05
ORD_01359,CUST_0135,STR_103,2024-09-18,2024-09-22,UPI,Delivered,0.0,56449.0,19449.0
ORD_01360,CUST_0227,STR_105,2024-09-18,2024-09-23,Credit Card,Delivered,149.0,61749.05,16749.05
ORD_01361,CUST_0002,STR_110,2024-09-19,2024-09-20,Debit Card,Delivered,0.0,46950.65,11050.65
ORD_01362,CUST_0304,STR_108,2024-09-19,2024-09-21,UPI,Delivered,250.0,12444.25,6844.25
ORD_01363,CUST_0299,STR_108,2024-09-20,2024-09-21,UPI,Delivered,0.0,131998.2,35498.2
ORD_01364,CUST_0070,STR_103,2024-09-20,2024-09-24,Credit Card,Delivered,250.0,46073.1,14073.1
ORD_01365,CUST_0280,STR_103,2024-09-21,2024-09-26,Credit Card,Delivered,250.0,81749.05,11249.05
ORD_01366,CUST_0296,STR_109,2024-09-21,2024-09-23,Credit Card,Delivered,99.0,124900.0,29900.0
ORD_01367,CUST_0250,STR_104,2024-09-22,2024-09-25,UPI,Delivered,149.0,4499.1,2299.1
ORD_01368,CUST_0056,STR_103,2024-09-22,2024-09-25,UPI,Delivered,0.0,38167.15,13767.15
ORD_01369,CUST_0060,STR_107,2024-09-22,2024-09-27,Debit Card,Delivered,250.0,17990.0,9590.0
ORD_01370,CUST_0012,STR_104,2024-09-22,2024-09-24,Cash on Delivery (COD),Delivered,99.0,126600.0,30600.0
ORD_01371,CUST_0031,STR_110,2024-09-23,2024-09-28,Credit Card,Delivered,0.0,26091.0,6091.0
ORD_01372,CUST_0053,STR_107,2024-09-24,2024-09-29,Credit Card,Delivered,99.0,11539.6,4139.6
ORD_01373,CUST_0290,STR_105,2024-09-24,2024-09-27,Cash on Delivery (COD),Delivered,0.0,17643.75,9843.75
ORD_01374,CUST_0096,STR_110,2024-09-25,2024-09-30,Debit Card,Delivered,149.0,32100.1,11600.1
ORD_01375,CUST_0305,STR_105,2024-09-25,2024-09-29,Credit Card,Delivered,149.0,26091.0,6091.0
ORD_01376,CUST_0135,STR_103,2024-09-26,2024-10-01,UPI,Delivered,0.0,3501.0,1401.0
ORD_01377,CUST_0337,STR_104,2024-09-26,2024-09-30,UPI,Delivered,0.0,25838.1,10038.1
ORD_01378,CUST_0271,STR_109,2024-09-26,2024-09-30,UPI,Cancelled,99.0,13775.0,4775.0
ORD_01379,CUST_0246,STR_108,2024-09-26,2024-09-28,UPI,Delivered,99.0,61291.0,4291.0
ORD_01380,CUST_0155,STR_107,2024-09-26,2024-09-28,Cash on Delivery (COD),Cancelled,0.0,64999.0,19999.0
ORD_01381,CUST_0081,STR_104,2024-09-27,2024-09-28,Credit Card,Delivered,0.0,3134.05,1934.05
ORD_01382,CUST_0262,STR_101,2024-09-27,2024-10-01,Credit Card,Returned,149.0,5399.1,2799.1
ORD_01383,CUST_0248,STR_109,2024-09-27,2024-09-29,UPI,Delivered,0.0,6170.25,1670.25
ORD_01384,CUST_0227,STR_107,2024-09-28,2024-10-02,UPI,Cancelled,149.0,18998.1,7998.1
ORD_01385,CUST_0325,STR_101,2024-09-28,2024-10-03,Credit Card,Delivered,149.0,28498.1,10298.1
ORD_01386,CUST_0241,STR_106,2024-09-29,2024-10-03,Credit Card,Delivered,250.0,7196.0,2996.0
ORD_01387,CUST_0227,STR_107,2024-09-29,2024-10-03,Credit Card,Delivered,149.0,6170.25,1670.25
ORD_01388,CUST_0151,STR_103,2024-09-29,2024-10-01,Credit Card,Delivered,149.0,118655.0,23655.0
ORD_01389,CUST_0122,STR_109,2024-09-29,2024-10-04,Net Banking,Delivered,149.0,15291.0,5691.0
ORD_01390,CUST_0128,STR_102,2024-10-01,2024-10-03,Net Banking,Delivered,250.0,15998.0,6998.0
ORD_01391,CUST_0281,STR_102,2024-10-01,2024-10-06,Net Banking,Cancelled,250.0,2849.05,1749.05
ORD_01392,CUST_0281,STR_102,2024-10-02,2024-10-03,Credit Card,Delivered,250.0,1499.0,699.0
ORD_01393,CUST_0034,STR_108,2024-10-02,2024-10-05,UPI,Delivered,0.0,127647.0,37047.0
ORD_01394,CUST_0089,STR_105,2024-10-03,2024-10-04,UPI,Delivered,0.0,21799.0,9599.0
ORD_01395,CUST_0276,STR_104,2024-10-03,2024-10-08,Credit Card,Delivered,99.0,6631.0,4431.0
ORD_01396,CUST_0035,STR_108,2024-10-03,2024-10-04,Credit Card,Delivered,250.0,18500.0,7500.0
ORD_01397,CUST_0285,STR_104,2024-10-03,2024-10-04,Credit Card,Delivered,0.0,10132.0,5832.0
ORD_01398,CUST_0248,STR_101,2024-10-04,2024-10-05,UPI,Delivered,250.0,138953.25,29953.25
ORD_01399,CUST_0332,STR_104,2024-10-05,2024-10-08,Cash on Delivery (COD),Returned,250.0,12999.0,5499.0
ORD_01400,CUST_0271,STR_109,2024-10-05,2024-10-08,Credit Card,Delivered,250.0,15597.25,4497.25
ORD_01401,CUST_0070,STR_102,2024-10-05,2024-10-09,Debit Card,Delivered,149.0,25498.3,6498.3
ORD_01402,CUST_0034,STR_108,2024-10-06,2024-10-10,Debit Card,Delivered,250.0,6631.0,4431.0
ORD_01403,CUST_0220,STR_101,2024-10-06,2024-10-10,UPI,Delivered,99.0,3509.1,2109.1
ORD_01404,CUST_0306,STR_105,2024-10-06,2024-10-09,UPI,Delivered,99.0,2199.0,1399.0
ORD_01405,CUST_0155,STR_108,2024-10-07,2024-10-12,Credit Card,Delivered,99.0,58449.0,20949.0
ORD_01406,CUST_0325,STR_102,2024-10-07,2024-10-12,Credit Card,Delivered,99.0,34499.0,10899.0
ORD_01407,CUST_0061,STR_108,2024-10-07,2024-10-11,UPI,Delivered,250.0,3695.5,1595.5
ORD_01408,CUST_0019,STR_108,2024-10-07,2024-10-08,Credit Card,Delivered,99.0,14500.0,5500.0
ORD_01409,CUST_0204,STR_104,2024-10-08,2024-10-13,Net Banking,Delivered,0.0,8095.5,1895.5
ORD_01410,CUST_0114,STR_106,2024-10-09,2024-10-10,UPI,Delivered,0.0,26999.0,10199.0
ORD_01411,CUST_0231,STR_109,2024-10-09,2024-10-12,Cash on Delivery (COD),Delivered,99.0,12749.15,3249.15
ORD_01412,CUST_0171,STR_109,2024-10-09,2024-10-12,UPI,Delivered,99.0,33220.0,11020.0
ORD_01413,CUST_0076,STR_107,2024-10-10,2024-10-11,Net Banking,Delivered,0.0,34534.6,10534.6
ORD_01414,CUST_0315,STR_102,2024-10-11,2024-10-16,Net Banking,Delivered,0.0,3134.05,1934.05
ORD_01415,CUST_0070,STR_104,2024-10-11,2024-10-14,UPI,Delivered,0.0,13050.0,4050.0
ORD_01416,CUST_0272,STR_105,2024-10-11,2024-10-13,Net Banking,Delivered,149.0,14500.0,5500.0
ORD_01417,CUST_0262,STR_110,2024-10-11,2024-10-16,UPI,Cancelled,0.0,28990.0,8990.0
ORD_01418,CUST_0140,STR_105,2024-10-12,2024-10-13,Credit Card,Delivered,0.0,79999.0,19999.0
ORD_01419,CUST_0141,STR_103,2024-10-13,2024-10-15,UPI,Delivered,149.0,17990.0,9590.0
ORD_01420,CUST_0177,STR_106,2024-10-14,2024-10-18,Net Banking,Delivered,149.0,67573.0,26573.0
ORD_01421,CUST_0053,STR_106,2024-10-14,2024-10-18,Credit Card,Delivered,0.0,1349.1,549.1
ORD_01422,CUST_0193,STR_105,2024-10-15,2024-10-18,UPI,Delivered,0.0,53648.3,15148.3
ORD_01423,CUST_0271,STR_109,2024-10-15,2024-10-16,Credit Card,Delivered,0.0,177407.1,34407.1
ORD_01424,CUST_0070,STR_104,2024-10-16,2024-10-20,Credit Card,Delivered,149.0,62000.0,14000.0
ORD_01425,CUST_0155,STR_108,2024-10-16,2024-10-21,Cash on Delivery (COD),Cancelled,0.0,65540.5,21540.5
ORD_01426,CUST_0325,STR_101,2024-10-16,2024-10-20,Debit Card,Delivered,149.0,55800.0,7800.0
ORD_01427,CUST_0314,STR_104,2024-10-16,2024-10-21,UPI,Delivered,149.0,80073.15,14073.15
ORD_01428,CUST_0160,STR_109,2024-10-16,2024-10-20,UPI,Delivered,149.0,64999.0,19999.0
ORD_01429,CUST_0012,STR_104,2024-10-16,2024-10-21,UPI,Delivered,0.0,105409.0,21609.0
ORD_01430,CUST_0262,STR_110,2024-10-16,2024-10-21,UPI,Delivered,99.0,104975.0,18975.0
ORD_01431,CUST_0272,STR_107,2024-10-16,2024-10-20,UPI,Delivered,250.0,3509.1,2109.1
ORD_01432,CUST_0039,STR_108,2024-10-17,2024-10-20,UPI,Delivered,99.0,22949.15,4949.15
ORD_01433,CUST_0311,STR_104,2024-10-17,2024-10-18,Net Banking,Delivered,99.0,55800.0,7800.0
ORD_01434,CUST_0184,STR_104,2024-10-19,2024-10-23,Debit Card,Returned,149.0,17944.55,6344.55
ORD_01435,CUST_0031,STR_101,2024-10-19,2024-10-21,UPI,Delivered,250.0,33249.05,11249.05
ORD_01436,CUST_0249,STR_110,2024-10-21,2024-10-26,Credit Card,Delivered,99.0,6170.25,1670.25
ORD_01437,CUST_0227,STR_106,2024-10-21,2024-10-23,Cash on Delivery (COD),Delivered,99.0,49400.0,15400.0
ORD_01438,CUST_0262,STR_101,2024-10-21,2024-10-22,Credit Card,Delivered,0.0,5933.0,3733.0
ORD_01439,CUST_0187,STR_110,2024-10-22,2024-10-23,UPI,Delivered,250.0,4749.05,1549.05
ORD_01440,CUST_0135,STR_104,2024-10-22,2024-10-26,UPI,Delivered,99.0,44998.2,14998.2
ORD_01441,CUST_0155,STR_109,2024-10-22,2024-10-25,Credit Card,Delivered,99.0,24999.0,9999.0
ORD_01442,CUST_0204,STR_110,2024-10-22,2024-10-23,Credit Card,Delivered,250.0,3306.5,1206.5
ORD_01443,CUST_0140,STR_106,2024-10-23,2024-10-28,Credit Card,Delivered,0.0,111228.05,25728.05
ORD_01444,CUST_0242,STR_101,2024-10-24,2024-10-25,UPI,Delivered,0.0,6495.0,1995.0
ORD_01445,CUST_0166,STR_103,2024-10-24,2024-10-29,Credit Card,Delivered,0.0,2499.0,1549.0
ORD_01446,CUST_0076,STR_103,2024-10-24,2024-10-29,Credit Card,Delivered,0.0,71999.1,11999.1
ORD_01447,CUST_0231,STR_101,2024-10-24,2024-10-26,Cash on Delivery (COD),Returned,99.0,118655.0,23655.0
ORD_01448,CUST_0248,STR_101,2024-10-25,2024-10-26,UPI,Delivered,149.0,1869.15,1069.15
ORD_01449,CUST_0166,STR_102,2024-10-26,2024-10-29,Credit Card,Delivered,149.0,9999.0,4499.0
ORD_01450,CUST_0262,STR_101,2024-10-26,2024-10-29,UPI,Delivered,99.0,9757.15,6257.15
ORD_01451,CUST_0187,STR_102,2024-10-26,2024-10-27,Cash on Delivery (COD),Delivered,99.0,79999.0,19999.0
ORD_01452,CUST_0350,STR_109,2024-10-27,2024-10-31,Credit Card,Delivered,149.0,27540.5,7540.5
ORD_01453,CUST_0250,STR_103,2024-10-30,2024-10-31,UPI,Delivered,99.0,62000.0,14000.0
ORD_01454,CUST_0199,STR_105,2024-10-30,2024-11-02,Debit Card,Delivered,0.0,86976.5,21976.5
ORD_01455,CUST_0155,STR_108,2024-10-30,2024-11-03,Debit Card,Delivered,0.0,51567.3,14367.3
ORD_01456,CUST_0155,STR_108,2024-10-30,2024-11-01,Cash on Delivery (COD),Delivered,149.0,28500.0,7500.0
ORD_01457,CUST_0246,STR_104,2024-10-31,2024-11-05,UPI,Delivered,149.0,91493.0,24793.0
ORD_01458,CUST_0148,STR_110,2024-10-31,2024-11-01,UPI,Delivered,149.0,82743.1,33543.1
ORD_01459,CUST_0337,STR_104,2024-10-31,2024-11-01,Credit Card,Delivered,0.0,38000.0,14000.0
ORD_01460,CUST_0199,STR_110,2024-10-31,2024-11-05,UPI,Delivered,99.0,5698.1,3498.1
ORD_01461,CUST_0035,STR_101,2024-11-01,2024-11-02,UPI,Delivered,149.0,2124.15,1174.15
ORD_01462,CUST_0306,STR_110,2024-11-01,2024-11-02,UPI,Returned,0.0,62000.0,14000.0
ORD_01463,CUST_0227,STR_105,2024-11-01,2024-11-04,Credit Card,Delivered,0.0,85000.0,20000.0
ORD_01464,CUST_0248,STR_102,2024-11-03,2024-11-07,Credit Card,Delivered,250.0,7018.2,4218.2
ORD_01465,CUST_0183,STR_109,2024-11-03,2024-11-07,UPI,Delivered,149.0,31627.0,17327.0
ORD_01466,CUST_0012,STR_104,2024-11-03,2024-11-04,Credit Card,Delivered,250.0,75999.05,15999.05
ORD_01467,CUST_0325,STR_110,2024-11-03,2024-11-07,UPI,Delivered,149.0,12749.15,3249.15
ORD_01468,CUST_0128,STR_103,2024-11-04,2024-11-09,UPI,Delivered,99.0,53998.0,17998.0
ORD_01469,CUST_0186,STR_101,2024-11-04,2024-11-07,UPI,Delivered,149.0,24299.1,6299.1
ORD_01470,CUST_0199,STR_110,2024-11-04,2024-11-05,UPI,Delivered,99.0,31684.65,13984.65
ORD_01471,CUST_0177,STR_107,2024-11-04,2024-11-07,Debit Card,Delivered,0.0,31024.2,9024.2
ORD_01472,CUST_0262,STR_110,2024-11-04,2024-11-07,UPI,Delivered,0.0,25498.3,6498.3
ORD_01473,CUST_0274,STR_104,2024-11-04,2024-11-05,UPI,Delivered,149.0,2199.0,1399.0
ORD_01474,CUST_0199,STR_101,2024-11-05,2024-11-08,Debit Card,Delivered,149.0,25500.0,9500.0
ORD_01475,CUST_0089,STR_105,2024-11-05,2024-11-08,Credit Card,Delivered,149.0,11697.0,7497.0
ORD_01476,CUST_0012,STR_104,2024-11-05,2024-11-09,UPI,Returned,0.0,8070.25,3270.25
ORD_01477,CUST_0241,STR_106,2024-11-05,2024-11-07,Credit Card,Delivered,0.0,23749.05,8749.05
ORD_01478,CUST_0271,STR_109,2024-11-05,2024-11-10,UPI,Delivered,0.0,9735.5,3135.5
ORD_01479,CUST_0071,STR_108,2024-11-06,2024-11-07,UPI,Delivered,250.0,4999.0,3199.0
ORD_01480,CUST_0155,STR_109,2024-11-06,2024-11-10,Credit Card,Delivered,250.0,46905.0,16905.0
ORD_01481,CUST_0098,STR_109,2024-11-07,2024-11-11,Credit Card,Delivered,0.0,21755.0,5755.0
ORD_01482,CUST_0249,STR_105,2024-11-07,2024-11-08,Cash on Delivery (COD),Delivered,99.0,20610.0,4610.0
ORD_01483,CUST_0246,STR_106,2024-11-07,2024-11-08,Net Banking,Delivered,149.0,53998.0,17998.0
ORD_01484,CUST_0155,STR_109,2024-11-08,2024-11-13,Credit Card,Delivered,149.0,80750.0,15750.0
ORD_01485,CUST_0034,STR_108,2024-11-08,2024-11-13,Credit Card,Delivered,0.0,22499.1,7499.1
ORD_01486,CUST_0281,STR_101,2024-11-08,2024-11-10,Debit Card,Delivered,0.0,76299.1,24299.1
ORD_01487,CUST_0249,STR_105,2024-11-09,2024-11-11,UPI,Delivered,149.0,3738.3,2138.3
ORD_01488,CUST_0070,STR_103,2024-11-09,2024-11-13,Net Banking,Delivered,250.0,28990.0,8990.0
ORD_01489,CUST_0262,STR_110,2024-11-10,2024-11-12,Cash on Delivery (COD),Delivered,0.0,8095.5,1895.5
ORD_01490,CUST_0008,STR_110,2024-11-10,2024-11-11,Credit Card,Delivered,99.0,28405.0,9405.0
ORD_01491,CUST_0306,STR_103,2024-11-10,2024-11-11,Debit Card,Returned,149.0,7999.0,3499.0
ORD_01492,CUST_0051,STR_110,2024-11-10,2024-11-15,Net Banking,Delivered,0.0,8545.25,4345.25
ORD_01493,CUST_0013,STR_105,2024-11-10,2024-11-11,Cash on Delivery (COD),Delivered,0.0,22499.1,7499.1
ORD_01494,CUST_0325,STR_101,2024-11-11,2024-11-16,Credit Card,Delivered,0.0,24698.1,9698.1
ORD_01495,CUST_0166,STR_103,2024-11-11,2024-11-13,UPI,Delivered,149.0,114899.2,27899.2
ORD_01496,CUST_0162,STR_103,2024-11-11,2024-11-15,UPI,Delivered,99.0,89248.0,30848.0
ORD_01497,CUST_0253,STR_109,2024-11-11,2024-11-16,UPI,Delivered,250.0,29608.2,9208.2
ORD_01498,CUST_0010,STR_105,2024-11-11,2024-11-13,UPI,Delivered,0.0,7391.0,3191.0
ORD_01499,CUST_0137,STR_104,2024-11-11,2024-11-14,Cash on Delivery (COD),Delivered,0.0,75999.05,15999.05
ORD_01500,CUST_0231,STR_109,2024-11-11,2024-11-13,Debit Card,Delivered,149.0,3899.0,2499.0
ORD_01501,CUST_0070,STR_104,2024-11-12,2024-11-15,Credit Card,Delivered,250.0,5196.0,696.0
ORD_01502,CUST_0121,STR_105,2024-11-12,2024-11-14,Debit Card,Delivered,250.0,39497.0,16597.0
ORD_01503,CUST_0097,STR_103,2024-11-13,2024-11-14,Cash on Delivery (COD),Delivered,250.0,3315.5,2215.5
ORD_01504,CUST_0013,STR_107,2024-11-13,2024-11-15,Debit Card,Delivered,0.0,1869.15,1069.15
ORD_01505,CUST_0325,STR_109,2024-11-13,2024-11-14,UPI,Delivered,0.0,3306.5,1206.5
ORD_01506,CUST_0151,STR_103,2024-11-13,2024-11-14,UPI,Delivered,250.0,25500.0,9500.0
ORD_01507,CUST_0306,STR_101,2024-11-13,2024-11-17,Credit Card,Delivered,149.0,164555.0,37555.0
ORD_01508,CUST_0012,STR_104,2024-11-14,2024-11-16,Credit Card,Delivered,0.0,5999.0,3399.0
ORD_01509,CUST_0243,STR_103,2024-11-16,2024-11-21,UPI,Returned,149.0,90155.0,18155.0
ORD_01510,CUST_0107,STR_104,2024-11-17,2024-11-19,Credit Card,Delivered,250.0,9423.0,6123.0
ORD_01511,CUST_0265,STR_103,2024-11-18,2024-11-23,Credit Card,Delivered,0.0,17575.0,6575.0
ORD_01512,CUST_0337,STR_103,2024-11-19,2024-11-24,Credit Card,Delivered,0.0,19132.05,8932.05
ORD_01513,CUST_0116,STR_108,2024-11-19,2024-11-22,Debit Card,Delivered,99.0,13491.25,4791.25
ORD_01514,CUST_0316,STR_104,2024-11-19,2024-11-24,Credit Card,Delivered,0.0,30400.0,6400.0
ORD_01515,CUST_0315,STR_102,2024-11-19,2024-11-24,Credit Card,Returned,0.0,60800.0,12800.0
ORD_01516,CUST_0117,STR_106,2024-11-19,2024-11-24,Cash on Delivery (COD),Cancelled,250.0,3899.0,2499.0
ORD_01517,CUST_0248,STR_101,2024-11-19,2024-11-21,Credit Card,Delivered,99.0,17990.0,9590.0
ORD_01518,CUST_0128,STR_104,2024-11-19,2024-11-20,UPI,Delivered,0.0,84348.15,16848.15
ORD_01519,CUST_0089,STR_107,2024-11-20,2024-11-24,Credit Card,Delivered,149.0,10798.2,5598.2
ORD_01520,CUST_0155,STR_108,2024-11-20,2024-11-21,Credit Card,Delivered,0.0,58900.0,10900.0
ORD_01521,CUST_0070,STR_103,2024-11-21,2024-11-24,UPI,Delivered,0.0,55800.0,7800.0
ORD_01522,CUST_0074,STR_105,2024-11-21,2024-11-24,Credit Card,Delivered,250.0,71999.1,11999.1
ORD_01523,CUST_0140,STR_110,2024-11-21,2024-11-25,UPI,Delivered,0.0,6495.0,1995.0
ORD_01524,CUST_0060,STR_106,2024-11-21,2024-11-22,Credit Card,Delivered,250.0,44549.2,10549.2
ORD_01525,CUST_0338,STR_105,2024-11-22,2024-11-23,UPI,Delivered,149.0,48600.0,11600.0
ORD_01526,CUST_0034,STR_109,2024-11-22,2024-11-23,Credit Card,Delivered,0.0,32644.75,13444.75
ORD_01527,CUST_0028,STR_102,2024-11-22,2024-11-27,Credit Card,Delivered,250.0,26091.0,6091.0
ORD_01528,CUST_0056,STR_103,2024-11-22,2024-11-24,Debit Card,Delivered,99.0,20400.0,4400.0
ORD_01529,CUST_0034,STR_108,2024-11-23,2024-11-24,UPI,Delivered,99.0,85410.0,13410.0
ORD_01530,CUST_0325,STR_101,2024-11-23,2024-11-25,UPI,Delivered,149.0,3141.0,2041.0
ORD_01531,CUST_0338,STR_101,2024-11-24,2024-11-28,Net Banking,Delivered,0.0,169198.2,46198.2
ORD_01532,CUST_0093,STR_102,2024-11-24,2024-11-29,UPI,Delivered,149.0,46423.1,16423.1
ORD_01533,CUST_0304,STR_109,2024-11-24,2024-11-28,UPI,Delivered,0.0,55550.0,15550.0
ORD_01534,CUST_0221,STR_108,2024-11-25,2024-11-30,Credit Card,Delivered,149.0,12990.0,3990.0
ORD_01535,CUST_0262,STR_101,2024-11-25,2024-11-28,Cash on Delivery (COD),Returned,0.0,49295.5,13295.5
ORD_01536,CUST_0008,STR_101,2024-11-25,2024-11-27,UPI,Delivered,99.0,65645.5,23145.5
ORD_01537,CUST_0151,STR_105,2024-11-25,2024-11-27,Credit Card,Delivered,99.0,79999.0,19999.0
ORD_01538,CUST_0247,STR_103,2024-11-25,2024-11-30,UPI,Delivered,0.0,20400.0,4400.0
ORD_01539,CUST_0241,STR_107,2024-11-25,2024-11-26,Credit Card,Delivered,149.0,71999.1,11999.1
ORD_01540,CUST_0090,STR_106,2024-11-26,2024-11-28,Cash on Delivery (COD),Delivered,99.0,22017.2,9717.2
ORD_01541,CUST_0213,STR_107,2024-11-26,2024-11-29,Credit Card,Delivered,250.0,34200.0,10200.0
ORD_01542,CUST_0273,STR_105,2024-11-27,2024-12-02,UPI,Delivered,0.0,23743.05,12243.05
ORD_01543,CUST_0053,STR_107,2024-11-28,2024-12-03,UPI,Returned,0.0,90155.0,18155.0
ORD_01544,CUST_0199,STR_102,2024-11-29,2024-12-04,Net Banking,Delivered,149.0,13775.0,4775.0
ORD_01545,CUST_0070,STR_109,2024-11-30,2024-12-02,UPI,Delivered,250.0,8499.0,2499.0
ORD_01546,CUST_0028,STR_102,2024-11-30,2024-12-04,Debit Card,Delivered,99.0,85800.0,27800.0
ORD_01547,CUST_0116,STR_108,2024-11-30,2024-12-04,UPI,Delivered,0.0,26091.0,6091.0
ORD_01548,CUST_0242,STR_103,2024-12-01,2024-12-05,UPI,Returned,250.0,34999.0,12999.0
ORD_01549,CUST_0074,STR_107,2024-12-02,2024-12-07,Cash on Delivery (COD),Cancelled,0.0,15998.0,6998.0
ORD_01550,CUST_0089,STR_108,2024-12-02,2024-12-03,Credit Card,Delivered,149.0,8532.25,5132.25
ORD_01551,CUST_0140,STR_108,2024-12-02,2024-12-03,Credit Card,Delivered,149.0,8545.25,4345.25
ORD_01552,CUST_0293,STR_103,2024-12-04,2024-12-09,Net Banking,Delivered,0.0,129298.0,32698.0
ORD_01553,CUST_0096,STR_102,2024-12-04,2024-12-08,UPI,Delivered,149.0,40474.5,17474.5
ORD_01554,CUST_0071,STR_105,2024-12-04,2024-12-05,Net Banking,Delivered,149.0,55800.0,7800.0
ORD_01555,CUST_0155,STR_109,2024-12-04,2024-12-05,UPI,Delivered,250.0,24225.0,3225.0
ORD_01556,CUST_0155,STR_105,2024-12-04,2024-12-08,Cash on Delivery (COD),Delivered,0.0,118655.0,23655.0
ORD_01557,CUST_0051,STR_102,2024-12-04,2024-12-07,UPI,Delivered,0.0,14500.0,5500.0
ORD_01558,CUST_0187,STR_102,2024-12-05,2024-12-06,Cash on Delivery (COD),Delivered,0.0,85410.0,13410.0
ORD_01559,CUST_0200,STR_109,2024-12-06,2024-12-09,UPI,Delivered,0.0,130699.0,32699.0
ORD_01560,CUST_0242,STR_104,2024-12-06,2024-12-11,Debit Card,Delivered,250.0,17090.5,8690.5
ORD_01561,CUST_0246,STR_103,2024-12-07,2024-12-11,Net Banking,Delivered,149.0,4499.1,2299.1
ORD_01562,CUST_0053,STR_108,2024-12-07,2024-12-11,Net Banking,Delivered,0.0,4999.0,1799.0
ORD_01563,CUST_0199,STR_105,2024-12-07,2024-12-10,UPI,Delivered,149.0,28500.0,7500.0
ORD_01564,CUST_0051,STR_110,2024-12-07,2024-12-08,UPI,Returned,0.0,17575.0,6575.0
ORD_01565,CUST_0314,STR_103,2024-12-07,2024-12-10,UPI,Delivered,250.0,1499.0,699.0
ORD_01566,CUST_0274,STR_103,2024-12-08,2024-12-12,Cash on Delivery (COD),Delivered,99.0,25649.05,7649.05
ORD_01567,CUST_0115,STR_104,2024-12-08,2024-12-13,Credit Card,Delivered,250.0,8995.0,4795.0
ORD_01568,CUST_0265,STR_104,2024-12-08,2024-12-10,UPI,Delivered,0.0,24299.1,6299.1
ORD_01569,CUST_0051,STR_110,2024-12-08,2024-12-11,UPI,Delivered,0.0,14800.0,3800.0
ORD_01570,CUST_0272,STR_106,2024-12-08,2024-12-11,Debit Card,Delivered,0.0,3704.05,2304.05
ORD_01571,CUST_0262,STR_110,2024-12-09,2024-12-12,Credit Card,Delivered,149.0,38000.0,14000.0
ORD_01572,CUST_0081,STR_104,2024-12-09,2024-12-12,Credit Card,Returned,99.0,143249.05,28449.05
ORD_01573,CUST_0044,STR_110,2024-12-10,2024-12-15,Credit Card,Delivered,0.0,8499.0,2499.0
ORD_01574,CUST_0112,STR_108,2024-12-10,2024-12-12,Debit Card,Delivered,0.0,31450.0,9450.0
ORD_01575,CUST_0213,STR_104,2024-12-10,2024-12-12,Credit Card,Delivered,250.0,9498.1,5898.1
ORD_01576,CUST_0035,STR_109,2024-12-10,2024-12-14,UPI,Returned,250.0,4499.1,1299.1
ORD_01577,CUST_0053,STR_101,2024-12-10,2024-12-12,Cash on Delivery (COD),Delivered,0.0,22038.3,9238.3
ORD_01578,CUST_0266,STR_106,2024-12-10,2024-12-13,UPI,Delivered,250.0,5699.05,3099.05
ORD_01579,CUST_0307,STR_102,2024-12-11,2024-12-14,UPI,Delivered,0.0,8995.0,2795.0
ORD_01580,CUST_0199,STR_110,2024-12-11,2024-12-14,Credit Card,Delivered,149.0,36675.0,11675.0
ORD_01581,CUST_0140,STR_105,2024-12-11,2024-12-16,UPI,Cancelled,0.0,11998.0,6798.0
ORD_01582,CUST_0034,STR_109,2024-12-11,2024-12-16,Cash on Delivery (COD),Delivered,250.0,42648.1,14648.1
ORD_01583,CUST_0278,STR_106,2024-12-11,2024-12-15,Credit Card,Delivered,250.0,63747.45,16547.45
ORD_01584,CUST_0241,STR_105,2024-12-11,2024-12-12,Credit Card,Delivered,0.0,7999.0,3499.0
ORD_01585,CUST_0325,STR_107,2024-12-11,2024-12-15,Credit Card,Delivered,0.0,2374.05,1424.05
ORD_01586,CUST_0116,STR_108,2024-12-11,2024-12-13,Credit Card,Delivered,99.0,42724.0,13724.0
ORD_01587,CUST_0024,STR_109,2024-12-11,2024-12-12,Cash on Delivery (COD),Cancelled,0.0,80636.5,20936.5
ORD_01588,CUST_0135,STR_103,2024-12-12,2024-12-13,Credit Card,Delivered,0.0,3899.0,2499.0
ORD_01589,CUST_0262,STR_102,2024-12-12,2024-12-14,Debit Card,Delivered,250.0,26999.0,8999.0
ORD_01590,CUST_0196,STR_102,2024-12-13,2024-12-14,Credit Card,Delivered,99.0,26999.0,8999.0
ORD_01591,CUST_0297,STR_110,2024-12-13,2024-12-18,UPI,Delivered,0.0,22499.1,7499.1
ORD_01592,CUST_0121,STR_107,2024-12-13,2024-12-17,UPI,Delivered,149.0,85000.0,20000.0
ORD_01593,CUST_0051,STR_102,2024-12-13,2024-12-14,UPI,Delivered,99.0,2374.05,1424.05
ORD_01594,CUST_0246,STR_104,2024-12-13,2024-12-14,Credit Card,Delivered,0.0,16650.0,5650.0
ORD_01595,CUST_0307,STR_106,2024-12-13,2024-12-18,Net Banking,Delivered,99.0,14848.2,4348.2
ORD_01596,CUST_0151,STR_104,2024-12-13,2024-12-16,Net Banking,Delivered,99.0,6980.0,4780.0
ORD_01597,CUST_0105,STR_108,2024-12-14,2024-12-19,Cash on Delivery (COD),Delivered,250.0,83498.1,23498.1
ORD_01598,CUST_0039,STR_101,2024-12-14,2024-12-17,UPI,Delivered,250.0,81248.2,11848.2
ORD_01599,CUST_0004,STR_110,2024-12-14,2024-12-17,Credit Card,Delivered,0.0,29998.0,10998.0
ORD_01600,CUST_0137,STR_104,2024-12-14,2024-12-16,Net Banking,Delivered,149.0,51000.0,19000.0
