order_id,order_date,shipping_date,customer_id,customer_name,customer_gender,customer_age,customer_city,customer_state,customer_region,store_id,store_name,product_id,product_name,category,subcategory,brand,quantity,unit_price,discount_percent,sales_amount,cost_amount,profit_amount,payment_method,order_status
ORD_00001,2023-01-01,2023-01-05,CUST_0034,Pooja Das,Female,56,Bhubaneswar,Odisha,East,STR_106,Hyderabad Hitech Outlet,PRD_C03,Men Tapered Chinos,Clothing,Casual Wear,Allen Solly,2,2199.0,5.0,4178.1,1600.0,2578.1,Credit Card,Delivered
ORD_00002,2023-01-01,2023-01-05,CUST_0250,Naveen Kapoor,Male,60,Jaipur,Rajasthan,North,STR_103,Delhi Connaught Hub,PRD_H01,Philips Air Fryer XL 4.1L,Home & Kitchen,Appliances,Philips,2,8495.0,10.0,15291.0,9600.0,5691.0,UPI,Delivered
ORD_00003,2023-01-01,2023-01-05,CUST_0044,Kiran Deshmukh,Male,62,Pune,Maharashtra,West,STR_108,Kolkata Park Street Store,PRD_F07,King Size Engineered Wood Bed,Furniture,Bedroom,Wakefit,1,24999.0,10.0,22499.1,15000.0,7499.1,UPI,Delivered
ORD_00004,2023-01-02,2023-01-07,CUST_0141,Sunita Menon,Female,56,Lucknow,Uttar Pradesh,North,STR_103,Delhi Connaught Hub,PRD_C09,Athletic Dry-Fit Tracksuit,Clothing,Activewear,Under Armour,1,3299.0,5.0,3134.05,1200.0,1934.05,UPI,Delivered
ORD_00005,2024-03-14,2024-03-18,CUST_0012,Kusum Patel,Female,27,Jaipur,Rajasthan,North,STR_104,Noida Cyber Express,PRD_E04,iPhone 15 Pro,Electronics,Smartphones,Apple,1,124900.0,10.0,112410.0,95000.0,17410.0,UPI,Delivered
ORD_00006,2023-01-02,2023-01-04,CUST_0192,Rajendra Joshi,Male,38,Guwahati,Assam,East,STR_109,Patna Central Outlet,PRD_F01,Ergonomic Mesh Office Chair,Furniture,Chairs,Green Soul,1,12999.0,0.0,12999.0,7500.0,5499.0,Cash on Delivery (COD),Delivered
ORD_00006,2023-01-02,2023-01-04,CUST_0192,Rajendra Joshi,Male,38,Guwahati,Assam,East,STR_109,Patna Central Outlet,PRD_H05,Kent Grand Plus Water Purifier,Home & Kitchen,Appliances,Kent,1,14999.0,5.0,14249.05,9500.0,4749.05,Cash on Delivery (COD),Delivered
ORD_00007,2023-12-08,2023-12-09,CUST_0140,Meena Reddy,Female,37,Chennai,Tamil Nadu,South,STR_106,Hyderabad Hitech Outlet,PRD_F08,4-Door Wardrobe with Mirror,Furniture,Bedroom,Spacewood,1,25500.0,0.0,25500.0,16000.0,9500.0,Cash on Delivery (COD),Delivered
ORD_00008,2023-01-03,2023-01-06,CUST_0056,Gaurav Patel,Male,25,Noida,Uttar Pradesh,North,STR_103,Delhi Connaught Hub,PRD_C04,Women Silk Embroidered Kurta Set,Clothing,Ethnic Wear,Biba,2,3899.0,10.0,7018.2,2800.0,4218.2,UPI,Delivered
ORD_00009,2024-04-27,2024-04-29,CUST_0285,Rahul Malhotra,Male,57,Kolkata,West Bengal,East,STR_108,Kolkata Park Street Store,PRD_E11,Logitech MX Master 3S Mouse,Electronics,Accessories,Logitech,1,8995.0,15.0,7645.75,6200.0,1445.75,Credit Card,Delivered
ORD_00010,2023-01-18,2023-01-21,CUST_0175,Nikhil Saini,Male,38,Patna,Bihar,East,STR_108,Kolkata Park Street Store,PRD_C10,UV Protected Polarized Sunglasses,Clothing,Accessories,Ray-Ban,2,3490.0,0.0,6980.0,2200.0,4780.0,UPI,Delivered
ORD_00011,2023-07-21,2023-07-22,CUST_0135,Aanya Patil,Female,54,Noida,Uttar Pradesh,North,STR_103,Delhi Connaught Hub,PRD_C04,Women Silk Embroidered Kurta Set,Clothing,Ethnic Wear,Biba,1,3899.0,5.0,3704.05,1400.0,2304.05,UPI,Delivered
ORD_00011,2023-07-21,2023-07-22,CUST_0135,Aanya Patil,Female,54,Noida,Uttar Pradesh,North,STR_103,Delhi Connaught Hub,PRD_E10,LG 27-inch 4K UHD Monitor,Electronics,Monitors,LG,1,28500.0,15.0,24225.0,21000.0,3225.0,UPI,Delivered
ORD_00011,2023-07-21,2023-07-22,CUST_0135,Aanya Patil,Female,54,Noida,Uttar Pradesh,North,STR_103,Delhi Connaught Hub,PRD_E07,Sony WH-1000XM5 Headphones,Electronics,Audio,Sony,1,28990.0,0.0,28990.0,20000.0,8990.0,UPI,Delivered
ORD_00012,2024-01-27,2024-01-30,CUST_0215,Rajeev Singh,Male,45,Jaipur,Rajasthan,North,STR_103,Delhi Connaught Hub,PRD_C05,Women Designer Georgette Saree,Clothing,Ethnic Wear,FabIndia,1,4999.0,5.0,4749.05,1800.0,2949.05,Debit Card,Delivered
ORD_00013,2023-12-02,2023-12-04,CUST_0262,Pooja Thakur,Female,58,Pune,Maharashtra,West,STR_101,Mumbai Flagship Store,PRD_F07,King Size Engineered Wood Bed,Furniture,Bedroom,Wakefit,1,24999.0,15.0,21249.15,15000.0,6249.15,UPI,Delivered
ORD_00014,2023-01-08,2023-01-13,CUST_0241,Muhammad Pandey,Male,36,Hyderabad,Telangana,South,STR_107,Chennai Express Store,PRD_E13,TP-Link AX3000 Wi-Fi 6 Router,Electronics,Networking,TP-Link,1,4999.0,5.0,4749.05,3200.0,1549.05,UPI,Delivered
ORD_00015,2023-06-29,2023-07-01,CUST_0051,Ananya Rao,Female,45,Mumbai,Maharashtra,West,STR_102,Pune Tech Hub Outlet,PRD_H05,Kent Grand Plus Water Purifier,Home & Kitchen,Appliances,Kent,2,14999.0,15.0,25498.3,19000.0,6498.3,UPI,Delivered
ORD_00016,2023-01-10,2023-01-15,CUST_0233,Shweta Singh,Female,36,Surat,Gujarat,West,STR_102,Pune Tech Hub Outlet,PRD_F08,4-Door Wardrobe with Mirror,Furniture,Bedroom,Spacewood,2,25500.0,5.0,48450.0,32000.0,16450.0,Cash on Delivery (COD),Returned
ORD_00016,2023-01-10,2023-01-15,CUST_0233,Shweta Singh,Female,36,Surat,Gujarat,West,STR_102,Pune Tech Hub Outlet,PRD_E06,OnePlus 12,Electronics,Smartphones,OnePlus,1,64999.0,0.0,64999.0,45000.0,19999.0,Cash on Delivery (COD),Returned
ORD_00017,2023-01-11,2023-01-15,CUST_0273,Anita Chatterjee,Female,57,Hyderabad,Telangana,South,STR_107,Chennai Express Store,PRD_E03,HP Pavilion Gaming Laptop,Electronics,Laptops,HP,1,62000.0,10.0,55800.0,48000.0,7800.0,Debit Card,Delivered
ORD_00017,2023-01-11,2023-01-15,CUST_0273,Anita Chatterjee,Female,57,Hyderabad,Telangana,South,STR_107,Chennai Express Store,PRD_F01,Ergonomic Mesh Office Chair,Furniture,Chairs,Green Soul,1,12999.0,0.0,12999.0,7500.0,5499.0,Debit Card,Delivered
ORD_00018,2023-07-09,2023-07-10,CUST_0051,Ananya Rao,Female,45,Mumbai,Maharashtra,West,STR_102,Pune Tech Hub Outlet,PRD_H04,Dyson V8 Cordless Vacuum Cleaner,Home & Kitchen,Home Care,Dyson,2,29900.0,10.0,53820.0,38000.0,15820.0,Net Banking,Delivered
ORD_00019,2024-08-24,2024-08-28,CUST_0164,Aadhya Sharma,Female,49,Kolkata,West Bengal,East,STR_109,Patna Central Outlet,PRD_E13,TP-Link AX3000 Wi-Fi 6 Router,Electronics,Networking,TP-Link,1,4999.0,10.0,4499.1,3200.0,1299.1,UPI,Delivered
ORD_00020,2023-01-12,2023-01-14,CUST_0314,Sara Mehta,Female,30,New Delhi,Delhi,North,STR_104,Noida Cyber Express,PRD_C03,Men Tapered Chinos,Clothing,Casual Wear,Allen Solly,3,2199.0,5.0,6267.15,2400.0,3867.15,Credit Card,Delivered
ORD_00021,2024-06-11,2024-06-15,CUST_0288,Sunil Bose,Male,36,Surat,Gujarat,West,STR_110,Ahmedabad SG Highway Store,PRD_C03,Men Tapered Chinos,Clothing,Casual Wear,Allen Solly,3,2199.0,5.0,6267.15,2400.0,3867.15,Net Banking,Delivered
ORD_00021,2024-06-11,2024-06-15,CUST_0288,Sunil Bose,Male,36,Surat,Gujarat,West,STR_110,Ahmedabad SG Highway Store,PRD_C08,Puma UltraRide Sneakers,Clothing,Footwear,Puma,3,4999.0,20.0,11997.6,6600.0,5397.6,Net Banking,Delivered
ORD_00021,2024-06-11,2024-06-15,CUST_0288,Sunil Bose,Male,36,Surat,Gujarat,West,STR_110,Ahmedabad SG Highway Store,PRD_E06,OnePlus 12,Electronics,Smartphones,OnePlus,1,64999.0,10.0,58499.1,45000.0,13499.1,Net Banking,Delivered
ORD_00022,2023-01-15,2023-01-20,CUST_0273,Anita Chatterjee,Female,57,Hyderabad,Telangana,South,STR_105,Bengaluru Indiranagar Mall,PRD_F05,3-Seater Velvet Fabric Sofa,Furniture,Living Room,Wakefit,1,34999.0,5.0,33249.05,22000.0,11249.05,UPI,Delivered
ORD_00023,2023-02-24,2023-02-28,CUST_0035,Swati Kapoor,Female,34,Kolkata,West Bengal,East,STR_107,Chennai Express Store,PRD_F04,Solid Teak Wood Study Table,Furniture,Desks,Urban Ladder,1,14500.0,5.0,13775.0,9000.0,4775.0,UPI,Delivered
ORD_00024,2023-03-07,2023-03-11,CUST_0035,Swati Kapoor,Female,34,Kolkata,West Bengal,East,STR_109,Patna Central Outlet,PRD_C08,Puma UltraRide Sneakers,Clothing,Footwear,Puma,2,4999.0,0.0,9998.0,4400.0,5598.0,Cash on Delivery (COD),Delivered
ORD_00025,2023-09-07,2023-09-08,CUST_0028,Alok Pillai,Male,61,Surat,Gujarat,West,STR_110,Ahmedabad SG Highway Store,PRD_E10,LG 27-inch 4K UHD Monitor,Electronics,Monitors,LG,1,28500.0,15.0,24225.0,21000.0,3225.0,UPI,Delivered
ORD_00026,2024-02-23,2024-02-27,CUST_0012,Kusum Patel,Female,27,Jaipur,Rajasthan,North,STR_105,Bengaluru Indiranagar Mall,PRD_H03,Instant Pot Duo 7-in-1 Cooker,Home & Kitchen,Appliances,Instant Pot,1,9999.0,0.0,9999.0,5500.0,4499.0,Net Banking,Delivered
ORD_00026,2024-02-23,2024-02-27,CUST_0012,Kusum Patel,Female,27,Jaipur,Rajasthan,North,STR_105,Bengaluru Indiranagar Mall,PRD_C09,Athletic Dry-Fit Tracksuit,Clothing,Activewear,Under Armour,2,3299.0,0.0,6598.0,2400.0,4198.0,Net Banking,Delivered
ORD_00027,2023-01-18,2023-01-21,CUST_0127,Vikrant Banerjee,Male,44,Lucknow,Uttar Pradesh,North,STR_106,Hyderabad Hitech Outlet,PRD_E01,MacBook Air M2,Electronics,Laptops,Apple,1,94900.0,0.0,94900.0,72000.0,22900.0,UPI,Delivered
ORD_00028,2024-09-16,2024-09-21,CUST_0331,Saanvi Gupta,Female,39,Pune,Maharashtra,West,STR_110,Ahmedabad SG Highway Store,PRD_C02,Premium Egyptian Cotton Shirt,Clothing,Formal Wear,Louis Philippe,3,2499.0,0.0,7497.0,2850.0,4647.0,Net Banking,Delivered
ORD_00029,2023-07-24,2023-07-26,CUST_0227,Arun Patel,Male,21,Kochi,Kerala,South,STR_106,Hyderabad Hitech Outlet,PRD_C08,Puma UltraRide Sneakers,Clothing,Footwear,Puma,1,4999.0,0.0,4999.0,2200.0,2799.0,UPI,Delivered
ORD_00030,2023-01-21,2023-01-26,CUST_0287,Amit Kumar,Male,44,Patna,Bihar,East,STR_103,Delhi Connaught Hub,PRD_F03,Motorized Standing Desk,Furniture,Desks,ErgoSmart,2,26999.0,10.0,48598.2,36000.0,12598.2,Credit Card,Delivered
ORD_00031,2023-01-21,2023-01-23,CUST_0179,Mohan Saxena,Male,50,Pune,Maharashtra,West,STR_110,Ahmedabad SG Highway Store,PRD_H02,Prestige 750W Mixer Grinder,Home & Kitchen,Appliances,Prestige,1,3890.0,15.0,3306.5,2100.0,1206.5,Net Banking,Delivered
ORD_00032,2023-12-06,2023-12-07,CUST_0140,Meena Reddy,Female,37,Chennai,Tamil Nadu,South,STR_109,Patna Central Outlet,PRD_C05,Women Designer Georgette Saree,Clothing,Ethnic Wear,FabIndia,1,4999.0,5.0,4749.05,1800.0,2949.05,Credit Card,Delivered
ORD_00033,2023-12-04,2023-12-08,CUST_0306,Rajesh Das,Male,61,Pune,Maharashtra,West,STR_110,Ahmedabad SG Highway Store,PRD_C06,Men Stretch Denim Jeans,Clothing,Casual Wear,Levi's,1,2999.0,0.0,2999.0,1100.0,1899.0,Cash on Delivery (COD),Delivered
ORD_00033,2023-12-04,2023-12-08,CUST_0306,Rajesh Das,Male,61,Pune,Maharashtra,West,STR_110,Ahmedabad SG Highway Store,PRD_F10,Geometric Minimalist Bookshelf,Furniture,Storage,Home Centre,1,7999.0,5.0,7599.05,4500.0,3099.05,Cash on Delivery (COD),Delivered
ORD_00033,2023-12-04,2023-12-08,CUST_0306,Rajesh Das,Male,61,Pune,Maharashtra,West,STR_110,Ahmedabad SG Highway Store,PRD_E05,Samsung Galaxy S24,Electronics,Smartphones,Samsung,1,79999.0,5.0,75999.05,60000.0,15999.05,Cash on Delivery (COD),Delivered
ORD_00034,2023-11-11,2023-11-12,CUST_0262,Pooja Thakur,Female,58,Pune,Maharashtra,West,STR_101,Mumbai Flagship Store,PRD_E11,Logitech MX Master 3S Mouse,Electronics,Accessories,Logitech,1,8995.0,5.0,8545.25,6200.0,2345.25,UPI,Delivered
ORD_00034,2023-11-11,2023-11-12,CUST_0262,Pooja Thakur,Female,58,Pune,Maharashtra,West,STR_101,Mumbai Flagship Store,PRD_E08,Apple AirPods Pro 2,Electronics,Audio,Apple,1,22900.0,20.0,18320.0,16000.0,2320.0,UPI,Delivered
ORD_00035,2023-01-22,2023-01-26,CUST_0141,Sunita Menon,Female,56,Lucknow,Uttar Pradesh,North,STR_103,Delhi Connaught Hub,PRD_C05,Women Designer Georgette Saree,Clothing,Ethnic Wear,FabIndia,2,4999.0,5.0,9498.1,3600.0,5898.1,Credit Card,Delivered
ORD_00036,2023-11-08,2023-11-13,CUST_0246,Deepak Pandey,Male,58,Jaipur,Rajasthan,North,STR_104,Noida Cyber Express,PRD_E11,Logitech MX Master 3S Mouse,Electronics,Accessories,Logitech,2,8995.0,15.0,15291.5,12400.0,2891.5,Credit Card,Delivered
ORD_00036,2023-11-08,2023-11-13,CUST_0246,Deepak Pandey,Male,58,Jaipur,Rajasthan,North,STR_104,Noida Cyber Express,PRD_F10,Geometric Minimalist Bookshelf,Furniture,Storage,Home Centre,1,7999.0,10.0,7199.1,4500.0,2699.1,Credit Card,Delivered
ORD_00036,2023-11-08,2023-11-13,CUST_0246,Deepak Pandey,Male,58,Jaipur,Rajasthan,North,STR_104,Noida Cyber Express,PRD_E10,LG 27-inch 4K UHD Monitor,Electronics,Monitors,LG,1,28500.0,5.0,27075.0,21000.0,6075.0,Credit Card,Delivered
ORD_00037,2023-01-24,2023-01-27,CUST_0200,Pranav Pillai,Male,21,Patna,Bihar,East,STR_108,Kolkata Park Street Store,PRD_C02,Premium Egyptian Cotton Shirt,Clothing,Formal Wear,Louis Philippe,1,2499.0,0.0,2499.0,950.0,1549.0,UPI,Returned
ORD_00038,2023-01-25,2023-01-30,CUST_0009,Swati Pandey,Female,50,Pune,Maharashtra,West,STR_102,Pune Tech Hub Outlet,PRD_C06,Men Stretch Denim Jeans,Clothing,Casual Wear,Levi's,2,2999.0,5.0,5698.1,2200.0,3498.1,Cash on Delivery (COD),Delivered
ORD_00038,2023-01-25,2023-01-30,CUST_0009,Swati Pandey,Female,50,Pune,Maharashtra,West,STR_102,Pune Tech Hub Outlet,PRD_F08,4-Door Wardrobe with Mirror,Furniture,Bedroom,Spacewood,1,25500.0,5.0,24225.0,16000.0,8225.0,Cash on Delivery (COD),Delivered
ORD_00038,2023-01-25,2023-01-30,CUST_0009,Swati Pandey,Female,50,Pune,Maharashtra,West,STR_102,Pune Tech Hub Outlet,PRD_C10,UV Protected Polarized Sunglasses,Clothing,Accessories,Ray-Ban,1,3490.0,5.0,3315.5,1100.0,2215.5,Cash on Delivery (COD),Delivered
ORD_00039,2023-06-25,2023-06-30,CUST_0070,Aarav Joshi,Male,61,New Delhi,Delhi,North,STR_103,Delhi Connaught Hub,PRD_H02,Prestige 750W Mixer Grinder,Home & Kitchen,Appliances,Prestige,2,3890.0,10.0,7002.0,4200.0,2802.0,UPI,Delivered
ORD_00040,2024-03-12,2024-03-14,CUST_0116,Rashmi Patil,Female,22,Bhubaneswar,Odisha,East,STR_106,Hyderabad Hitech Outlet,PRD_E06,OnePlus 12,Electronics,Smartphones,OnePlus,1,64999.0,5.0,61749.05,45000.0,16749.05,Cash on Delivery (COD),Delivered
ORD_00041,2023-04-27,2023-04-28,CUST_0151,Atharva Saxena,Male,39,Gurugram,Haryana,North,STR_104,Noida Cyber Express,PRD_E06,OnePlus 12,Electronics,Smartphones,OnePlus,1,64999.0,10.0,58499.1,45000.0,13499.1,UPI,Delivered
ORD_00041,2023-04-27,2023-04-28,CUST_0151,Atharva Saxena,Male,39,Gurugram,Haryana,North,STR_104,Noida Cyber Express,PRD_C02,Premium Egyptian Cotton Shirt,Clothing,Formal Wear,Louis Philippe,1,2499.0,10.0,2249.1,950.0,1299.1,UPI,Delivered
ORD_00042,2023-11-28,2023-11-30,CUST_0194,Aanya Deshmukh,Female,43,Bhubaneswar,Odisha,East,STR_109,Patna Central Outlet,PRD_F06,L-Shape Sectional Luxury Sofa,Furniture,Living Room,Godrej Interio,1,52000.0,10.0,46800.0,34000.0,12800.0,UPI,Delivered
ORD_00042,2023-11-28,2023-11-30,CUST_0194,Aanya Deshmukh,Female,43,Bhubaneswar,Odisha,East,STR_109,Patna Central Outlet,PRD_H03,Instant Pot Duo 7-in-1 Cooker,Home & Kitchen,Appliances,Instant Pot,1,9999.0,0.0,9999.0,5500.0,4499.0,UPI,Delivered
ORD_00043,2023-05-23,2023-05-25,CUST_0130,Vikram Banerjee,Male,25,Gurugram,Haryana,North,STR_101,Mumbai Flagship Store,PRD_F03,Motorized Standing Desk,Furniture,Desks,ErgoSmart,1,26999.0,10.0,24299.1,18000.0,6299.1,Debit Card,Delivered
ORD_00043,2023-05-23,2023-05-25,CUST_0130,Vikram Banerjee,Male,25,Gurugram,Haryana,North,STR_101,Mumbai Flagship Store,PRD_E02,Dell XPS 13,Electronics,Laptops,Dell,1,85000.0,0.0,85000.0,65000.0,20000.0,Debit Card,Delivered
ORD_00043,2023-05-23,2023-05-25,CUST_0130,Vikram Banerjee,Male,25,Gurugram,Haryana,North,STR_101,Mumbai Flagship Store,PRD_H04,Dyson V8 Cordless Vacuum Cleaner,Home & Kitchen,Home Care,Dyson,1,29900.0,5.0,28405.0,19000.0,9405.0,Debit Card,Delivered
ORD_00044,2024-02-17,2024-02-20,CUST_0221,Anita Pandey,Female,23,Patna,Bihar,East,STR_109,Patna Central Outlet,PRD_H04,Dyson V8 Cordless Vacuum Cleaner,Home & Kitchen,Home Care,Dyson,1,29900.0,15.0,25415.0,19000.0,6415.0,Debit Card,Delivered
ORD_00045,2023-01-29,2023-02-03,CUST_0171,Rashmi Kapoor,Female,49,Bhubaneswar,Odisha,East,STR_108,Kolkata Park Street Store,PRD_C04,Women Silk Embroidered Kurta Set,Clothing,Ethnic Wear,Biba,2,3899.0,0.0,7798.0,2800.0,4998.0,Credit Card,Delivered
ORD_00045,2023-01-29,2023-02-03,CUST_0171,Rashmi Kapoor,Female,49,Bhubaneswar,Odisha,East,STR_108,Kolkata Park Street Store,PRD_F05,3-Seater Velvet Fabric Sofa,Furniture,Living Room,Wakefit,1,34999.0,10.0,31499.1,22000.0,9499.1,Credit Card,Delivered
ORD_00046,2024-03-05,2024-03-10,CUST_0197,Reyansh Joshi,Male,45,Bhubaneswar,Odisha,East,STR_108,Kolkata Park Street Store,PRD_F01,Ergonomic Mesh Office Chair,Furniture,Chairs,Green Soul,2,12999.0,5.0,24698.1,15000.0,9698.1,Credit Card,Returned
ORD_00047,2023-06-30,2023-07-02,CUST_0051,Ananya Rao,Female,45,Mumbai,Maharashtra,West,STR_101,Mumbai Flagship Store,PRD_E06,OnePlus 12,Electronics,Smartphones,OnePlus,1,64999.0,0.0,64999.0,45000.0,19999.0,UPI,Delivered
ORD_00047,2023-06-30,2023-07-02,CUST_0051,Ananya Rao,Female,45,Mumbai,Maharashtra,West,STR_101,Mumbai Flagship Store,PRD_E05,Samsung Galaxy S24,Electronics,Smartphones,Samsung,1,79999.0,5.0,75999.05,60000.0,15999.05,UPI,Delivered
ORD_00048,2023-12-29,2023-12-31,CUST_0155,Preeti Bhat,Female,49,Bhubaneswar,Odisha,East,STR_109,Patna Central Outlet,PRD_C03,Men Tapered Chinos,Clothing,Casual Wear,Allen Solly,4,2199.0,15.0,7476.6,3200.0,4276.6,UPI,Delivered
ORD_00049,2024-09-07,2024-09-10,CUST_0117,Rajesh Das,Male,31,Kochi,Kerala,South,STR_110,Ahmedabad SG Highway Store,PRD_E13,TP-Link AX3000 Wi-Fi 6 Router,Electronics,Networking,TP-Link,2,4999.0,10.0,8998.2,6400.0,2598.2,Credit Card,Delivered
ORD_00050,2023-11-30,2023-12-01,CUST_0155,Preeti Bhat,Female,49,Bhubaneswar,Odisha,East,STR_107,Chennai Express Store,PRD_F05,3-Seater Velvet Fabric Sofa,Furniture,Living Room,Wakefit,1,34999.0,0.0,34999.0,22000.0,12999.0,Debit Card,Delivered
ORD_00051,2023-08-27,2023-09-01,CUST_0144,Naveen Pandey,Male,26,Mumbai,Maharashtra,West,STR_110,Ahmedabad SG Highway Store,PRD_E12,Logitech Mechanical Keyboard,Electronics,Accessories,Logitech,1,6495.0,10.0,5845.5,4500.0,1345.5,Net Banking,Delivered
ORD_00051,2023-08-27,2023-09-01,CUST_0144,Naveen Pandey,Male,26,Mumbai,Maharashtra,West,STR_110,Ahmedabad SG Highway Store,PRD_E10,LG 27-inch 4K UHD Monitor,Electronics,Monitors,LG,1,28500.0,0.0,28500.0,21000.0,7500.0,Net Banking,Delivered
ORD_00052,2023-02-03,2023-02-08,CUST_0253,Meena Banerjee,Female,25,Patna,Bihar,East,STR_109,Patna Central Outlet,PRD_H04,Dyson V8 Cordless Vacuum Cleaner,Home & Kitchen,Home Care,Dyson,1,29900.0,0.0,29900.0,19000.0,10900.0,Cash on Delivery (COD),Delivered
ORD_00052,2023-02-03,2023-02-08,CUST_0253,Meena Banerjee,Female,25,Patna,Bihar,East,STR_109,Patna Central Outlet,PRD_F03,Motorized Standing Desk,Furniture,Desks,ErgoSmart,1,26999.0,5.0,25649.05,18000.0,7649.05,Cash on Delivery (COD),Delivered
ORD_00053,2023-02-06,2023-02-07,CUST_0171,Rashmi Kapoor,Female,49,Bhubaneswar,Odisha,East,STR_108,Kolkata Park Street Store,PRD_H02,Prestige 750W Mixer Grinder,Home & Kitchen,Appliances,Prestige,1,3890.0,10.0,3501.0,2100.0,1401.0,Credit Card,Delivered
ORD_00054,2023-02-06,2023-02-11,CUST_0324,Rajeev Bose,Male,56,Chennai,Tamil Nadu,South,STR_102,Pune Tech Hub Outlet,PRD_C08,Puma UltraRide Sneakers,Clothing,Footwear,Puma,2,4999.0,20.0,7998.4,4400.0,3598.4,Credit Card,Delivered
ORD_00055,2023-03-08,2023-03-12,CUST_0035,Swati Kapoor,Female,34,Kolkata,West Bengal,East,STR_104,Noida Cyber Express,PRD_H03,Instant Pot Duo 7-in-1 Cooker,Home & Kitchen,Appliances,Instant Pot,1,9999.0,10.0,8999.1,5500.0,3499.1,Net Banking,Delivered
ORD_00056,2023-02-07,2023-02-11,CUST_0192,Rajendra Joshi,Male,38,Guwahati,Assam,East,STR_103,Delhi Connaught Hub,PRD_F10,Geometric Minimalist Bookshelf,Furniture,Storage,Home Centre,1,7999.0,10.0,7199.1,4500.0,2699.1,Credit Card,Delivered
ORD_00057,2023-02-07,2023-02-08,CUST_0131,Kabir Banerjee,Male,59,Bengaluru,Karnataka,South,STR_105,Bengaluru Indiranagar Mall,PRD_E09,boAt Rockerz 450,Electronics,Audio,boAt,1,1499.0,10.0,1349.1,800.0,549.1,Debit Card,Delivered
ORD_00058,2023-06-07,2023-06-11,CUST_0158,Aanya Gupta,Female,26,Bengaluru,Karnataka,South,STR_107,Chennai Express Store,PRD_C02,Premium Egyptian Cotton Shirt,Clothing,Formal Wear,Louis Philippe,2,2499.0,0.0,4998.0,1900.0,3098.0,UPI,Delivered
ORD_00059,2024-02-29,2024-03-03,CUST_0113,Rajendra Rao,Male,57,Mumbai,Maharashtra,West,STR_110,Ahmedabad SG Highway Store,PRD_E12,Logitech Mechanical Keyboard,Electronics,Accessories,Logitech,1,6495.0,20.0,5196.0,4500.0,696.0,UPI,Delivered
ORD_00059,2024-02-29,2024-03-03,CUST_0113,Rajendra Rao,Male,57,Mumbai,Maharashtra,West,STR_110,Ahmedabad SG Highway Store,PRD_E11,Logitech MX Master 3S Mouse,Electronics,Accessories,Logitech,1,8995.0,0.0,8995.0,6200.0,2795.0,UPI,Delivered
ORD_00059,2024-02-29,2024-03-03,CUST_0113,Rajendra Rao,Male,57,Mumbai,Maharashtra,West,STR_110,Ahmedabad SG Highway Store,PRD_F07,King Size Engineered Wood Bed,Furniture,Bedroom,Wakefit,1,24999.0,5.0,23749.05,15000.0,8749.05,UPI,Delivered
ORD_00060,2023-11-30,2023-12-03,CUST_0262,Pooja Thakur,Female,58,Pune,Maharashtra,West,STR_110,Ahmedabad SG Highway Store,PRD_E03,HP Pavilion Gaming Laptop,Electronics,Laptops,HP,1,62000.0,0.0,62000.0,48000.0,14000.0,Debit Card,Returned
ORD_00061,2023-02-25,2023-03-02,CUST_0183,Shweta Saini,Female,24,Patna,Bihar,East,STR_105,Bengaluru Indiranagar Mall,PRD_E14,SanDisk 1TB Portable SSD,Electronics,Storage,SanDisk,2,8499.0,10.0,15298.2,12000.0,3298.2,UPI,Delivered
ORD_00061,2023-02-25,2023-03-02,CUST_0183,Shweta Saini,Female,24,Patna,Bihar,East,STR_105,Bengaluru Indiranagar Mall,PRD_H05,Kent Grand Plus Water Purifier,Home & Kitchen,Appliances,Kent,2,14999.0,10.0,26998.2,19000.0,7998.2,UPI,Delivered
ORD_00062,2024-02-22,2024-02-26,CUST_0113,Rajendra Rao,Male,57,Mumbai,Maharashtra,West,STR_110,Ahmedabad SG Highway Store,PRD_C07,Nike Air Zoom Pegasus Running Shoes,Clothing,Footwear,Nike,2,8995.0,0.0,17990.0,8400.0,9590.0,Debit Card,Delivered
ORD_00063,2023-11-03,2023-11-05,CUST_0246,Deepak Pandey,Male,58,Jaipur,Rajasthan,North,STR_104,Noida Cyber Express,PRD_C02,Premium Egyptian Cotton Shirt,Clothing,Formal Wear,Louis Philippe,1,2499.0,0.0,2499.0,950.0,1549.0,UPI,Delivered
ORD_00064,2023-02-11,2023-02-15,CUST_0002,Diya Chatterjee,Female,55,Surat,Gujarat,West,STR_102,Pune Tech Hub Outlet,PRD_E14,SanDisk 1TB Portable SSD,Electronics,Storage,SanDisk,1,8499.0,10.0,7649.1,6000.0,1649.1,Credit Card,Cancelled
ORD_00064,2023-02-11,2023-02-15,CUST_0002,Diya Chatterjee,Female,55,Surat,Gujarat,West,STR_102,Pune Tech Hub Outlet,PRD_F07,King Size Engineered Wood Bed,Furniture,Bedroom,Wakefit,1,24999.0,0.0,24999.0,15000.0,9999.0,Credit Card,Cancelled
ORD_00065,2023-04-18,2023-04-20,CUST_0265,Alok Reddy,Male,51,New Delhi,Delhi,North,STR_103,Delhi Connaught Hub,PRD_H02,Prestige 750W Mixer Grinder,Home & Kitchen,Appliances,Prestige,1,3890.0,0.0,3890.0,2100.0,1790.0,Cash on Delivery (COD),Delivered
ORD_00066,2023-04-28,2023-05-01,CUST_0230,Mahesh Sharma,Male,60,Hyderabad,Telangana,South,STR_105,Bengaluru Indiranagar Mall,PRD_E09,boAt Rockerz 450,Electronics,Audio,boAt,1,1499.0,0.0,1499.0,800.0,699.0,Credit Card,Delivered
ORD_00067,2023-07-15,2023-07-20,CUST_0070,Aarav Joshi,Male,61,New Delhi,Delhi,North,STR_103,Delhi Connaught Hub,PRD_E08,Apple AirPods Pro 2,Electronics,Audio,Apple,1,22900.0,15.0,19465.0,16000.0,3465.0,UPI,Delivered
ORD_00067,2023-07-15,2023-07-20,CUST_0070,Aarav Joshi,Male,61,New Delhi,Delhi,North,STR_103,Delhi Connaught Hub,PRD_E06,OnePlus 12,Electronics,Smartphones,OnePlus,1,64999.0,20.0,51999.2,45000.0,6999.2,UPI,Delivered
ORD_00068,2024-01-26,2024-01-30,CUST_0010,Karthik Patel,Male,61,Bengaluru,Karnataka,South,STR_108,Kolkata Park Street Store,PRD_E02,Dell XPS 13,Electronics,Laptops,Dell,1,85000.0,10.0,76500.0,65000.0,11500.0,UPI,Returned
ORD_00069,2023-05-26,2023-05-31,CUST_0158,Aanya Gupta,Female,26,Bengaluru,Karnataka,South,STR_109,Patna Central Outlet,PRD_F09,6-Seater Solid Oak Dining Set,Furniture,Dining,Durian,1,38000.0,5.0,36100.0,24000.0,12100.0,Debit Card,Delivered
ORD_00070,2024-10-02,2024-10-07,CUST_0248,Rajendra Kapoor,Male,25,Surat,Gujarat,West,STR_101,Mumbai Flagship Store,PRD_C02,Premium Egyptian Cotton Shirt,Clothing,Formal Wear,Louis Philippe,2,2499.0,5.0,4748.1,1900.0,2848.1,Debit Card,Delivered
ORD_00070,2024-10-02,2024-10-07,CUST_0248,Rajendra Kapoor,Male,25,Surat,Gujarat,West,STR_101,Mumbai Flagship Store,PRD_F02,Executive Leather Boss Chair,Furniture,Chairs,Featherlite,1,18500.0,0.0,18500.0,11000.0,7500.0,Debit Card,Delivered
ORD_00070,2024-10-02,2024-10-07,CUST_0248,Rajendra Kapoor,Male,25,Surat,Gujarat,West,STR_101,Mumbai Flagship Store,PRD_F04,Solid Teak Wood Study Table,Furniture,Desks,Urban Ladder,1,14500.0,5.0,13775.0,9000.0,4775.0,Debit Card,Delivered
ORD_00071,2023-11-30,2023-12-04,CUST_0140,Meena Reddy,Female,37,Chennai,Tamil Nadu,South,STR_107,Chennai Express Store,PRD_F06,L-Shape Sectional Luxury Sofa,Furniture,Living Room,Godrej Interio,1,52000.0,5.0,49400.0,34000.0,15400.0,UPI,Delivered
ORD_00072,2023-04-16,2023-04-20,CUST_0242,Riya Patel,Female,58,Gurugram,Haryana,North,STR_108,Kolkata Park Street Store,PRD_F02,Executive Leather Boss Chair,Furniture,Chairs,Featherlite,1,18500.0,0.0,18500.0,11000.0,7500.0,Credit Card,Delivered
ORD_00072,2023-04-16,2023-04-20,CUST_0242,Riya Patel,Female,58,Gurugram,Haryana,North,STR_108,Kolkata Park Street Store,PRD_E03,HP Pavilion Gaming Laptop,Electronics,Laptops,HP,1,62000.0,5.0,58900.0,48000.0,10900.0,Credit Card,Delivered
ORD_00073,2023-02-14,2023-02-15,CUST_0034,Pooja Das,Female,56,Bhubaneswar,Odisha,East,STR_109,Patna Central Outlet,PRD_E13,TP-Link AX3000 Wi-Fi 6 Router,Electronics,Networking,TP-Link,1,4999.0,15.0,4249.15,3200.0,1049.15,UPI,Delivered
ORD_00074,2023-06-30,2023-07-03,CUST_0227,Arun Patel,Male,21,Kochi,Kerala,South,STR_106,Hyderabad Hitech Outlet,PRD_F08,4-Door Wardrobe with Mirror,Furniture,Bedroom,Spacewood,1,25500.0,10.0,22950.0,16000.0,6950.0,Debit Card,Delivered
ORD_00074,2023-06-30,2023-07-03,CUST_0227,Arun Patel,Male,21,Kochi,Kerala,South,STR_106,Hyderabad Hitech Outlet,PRD_E12,Logitech Mechanical Keyboard,Electronics,Accessories,Logitech,1,6495.0,20.0,5196.0,4500.0,696.0,Debit Card,Delivered
ORD_00075,2023-02-16,2023-02-20,CUST_0274,Muhammad Gupta,Male,60,Noida,Uttar Pradesh,North,STR_103,Delhi Connaught Hub,PRD_F02,Executive Leather Boss Chair,Furniture,Chairs,Featherlite,1,18500.0,5.0,17575.0,11000.0,6575.0,UPI,Delivered
ORD_00076,2024-01-29,2024-02-01,CUST_0010,Karthik Patel,Male,61,Bengaluru,Karnataka,South,STR_106,Hyderabad Hitech Outlet,PRD_F10,Geometric Minimalist Bookshelf,Furniture,Storage,Home Centre,1,7999.0,5.0,7599.05,4500.0,3099.05,Debit Card,Delivered
ORD_00077,2023-02-17,2023-02-21,CUST_0274,Muhammad Gupta,Male,60,Noida,Uttar Pradesh,North,STR_104,Noida Cyber Express,PRD_C04,Women Silk Embroidered Kurta Set,Clothing,Ethnic Wear,Biba,4,3899.0,5.0,14816.2,5600.0,9216.2,Credit Card,Delivered
ORD_00078,2024-11-08,2024-11-11,CUST_0198,Aanya Bhat,Female,29,Pune,Maharashtra,West,STR_107,Chennai Express Store,PRD_E04,iPhone 15 Pro,Electronics,Smartphones,Apple,1,124900.0,0.0,124900.0,95000.0,29900.0,UPI,Delivered
ORD_00079,2023-02-18,2023-02-19,CUST_0270,Mohan Patel,Male,61,New Delhi,Delhi,North,STR_104,Noida Cyber Express,PRD_H02,Prestige 750W Mixer Grinder,Home & Kitchen,Appliances,Prestige,2,3890.0,0.0,7780.0,4200.0,3580.0,Net Banking,Delivered
ORD_00080,2023-02-18,2023-02-22,CUST_0273,Anita Chatterjee,Female,57,Hyderabad,Telangana,South,STR_106,Hyderabad Hitech Outlet,PRD_C03,Men Tapered Chinos,Clothing,Casual Wear,Allen Solly,2,2199.0,5.0,4178.1,1600.0,2578.1,UPI,Delivered
ORD_00081,2024-03-26,2024-03-31,CUST_0197,Reyansh Joshi,Male,45,Bhubaneswar,Odisha,East,STR_107,Chennai Express Store,PRD_C04,Women Silk Embroidered Kurta Set,Clothing,Ethnic Wear,Biba,2,3899.0,10.0,7018.2,2800.0,4218.2,Net Banking,Delivered
ORD_00082,2024-09-26,2024-10-01,CUST_0248,Rajendra Kapoor,Male,25,Surat,Gujarat,West,STR_101,Mumbai Flagship Store,PRD_F10,Geometric Minimalist Bookshelf,Furniture,Storage,Home Centre,1,7999.0,5.0,7599.05,4500.0,3099.05,Net Banking,Delivered
ORD_00082,2024-09-26,2024-10-01,CUST_0248,Rajendra Kapoor,Male,25,Surat,Gujarat,West,STR_101,Mumbai Flagship Store,PRD_F04,Solid Teak Wood Study Table,Furniture,Desks,Urban Ladder,1,14500.0,0.0,14500.0,9000.0,5500.0,Net Banking,Delivered
ORD_00082,2024-09-26,2024-10-01,CUST_0248,Rajendra Kapoor,Male,25,Surat,Gujarat,West,STR_101,Mumbai Flagship Store,PRD_C09,Athletic Dry-Fit Tracksuit,Clothing,Activewear,Under Armour,1,3299.0,5.0,3134.05,1200.0,1934.05,Net Banking,Delivered
ORD_00083,2023-02-20,2023-02-21,CUST_0314,Sara Mehta,Female,30,New Delhi,Delhi,North,STR_103,Delhi Connaught Hub,PRD_F05,3-Seater Velvet Fabric Sofa,Furniture,Living Room,Wakefit,2,34999.0,0.0,69998.0,44000.0,25998.0,UPI,Delivered
ORD_00084,2023-02-21,2023-02-24,CUST_0056,Gaurav Patel,Male,25,Noida,Uttar Pradesh,North,STR_104,Noida Cyber Express,PRD_E14,SanDisk 1TB Portable SSD,Electronics,Storage,SanDisk,1,8499.0,5.0,8074.05,6000.0,2074.05,Net Banking,Delivered
ORD_00084,2023-02-21,2023-02-24,CUST_0056,Gaurav Patel,Male,25,Noida,Uttar Pradesh,North,STR_104,Noida Cyber Express,PRD_C05,Women Designer Georgette Saree,Clothing,Ethnic Wear,FabIndia,2,4999.0,15.0,8498.3,3600.0,4898.3,Net Banking,Delivered
ORD_00084,2023-02-21,2023-02-24,CUST_0056,Gaurav Patel,Male,25,Noida,Uttar Pradesh,North,STR_104,Noida Cyber Express,PRD_H02,Prestige 750W Mixer Grinder,Home & Kitchen,Appliances,Prestige,1,3890.0,0.0,3890.0,2100.0,1790.0,Net Banking,Delivered
ORD_00085,2023-04-04,2023-04-09,CUST_0242,Riya Patel,Female,58,Gurugram,Haryana,North,STR_103,Delhi Connaught Hub,PRD_F07,King Size Engineered Wood Bed,Furniture,Bedroom,Wakefit,1,24999.0,10.0,22499.1,15000.0,7499.1,Cash on Delivery (COD),Delivered
ORD_00086,2023-07-02,2023-07-07,CUST_0051,Ananya Rao,Female,45,Mumbai,Maharashtra,West,STR_101,Mumbai Flagship Store,PRD_C03,Men Tapered Chinos,Clothing,Casual Wear,Allen Solly,1,2199.0,15.0,1869.15,800.0,1069.15,Credit Card,Delivered
ORD_00087,2023-12-04,2023-12-09,CUST_0155,Preeti Bhat,Female,49,Bhubaneswar,Odisha,East,STR_109,Patna Central Outlet,PRD_H05,Kent Grand Plus Water Purifier,Home & Kitchen,Appliances,Kent,1,14999.0,0.0,14999.0,9500.0,5499.0,Credit Card,Delivered
ORD_00087,2023-12-04,2023-12-09,CUST_0155,Preeti Bhat,Female,49,Bhubaneswar,Odisha,East,STR_109,Patna Central Outlet,PRD_E05,Samsung Galaxy S24,Electronics,Smartphones,Samsung,1,79999.0,10.0,71999.1,60000.0,11999.1,Credit Card,Delivered
ORD_00088,2023-02-24,2023-03-01,CUST_0293,Saanvi Yadav,Female,32,Gurugram,Haryana,North,STR_104,Noida Cyber Express,PRD_E04,iPhone 15 Pro,Electronics,Smartphones,Apple,1,124900.0,5.0,118655.0,95000.0,23655.0,Credit Card,Delivered
ORD_00089,2023-02-25,2023-03-02,CUST_0236,Meena Chauhan,Female,38,Kolkata,West Bengal,East,STR_109,Patna Central Outlet,PRD_E04,iPhone 15 Pro,Electronics,Smartphones,Apple,1,124900.0,10.0,112410.0,95000.0,17410.0,Credit Card,Delivered
ORD_00090,2023-02-25,2023-02-26,CUST_0187,Shaurya Mehta,Male,50,Surat,Gujarat,West,STR_102,Pune Tech Hub Outlet,PRD_F02,Executive Leather Boss Chair,Furniture,Chairs,Featherlite,2,18500.0,15.0,31450.0,22000.0,9450.0,UPI,Delivered
ORD_00091,2023-02-26,2023-02-27,CUST_0054,Sameer Verma,Male,24,Hyderabad,Telangana,South,STR_105,Bengaluru Indiranagar Mall,PRD_F07,King Size Engineered Wood Bed,Furniture,Bedroom,Wakefit,1,24999.0,5.0,23749.05,15000.0,8749.05,Debit Card,Delivered
ORD_00092,2023-02-27,2023-02-28,CUST_0250,Naveen Kapoor,Male,60,Jaipur,Rajasthan,North,STR_104,Noida Cyber Express,PRD_E02,Dell XPS 13,Electronics,Laptops,Dell,1,85000.0,5.0,80750.0,65000.0,15750.0,UPI,Delivered
ORD_00092,2023-02-27,2023-02-28,CUST_0250,Naveen Kapoor,Male,60,Jaipur,Rajasthan,North,STR_104,Noida Cyber Express,PRD_E09,boAt Rockerz 450,Electronics,Audio,boAt,1,1499.0,0.0,1499.0,800.0,699.0,UPI,Delivered
ORD_00092,2023-02-27,2023-02-28,CUST_0250,Naveen Kapoor,Male,60,Jaipur,Rajasthan,North,STR_104,Noida Cyber Express,PRD_C08,Puma UltraRide Sneakers,Clothing,Footwear,Puma,2,4999.0,5.0,9498.1,4400.0,5098.1,UPI,Delivered
ORD_00093,2023-03-01,2023-03-06,CUST_0112,Sameer Deshmukh,Male,24,Kolkata,West Bengal,East,STR_109,Patna Central Outlet,PRD_E07,Sony WH-1000XM5 Headphones,Electronics,Audio,Sony,1,28990.0,0.0,28990.0,20000.0,8990.0,UPI,Delivered
ORD_00093,2023-03-01,2023-03-06,CUST_0112,Sameer Deshmukh,Male,24,Kolkata,West Bengal,East,STR_109,Patna Central Outlet,PRD_E04,iPhone 15 Pro,Electronics,Smartphones,Apple,1,124900.0,0.0,124900.0,95000.0,29900.0,UPI,Delivered
ORD_00094,2023-06-28,2023-07-03,CUST_0070,Aarav Joshi,Male,61,New Delhi,Delhi,North,STR_103,Delhi Connaught Hub,PRD_F08,4-Door Wardrobe with Mirror,Furniture,Bedroom,Spacewood,1,25500.0,0.0,25500.0,16000.0,9500.0,UPI,Returned
ORD_00095,2023-05-18,2023-05-23,CUST_0130,Vikram Banerjee,Male,25,Gurugram,Haryana,North,STR_104,Noida Cyber Express,PRD_C10,UV Protected Polarized Sunglasses,Clothing,Accessories,Ray-Ban,1,3490.0,15.0,2966.5,1100.0,1866.5,Credit Card,Delivered
ORD_00096,2023-03-02,2023-03-04,CUST_0241,Muhammad Pandey,Male,36,Hyderabad,Telangana,South,STR_105,Bengaluru Indiranagar Mall,PRD_E13,TP-Link AX3000 Wi-Fi 6 Router,Electronics,Networking,TP-Link,2,4999.0,0.0,9998.0,6400.0,3598.0,Cash on Delivery (COD),Delivered
ORD_00097,2023-07-09,2023-07-10,CUST_0070,Aarav Joshi,Male,61,New Delhi,Delhi,North,STR_101,Mumbai Flagship Store,PRD_E09,boAt Rockerz 450,Electronics,Audio,boAt,2,1499.0,5.0,2848.1,1600.0,1248.1,Debit Card,Delivered
ORD_00098,2024-08-27,2024-08-31,CUST_0095,Dinesh Das,Male,53,Gurugram,Haryana,North,STR_104,Noida Cyber Express,PRD_C10,UV Protected Polarized Sunglasses,Clothing,Accessories,Ray-Ban,1,3490.0,5.0,3315.5,1100.0,2215.5,Credit Card,Delivered
ORD_00099,2024-02-10,2024-02-14,CUST_0272,Rajendra Deshmukh,Male,31,Hyderabad,Telangana,South,STR_107,Chennai Express Store,PRD_F07,King Size Engineered Wood Bed,Furniture,Bedroom,Wakefit,1,24999.0,5.0,23749.05,15000.0,8749.05,UPI,Delivered
ORD_00100,2023-04-21,2023-04-25,CUST_0278,Pranav Das,Male,23,Bengaluru,Karnataka,South,STR_107,Chennai Express Store,PRD_C01,Men Slim Fit Formal Blazer,Clothing,Formal Wear,Raymond,1,5999.0,10.0,5399.1,2600.0,2799.1,Cash on Delivery (COD),Delivered
ORD_00100,2023-04-21,2023-04-25,CUST_0278,Pranav Das,Male,23,Bengaluru,Karnataka,South,STR_107,Chennai Express Store,PRD_C06,Men Stretch Denim Jeans,Clothing,Casual Wear,Levi's,1,2999.0,10.0,2699.1,1100.0,1599.1,Cash on Delivery (COD),Delivered
ORD_00101,2024-01-17,2024-01-19,CUST_0075,Riya Das,Female,27,Jaipur,Rajasthan,North,STR_104,Noida Cyber Express,PRD_E03,HP Pavilion Gaming Laptop,Electronics,Laptops,HP,1,62000.0,5.0,58900.0,48000.0,10900.0,Credit Card,Delivered
ORD_00102,2023-03-06,2023-03-10,CUST_0249,Naveen Mishra,Male,53,Chennai,Tamil Nadu,South,STR_105,Bengaluru Indiranagar Mall,PRD_F10,Geometric Minimalist Bookshelf,Furniture,Storage,Home Centre,1,7999.0,0.0,7999.0,4500.0,3499.0,Debit Card,Cancelled
ORD_00103,2024-03-02,2024-03-04,CUST_0113,Rajendra Rao,Male,57,Mumbai,Maharashtra,West,STR_102,Pune Tech Hub Outlet,PRD_C02,Premium Egyptian Cotton Shirt,Clothing,Formal Wear,Louis Philippe,1,2499.0,10.0,2249.1,950.0,1299.1,UPI,Delivered
ORD_00104,2023-03-06,2023-03-09,CUST_0243,Kavita Joshi,Female,59,New Delhi,Delhi,North,STR_107,Chennai Express Store,PRD_E14,SanDisk 1TB Portable SSD,Electronics,Storage,SanDisk,1,8499.0,20.0,6799.2,6000.0,799.2,Debit Card,Delivered
ORD_00105,2023-11-28,2023-12-01,CUST_0306,Rajesh Das,Male,61,Pune,Maharashtra,West,STR_102,Pune Tech Hub Outlet,PRD_E05,Samsung Galaxy S24,Electronics,Smartphones,Samsung,1,79999.0,0.0,79999.0,60000.0,19999.0,Cash on Delivery (COD),Cancelled
ORD_00105,2023-11-28,2023-12-01,CUST_0306,Rajesh Das,Male,61,Pune,Maharashtra,West,STR_102,Pune Tech Hub Outlet,PRD_E02,Dell XPS 13,Electronics,Laptops,Dell,1,85000.0,15.0,72250.0,65000.0,7250.0,Cash on Delivery (COD),Cancelled
ORD_00106,2023-07-11,2023-07-13,CUST_0227,Arun Patel,Male,21,Kochi,Kerala,South,STR_107,Chennai Express Store,PRD_F09,6-Seater Solid Oak Dining Set,Furniture,Dining,Durian,1,38000.0,15.0,32300.0,24000.0,8300.0,Credit Card,Delivered
ORD_00107,2023-03-08,2023-03-10,CUST_0141,Sunita Menon,Female,56,Lucknow,Uttar Pradesh,North,STR_103,Delhi Connaught Hub,PRD_F01,Ergonomic Mesh Office Chair,Furniture,Chairs,Green Soul,1,12999.0,10.0,11699.1,7500.0,4199.1,Net Banking,Delivered
ORD_00107,2023-03-08,2023-03-10,CUST_0141,Sunita Menon,Female,56,Lucknow,Uttar Pradesh,North,STR_103,Delhi Connaught Hub,PRD_F02,Executive Leather Boss Chair,Furniture,Chairs,Featherlite,1,18500.0,0.0,18500.0,11000.0,7500.0,Net Banking,Delivered
ORD_00108,2023-12-23,2023-12-25,CUST_0155,Preeti Bhat,Female,49,Bhubaneswar,Odisha,East,STR_108,Kolkata Park Street Store,PRD_C06,Men Stretch Denim Jeans,Clothing,Casual Wear,Levi's,2,2999.0,0.0,5998.0,2200.0,3798.0,UPI,Delivered
ORD_00109,2023-03-09,2023-03-12,CUST_0081,Anita Saxena,Female,35,Jaipur,Rajasthan,North,STR_104,Noida Cyber Express,PRD_E11,Logitech MX Master 3S Mouse,Electronics,Accessories,Logitech,1,8995.0,10.0,8095.5,6200.0,1895.5,UPI,Delivered
ORD_00110,2023-03-10,2023-03-13,CUST_0022,Diya Kapoor,Female,26,Bhubaneswar,Odisha,East,STR_107,Chennai Express Store,PRD_E01,MacBook Air M2,Electronics,Laptops,Apple,1,94900.0,10.0,85410.0,72000.0,13410.0,UPI,Delivered
ORD_00111,2023-03-11,2023-03-16,CUST_0141,Sunita Menon,Female,56,Lucknow,Uttar Pradesh,North,STR_104,Noida Cyber Express,PRD_C07,Nike Air Zoom Pegasus Running Shoes,Clothing,Footwear,Nike,2,8995.0,5.0,17090.5,8400.0,8690.5,Credit Card,Delivered
ORD_00112,2023-03-12,2023-03-16,CUST_0241,Muhammad Pandey,Male,36,Hyderabad,Telangana,South,STR_109,Patna Central Outlet,PRD_E04,iPhone 15 Pro,Electronics,Smartphones,Apple,1,124900.0,10.0,112410.0,95000.0,17410.0,UPI,Delivered
ORD_00112,2023-03-12,2023-03-16,CUST_0241,Muhammad Pandey,Male,36,Hyderabad,Telangana,South,STR_109,Patna Central Outlet,PRD_E10,LG 27-inch 4K UHD Monitor,Electronics,Monitors,LG,1,28500.0,0.0,28500.0,21000.0,7500.0,UPI,Delivered
ORD_00113,2023-07-28,2023-07-30,CUST_0051,Ananya Rao,Female,45,Mumbai,Maharashtra,West,STR_110,Ahmedabad SG Highway Store,PRD_E03,HP Pavilion Gaming Laptop,Electronics,Laptops,HP,1,62000.0,15.0,52700.0,48000.0,4700.0,Credit Card,Delivered
ORD_00114,2023-03-14,2023-03-15,CUST_0200,Pranav Pillai,Male,21,Patna,Bihar,East,STR_108,Kolkata Park Street Store,PRD_E06,OnePlus 12,Electronics,Smartphones,OnePlus,1,64999.0,0.0,64999.0,45000.0,19999.0,Net Banking,Delivered
ORD_00115,2023-03-14,2023-03-17,CUST_0325,Nikhil Bose,Male,39,Surat,Gujarat,West,STR_101,Mumbai Flagship Store,PRD_F07,King Size Engineered Wood Bed,Furniture,Bedroom,Wakefit,1,24999.0,0.0,24999.0,15000.0,9999.0,UPI,Delivered
ORD_00116,2024-02-25,2024-03-01,CUST_0113,Rajendra Rao,Male,57,Mumbai,Maharashtra,West,STR_102,Pune Tech Hub Outlet,PRD_H05,Kent Grand Plus Water Purifier,Home & Kitchen,Appliances,Kent,1,14999.0,10.0,13499.1,9500.0,3999.1,Net Banking,Delivered
ORD_00116,2024-02-25,2024-03-01,CUST_0113,Rajendra Rao,Male,57,Mumbai,Maharashtra,West,STR_102,Pune Tech Hub Outlet,PRD_F03,Motorized Standing Desk,Furniture,Desks,ErgoSmart,2,26999.0,15.0,45898.3,36000.0,9898.3,Net Banking,Delivered
ORD_00116,2024-02-25,2024-03-01,CUST_0113,Rajendra Rao,Male,57,Mumbai,Maharashtra,West,STR_102,Pune Tech Hub Outlet,PRD_F09,6-Seater Solid Oak Dining Set,Furniture,Dining,Durian,2,38000.0,5.0,72200.0,48000.0,24200.0,Net Banking,Delivered
ORD_00117,2023-03-15,2023-03-18,CUST_0161,Ajay Nair,Male,60,Pune,Maharashtra,West,STR_110,Ahmedabad SG Highway Store,PRD_H05,Kent Grand Plus Water Purifier,Home & Kitchen,Appliances,Kent,1,14999.0,10.0,13499.1,9500.0,3999.1,UPI,Returned
ORD_00118,2024-04-30,2024-05-05,CUST_0257,Neha Patil,Female,35,Patna,Bihar,East,STR_109,Patna Central Outlet,PRD_F10,Geometric Minimalist Bookshelf,Furniture,Storage,Home Centre,1,7999.0,0.0,7999.0,4500.0,3499.0,Credit Card,Delivered
ORD_00119,2023-06-28,2023-07-03,CUST_0070,Aarav Joshi,Male,61,New Delhi,Delhi,North,STR_103,Delhi Connaught Hub,PRD_C03,Men Tapered Chinos,Clothing,Casual Wear,Allen Solly,1,2199.0,0.0,2199.0,800.0,1399.0,Credit Card,Delivered
ORD_00120,2023-03-16,2023-03-17,CUST_0068,Swati Kapoor,Female,37,Bhubaneswar,Odisha,East,STR_109,Patna Central Outlet,PRD_E09,boAt Rockerz 450,Electronics,Audio,boAt,1,1499.0,15.0,1274.15,800.0,474.15,UPI,Delivered
ORD_00121,2024-07-15,2024-07-19,CUST_0105,Dinesh Chauhan,Male,48,Guwahati,Assam,East,STR_109,Patna Central Outlet,PRD_H01,Philips Air Fryer XL 4.1L,Home & Kitchen,Appliances,Philips,1,8495.0,10.0,7645.5,4800.0,2845.5,Net Banking,Returned
ORD_00121,2024-07-15,2024-07-19,CUST_0105,Dinesh Chauhan,Male,48,Guwahati,Assam,East,STR_109,Patna Central Outlet,PRD_F09,6-Seater Solid Oak Dining Set,Furniture,Dining,Durian,1,38000.0,5.0,36100.0,24000.0,12100.0,Net Banking,Returned
ORD_00122,2023-03-18,2023-03-20,CUST_0166,Rakesh Patel,Male,37,Jaipur,Rajasthan,North,STR_104,Noida Cyber Express,PRD_F08,4-Door Wardrobe with Mirror,Furniture,Bedroom,Spacewood,1,25500.0,15.0,21675.0,16000.0,5675.0,UPI,Delivered
ORD_00123,2023-05-05,2023-05-07,CUST_0123,Mahesh Sharma,Male,43,Pune,Maharashtra,West,STR_101,Mumbai Flagship Store,PRD_E12,Logitech Mechanical Keyboard,Electronics,Accessories,Logitech,1,6495.0,5.0,6170.25,4500.0,1670.25,UPI,Delivered
ORD_00124,2023-03-18,2023-03-22,CUST_0297,Sunita Malhotra,Female,43,Pune,Maharashtra,West,STR_102,Pune Tech Hub Outlet,PRD_E14,SanDisk 1TB Portable SSD,Electronics,Storage,SanDisk,1,8499.0,0.0,8499.0,6000.0,2499.0,UPI,Delivered
ORD_00125,2023-03-18,2023-03-21,CUST_0141,Sunita Menon,Female,56,Lucknow,Uttar Pradesh,North,STR_103,Delhi Connaught Hub,PRD_E09,boAt Rockerz 450,Electronics,Audio,boAt,1,1499.0,0.0,1499.0,800.0,699.0,UPI,Delivered
ORD_00126,2023-07-07,2023-07-08,CUST_0051,Ananya Rao,Female,45,Mumbai,Maharashtra,West,STR_101,Mumbai Flagship Store,PRD_H05,Kent Grand Plus Water Purifier,Home & Kitchen,Appliances,Kent,1,14999.0,5.0,14249.05,9500.0,4749.05,Net Banking,Returned
ORD_00127,2023-09-16,2023-09-17,CUST_0092,Sara Patil,Female,32,Kochi,Kerala,South,STR_105,Bengaluru Indiranagar Mall,PRD_F01,Ergonomic Mesh Office Chair,Furniture,Chairs,Green Soul,2,12999.0,0.0,25998.0,15000.0,10998.0,UPI,Delivered
ORD_00128,2023-03-19,2023-03-21,CUST_0035,Swati Kapoor,Female,34,Kolkata,West Bengal,East,STR_108,Kolkata Park Street Store,PRD_H01,Philips Air Fryer XL 4.1L,Home & Kitchen,Appliances,Philips,2,8495.0,0.0,16990.0,9600.0,7390.0,Credit Card,Delivered
ORD_00128,2023-03-19,2023-03-21,CUST_0035,Swati Kapoor,Female,34,Kolkata,West Bengal,East,STR_108,Kolkata Park Street Store,PRD_E11,Logitech MX Master 3S Mouse,Electronics,Accessories,Logitech,1,8995.0,5.0,8545.25,6200.0,2345.25,Credit Card,Delivered
ORD_00129,2023-12-03,2023-12-07,CUST_0262,Pooja Thakur,Female,58,Pune,Maharashtra,West,STR_101,Mumbai Flagship Store,PRD_E06,OnePlus 12,Electronics,Smartphones,OnePlus,1,64999.0,0.0,64999.0,45000.0,19999.0,Credit Card,Delivered
ORD_00130,2023-10-08,2023-10-11,CUST_0092,Sara Patil,Female,32,Kochi,Kerala,South,STR_107,Chennai Express Store,PRD_F08,4-Door Wardrobe with Mirror,Furniture,Bedroom,Spacewood,1,25500.0,0.0,25500.0,16000.0,9500.0,Cash on Delivery (COD),Delivered
ORD_00131,2023-06-21,2023-06-26,CUST_0070,Aarav Joshi,Male,61,New Delhi,Delhi,North,STR_104,Noida Cyber Express,PRD_F08,4-Door Wardrobe with Mirror,Furniture,Bedroom,Spacewood,2,25500.0,0.0,51000.0,32000.0,19000.0,Credit Card,Delivered
ORD_00132,2024-03-16,2024-03-19,CUST_0121,Neha Deshmukh,Female,42,Hyderabad,Telangana,South,STR_107,Chennai Express Store,PRD_E06,OnePlus 12,Electronics,Smartphones,OnePlus,1,64999.0,15.0,55249.15,45000.0,10249.15,Debit Card,Delivered
ORD_00133,2023-03-20,2023-03-25,CUST_0205,Kavita Chatterjee,Female,48,Ahmedabad,Gujarat,West,STR_108,Kolkata Park Street Store,PRD_E08,Apple AirPods Pro 2,Electronics,Audio,Apple,1,22900.0,0.0,22900.0,16000.0,6900.0,Credit Card,Delivered
ORD_00133,2023-03-20,2023-03-25,CUST_0205,Kavita Chatterjee,Female,48,Ahmedabad,Gujarat,West,STR_108,Kolkata Park Street Store,PRD_H01,Philips Air Fryer XL 4.1L,Home & Kitchen,Appliances,Philips,1,8495.0,0.0,8495.0,4800.0,3695.0,Credit Card,Delivered
ORD_00133,2023-03-20,2023-03-25,CUST_0205,Kavita Chatterjee,Female,48,Ahmedabad,Gujarat,West,STR_108,Kolkata Park Street Store,PRD_E11,Logitech MX Master 3S Mouse,Electronics,Accessories,Logitech,1,8995.0,10.0,8095.5,6200.0,1895.5,Credit Card,Delivered
ORD_00134,2023-03-20,2023-03-22,CUST_0163,Aadhya Mehta,Female,56,Noida,Uttar Pradesh,North,STR_104,Noida Cyber Express,PRD_F01,Ergonomic Mesh Office Chair,Furniture,Chairs,Green Soul,1,12999.0,5.0,12349.05,7500.0,4849.05,UPI,Delivered
ORD_00135,2023-12-13,2023-12-14,CUST_0140,Meena Reddy,Female,37,Chennai,Tamil Nadu,South,STR_107,Chennai Express Store,PRD_E11,Logitech MX Master 3S Mouse,Electronics,Accessories,Logitech,2,8995.0,0.0,17990.0,12400.0,5590.0,Net Banking,Delivered
ORD_00136,2023-04-10,2023-04-13,CUST_0265,Alok Reddy,Male,51,New Delhi,Delhi,North,STR_104,Noida Cyber Express,PRD_E14,SanDisk 1TB Portable SSD,Electronics,Storage,SanDisk,2,8499.0,10.0,15298.2,12000.0,3298.2,Credit Card,Delivered
ORD_00137,2023-03-20,2023-03-23,CUST_0002,Diya Chatterjee,Female,55,Surat,Gujarat,West,STR_102,Pune Tech Hub Outlet,PRD_E11,Logitech MX Master 3S Mouse,Electronics,Accessories,Logitech,2,8995.0,20.0,14392.0,12400.0,1992.0,UPI,Delivered
ORD_00138,2023-12-05,2023-12-07,CUST_0306,Rajesh Das,Male,61,Pune,Maharashtra,West,STR_110,Ahmedabad SG Highway Store,PRD_E11,Logitech MX Master 3S Mouse,Electronics,Accessories,Logitech,1,8995.0,0.0,8995.0,6200.0,2795.0,UPI,Delivered
ORD_00139,2023-03-22,2023-03-26,CUST_0314,Sara Mehta,Female,30,New Delhi,Delhi,North,STR_103,Delhi Connaught Hub,PRD_H04,Dyson V8 Cordless Vacuum Cleaner,Home & Kitchen,Home Care,Dyson,1,29900.0,0.0,29900.0,19000.0,10900.0,Cash on Delivery (COD),Delivered
ORD_00140,2024-09-18,2024-09-22,CUST_0248,Rajendra Kapoor,Male,25,Surat,Gujarat,West,STR_102,Pune Tech Hub Outlet,PRD_F04,Solid Teak Wood Study Table,Furniture,Desks,Urban Ladder,1,14500.0,0.0,14500.0,9000.0,5500.0,UPI,Delivered
ORD_00141,2023-03-22,2023-03-24,CUST_0314,Sara Mehta,Female,30,New Delhi,Delhi,North,STR_104,Noida Cyber Express,PRD_E10,LG 27-inch 4K UHD Monitor,Electronics,Monitors,LG,1,28500.0,0.0,28500.0,21000.0,7500.0,Credit Card,Delivered
ORD_00142,2023-09-11,2023-09-12,CUST_0160,Nikhil Rao,Male,49,Patna,Bihar,East,STR_102,Pune Tech Hub Outlet,PRD_H01,Philips Air Fryer XL 4.1L,Home & Kitchen,Appliances,Philips,2,8495.0,5.0,16140.5,9600.0,6540.5,UPI,Delivered
ORD_00143,2024-03-01,2024-03-04,CUST_0012,Kusum Patel,Female,27,Jaipur,Rajasthan,North,STR_104,Noida Cyber Express,PRD_E07,Sony WH-1000XM5 Headphones,Electronics,Audio,Sony,1,28990.0,10.0,26091.0,20000.0,6091.0,UPI,Delivered
ORD_00144,2023-03-25,2023-03-30,CUST_0314,Sara Mehta,Female,30,New Delhi,Delhi,North,STR_103,Delhi Connaught Hub,PRD_E14,SanDisk 1TB Portable SSD,Electronics,Storage,SanDisk,1,8499.0,5.0,8074.05,6000.0,2074.05,UPI,Delivered
ORD_00145,2023-03-25,2023-03-28,CUST_0253,Meena Banerjee,Female,25,Patna,Bihar,East,STR_109,Patna Central Outlet,PRD_H03,Instant Pot Duo 7-in-1 Cooker,Home & Kitchen,Appliances,Instant Pot,1,9999.0,5.0,9499.05,5500.0,3999.05,Net Banking,Delivered
ORD_00146,2023-03-27,2023-03-28,CUST_0311,Vijay Saxena,Male,54,New Delhi,Delhi,North,STR_103,Delhi Connaught Hub,PRD_E08,Apple AirPods Pro 2,Electronics,Audio,Apple,1,22900.0,20.0,18320.0,16000.0,2320.0,Credit Card,Delivered
ORD_00147,2023-03-28,2023-04-01,CUST_0068,Swati Kapoor,Female,37,Bhubaneswar,Odisha,East,STR_108,Kolkata Park Street Store,PRD_C01,Men Slim Fit Formal Blazer,Clothing,Formal Wear,Raymond,2,5999.0,0.0,11998.0,5200.0,6798.0,Debit Card,Delivered
ORD_00148,2023-12-06,2023-12-09,CUST_0262,Pooja Thakur,Female,58,Pune,Maharashtra,West,STR_106,Hyderabad Hitech Outlet,PRD_E01,MacBook Air M2,Electronics,Laptops,Apple,1,94900.0,20.0,75920.0,72000.0,3920.0,UPI,Delivered
ORD_00149,2023-07-11,2023-07-14,CUST_0070,Aarav Joshi,Male,61,New Delhi,Delhi,North,STR_105,Bengaluru Indiranagar Mall,PRD_C07,Nike Air Zoom Pegasus Running Shoes,Clothing,Footwear,Nike,1,8995.0,5.0,8545.25,4200.0,4345.25,Credit Card,Cancelled
ORD_00150,2023-03-30,2023-04-01,CUST_0267,Priya Pandey,Female,56,Kolkata,West Bengal,East,STR_109,Patna Central Outlet,PRD_E06,OnePlus 12,Electronics,Smartphones,OnePlus,1,64999.0,5.0,61749.05,45000.0,16749.05,UPI,Delivered
ORD_00150,2023-03-30,2023-04-01,CUST_0267,Priya Pandey,Female,56,Kolkata,West Bengal,East,STR_109,Patna Central Outlet,PRD_C07,Nike Air Zoom Pegasus Running Shoes,Clothing,Footwear,Nike,2,8995.0,0.0,17990.0,8400.0,9590.0,UPI,Delivered
ORD_00151,2023-08-09,2023-08-14,CUST_0266,Kabir Iyer,Male,28,Chennai,Tamil Nadu,South,STR_105,Bengaluru Indiranagar Mall,PRD_E12,Logitech Mechanical Keyboard,Electronics,Accessories,Logitech,1,6495.0,15.0,5520.75,4500.0,1020.75,UPI,Delivered
ORD_00152,2023-03-30,2023-04-04,CUST_0122,Sunita Mishra,Female,37,Kolkata,West Bengal,East,STR_108,Kolkata Park Street Store,PRD_C02,Premium Egyptian Cotton Shirt,Clothing,Formal Wear,Louis Philippe,3,2499.0,0.0,7497.0,2850.0,4647.0,Credit Card,Returned
ORD_00153,2024-02-02,2024-02-04,CUST_0339,Myra Das,Female,54,Ahmedabad,Gujarat,West,STR_101,Mumbai Flagship Store,PRD_C06,Men Stretch Denim Jeans,Clothing,Casual Wear,Levi's,2,2999.0,0.0,5998.0,2200.0,3798.0,Debit Card,Delivered
ORD_00154,2024-10-20,2024-10-21,CUST_0193,Preeti Chatterjee,Female,58,Bengaluru,Karnataka,South,STR_102,Pune Tech Hub Outlet,PRD_E08,Apple AirPods Pro 2,Electronics,Audio,Apple,1,22900.0,5.0,21755.0,16000.0,5755.0,UPI,Returned
ORD_00155,2023-09-23,2023-09-26,CUST_0092,Sara Patil,Female,32,Kochi,Kerala,South,STR_106,Hyderabad Hitech Outlet,PRD_F03,Motorized Standing Desk,Furniture,Desks,ErgoSmart,1,26999.0,5.0,25649.05,18000.0,7649.05,UPI,Delivered
ORD_00155,2023-09-23,2023-09-26,CUST_0092,Sara Patil,Female,32,Kochi,Kerala,South,STR_106,Hyderabad Hitech Outlet,PRD_C03,Men Tapered Chinos,Clothing,Casual Wear,Allen Solly,1,2199.0,10.0,1979.1,800.0,1179.1,UPI,Delivered
ORD_00155,2023-09-23,2023-09-26,CUST_0092,Sara Patil,Female,32,Kochi,Kerala,South,STR_106,Hyderabad Hitech Outlet,PRD_F08,4-Door Wardrobe with Mirror,Furniture,Bedroom,Spacewood,1,25500.0,0.0,25500.0,16000.0,9500.0,UPI,Delivered
ORD_00156,2023-12-28,2023-12-29,CUST_0140,Meena Reddy,Female,37,Chennai,Tamil Nadu,South,STR_106,Hyderabad Hitech Outlet,PRD_H04,Dyson V8 Cordless Vacuum Cleaner,Home & Kitchen,Home Care,Dyson,1,29900.0,10.0,26910.0,19000.0,7910.0,Credit Card,Delivered
ORD_00157,2023-07-19,2023-07-24,CUST_0070,Aarav Joshi,Male,61,New Delhi,Delhi,North,STR_103,Delhi Connaught Hub,PRD_H01,Philips Air Fryer XL 4.1L,Home & Kitchen,Appliances,Philips,1,8495.0,20.0,6796.0,4800.0,1996.0,Credit Card,Delivered
ORD_00158,2023-11-11,2023-11-16,CUST_0262,Pooja Thakur,Female,58,Pune,Maharashtra,West,STR_101,Mumbai Flagship Store,PRD_H01,Philips Air Fryer XL 4.1L,Home & Kitchen,Appliances,Philips,1,8495.0,20.0,6796.0,4800.0,1996.0,Debit Card,Delivered
ORD_00159,2023-04-02,2023-04-04,CUST_0242,Riya Patel,Female,58,Gurugram,Haryana,North,STR_104,Noida Cyber Express,PRD_F02,Executive Leather Boss Chair,Furniture,Chairs,Featherlite,1,18500.0,0.0,18500.0,11000.0,7500.0,UPI,Delivered
ORD_00160,2023-04-02,2023-04-07,CUST_0035,Swati Kapoor,Female,34,Kolkata,West Bengal,East,STR_109,Patna Central Outlet,PRD_C02,Premium Egyptian Cotton Shirt,Clothing,Formal Wear,Louis Philippe,1,2499.0,0.0,2499.0,950.0,1549.0,UPI,Delivered
ORD_00161,2023-12-02,2023-12-04,CUST_0262,Pooja Thakur,Female,58,Pune,Maharashtra,West,STR_101,Mumbai Flagship Store,PRD_F09,6-Seater Solid Oak Dining Set,Furniture,Dining,Durian,1,38000.0,0.0,38000.0,24000.0,14000.0,UPI,Delivered
ORD_00162,2024-03-02,2024-03-03,CUST_0012,Kusum Patel,Female,27,Jaipur,Rajasthan,North,STR_103,Delhi Connaught Hub,PRD_E04,iPhone 15 Pro,Electronics,Smartphones,Apple,1,124900.0,5.0,118655.0,95000.0,23655.0,Credit Card,Delivered
ORD_00163,2023-12-13,2023-12-16,CUST_0140,Meena Reddy,Female,37,Chennai,Tamil Nadu,South,STR_106,Hyderabad Hitech Outlet,PRD_E07,Sony WH-1000XM5 Headphones,Electronics,Audio,Sony,1,28990.0,5.0,27540.5,20000.0,7540.5,UPI,Delivered
ORD_00163,2023-12-13,2023-12-16,CUST_0140,Meena Reddy,Female,37,Chennai,Tamil Nadu,South,STR_106,Hyderabad Hitech Outlet,PRD_C06,Men Stretch Denim Jeans,Clothing,Casual Wear,Levi's,2,2999.0,0.0,5998.0,2200.0,3798.0,UPI,Delivered
ORD_00164,2023-04-05,2023-04-06,CUST_0243,Kavita Joshi,Female,59,New Delhi,Delhi,North,STR_103,Delhi Connaught Hub,PRD_F01,Ergonomic Mesh Office Chair,Furniture,Chairs,Green Soul,2,12999.0,15.0,22098.3,15000.0,7098.3,UPI,Delivered
ORD_00164,2023-04-05,2023-04-06,CUST_0243,Kavita Joshi,Female,59,New Delhi,Delhi,North,STR_103,Delhi Connaught Hub,PRD_C10,UV Protected Polarized Sunglasses,Clothing,Accessories,Ray-Ban,1,3490.0,5.0,3315.5,1100.0,2215.5,UPI,Delivered
ORD_00165,2023-10-23,2023-10-27,CUST_0089,Ayaan Das,Male,60,Hyderabad,Telangana,South,STR_106,Hyderabad Hitech Outlet,PRD_F06,L-Shape Sectional Luxury Sofa,Furniture,Living Room,Godrej Interio,1,52000.0,5.0,49400.0,34000.0,15400.0,UPI,Delivered
ORD_00165,2023-10-23,2023-10-27,CUST_0089,Ayaan Das,Male,60,Hyderabad,Telangana,South,STR_106,Hyderabad Hitech Outlet,PRD_H04,Dyson V8 Cordless Vacuum Cleaner,Home & Kitchen,Home Care,Dyson,1,29900.0,10.0,26910.0,19000.0,7910.0,UPI,Delivered
ORD_00166,2023-12-21,2023-12-22,CUST_0155,Preeti Bhat,Female,49,Bhubaneswar,Odisha,East,STR_108,Kolkata Park Street Store,PRD_C06,Men Stretch Denim Jeans,Clothing,Casual Wear,Levi's,1,2999.0,10.0,2699.1,1100.0,1599.1,Net Banking,Delivered
ORD_00166,2023-12-21,2023-12-22,CUST_0155,Preeti Bhat,Female,49,Bhubaneswar,Odisha,East,STR_108,Kolkata Park Street Store,PRD_E11,Logitech MX Master 3S Mouse,Electronics,Accessories,Logitech,1,8995.0,0.0,8995.0,6200.0,2795.0,Net Banking,Delivered
ORD_00167,2023-04-06,2023-04-10,CUST_0034,Pooja Das,Female,56,Bhubaneswar,Odisha,East,STR_109,Patna Central Outlet,PRD_E13,TP-Link AX3000 Wi-Fi 6 Router,Electronics,Networking,TP-Link,2,4999.0,10.0,8998.2,6400.0,2598.2,Debit Card,Delivered
ORD_00168,2023-04-06,2023-04-08,CUST_0241,Muhammad Pandey,Male,36,Hyderabad,Telangana,South,STR_107,Chennai Express Store,PRD_E02,Dell XPS 13,Electronics,Laptops,Dell,1,85000.0,0.0,85000.0,65000.0,20000.0,Credit Card,Returned
ORD_00168,2023-04-06,2023-04-08,CUST_0241,Muhammad Pandey,Male,36,Hyderabad,Telangana,South,STR_107,Chennai Express Store,PRD_E09,boAt Rockerz 450,Electronics,Audio,boAt,1,1499.0,20.0,1199.2,800.0,399.2,Credit Card,Returned
ORD_00169,2023-04-07,2023-04-11,CUST_0241,Muhammad Pandey,Male,36,Hyderabad,Telangana,South,STR_108,Kolkata Park Street Store,PRD_C04,Women Silk Embroidered Kurta Set,Clothing,Ethnic Wear,Biba,1,3899.0,10.0,3509.1,1400.0,2109.1,UPI,Delivered
ORD_00170,2023-07-24,2023-07-28,CUST_0227,Arun Patel,Male,21,Kochi,Kerala,South,STR_107,Chennai Express Store,PRD_C07,Nike Air Zoom Pegasus Running Shoes,Clothing,Footwear,Nike,2,8995.0,0.0,17990.0,8400.0,9590.0,Credit Card,Delivered
ORD_00171,2024-04-29,2024-05-04,CUST_0257,Neha Patil,Female,35,Patna,Bihar,East,STR_109,Patna Central Outlet,PRD_C03,Men Tapered Chinos,Clothing,Casual Wear,Allen Solly,2,2199.0,5.0,4178.1,1600.0,2578.1,UPI,Delivered
ORD_00171,2024-04-29,2024-05-04,CUST_0257,Neha Patil,Female,35,Patna,Bihar,East,STR_109,Patna Central Outlet,PRD_E07,Sony WH-1000XM5 Headphones,Electronics,Audio,Sony,1,28990.0,5.0,27540.5,20000.0,7540.5,UPI,Delivered
ORD_00172,2023-07-18,2023-07-19,CUST_0051,Ananya Rao,Female,45,Mumbai,Maharashtra,West,STR_107,Chennai Express Store,PRD_C10,UV Protected Polarized Sunglasses,Clothing,Accessories,Ray-Ban,1,3490.0,5.0,3315.5,1100.0,2215.5,UPI,Delivered
ORD_00173,2024-09-19,2024-09-21,CUST_0248,Rajendra Kapoor,Male,25,Surat,Gujarat,West,STR_102,Pune Tech Hub Outlet,PRD_H04,Dyson V8 Cordless Vacuum Cleaner,Home & Kitchen,Home Care,Dyson,2,29900.0,10.0,53820.0,38000.0,15820.0,UPI,Delivered
ORD_00173,2024-09-19,2024-09-21,CUST_0248,Rajendra Kapoor,Male,25,Surat,Gujarat,West,STR_102,Pune Tech Hub Outlet,PRD_E03,HP Pavilion Gaming Laptop,Electronics,Laptops,HP,1,62000.0,0.0,62000.0,48000.0,14000.0,UPI,Delivered
ORD_00174,2024-07-12,2024-07-13,CUST_0184,Rashmi Thakur,Female,39,New Delhi,Delhi,North,STR_104,Noida Cyber Express,PRD_H02,Prestige 750W Mixer Grinder,Home & Kitchen,Appliances,Prestige,1,3890.0,0.0,3890.0,2100.0,1790.0,UPI,Delivered
ORD_00175,2024-10-28,2024-11-02,CUST_0217,Sunita Sharma,Female,59,Pune,Maharashtra,West,STR_102,Pune Tech Hub Outlet,PRD_H03,Instant Pot Duo 7-in-1 Cooker,Home & Kitchen,Appliances,Instant Pot,1,9999.0,0.0,9999.0,5500.0,4499.0,Net Banking,Delivered
ORD_00176,2023-04-09,2023-04-11,CUST_0199,Vijay Bose,Male,49,Surat,Gujarat,West,STR_102,Pune Tech Hub Outlet,PRD_F08,4-Door Wardrobe with Mirror,Furniture,Bedroom,Spacewood,2,25500.0,15.0,43350.0,32000.0,11350.0,UPI,Delivered
ORD_00177,2023-04-10,2023-04-12,CUST_0141,Sunita Menon,Female,56,Lucknow,Uttar Pradesh,North,STR_104,Noida Cyber Express,PRD_F08,4-Door Wardrobe with Mirror,Furniture,Bedroom,Spacewood,1,25500.0,20.0,20400.0,16000.0,4400.0,Credit Card,Delivered
ORD_00178,2023-04-10,2023-04-11,CUST_0325,Nikhil Bose,Male,39,Surat,Gujarat,West,STR_101,Mumbai Flagship Store,PRD_C10,UV Protected Polarized Sunglasses,Clothing,Accessories,Ray-Ban,1,3490.0,0.0,3490.0,1100.0,2390.0,Debit Card,Delivered
ORD_00179,2023-07-16,2023-07-21,CUST_0228,Rohit Singh,Male,44,Patna,Bihar,East,STR_108,Kolkata Park Street Store,PRD_E11,Logitech MX Master 3S Mouse,Electronics,Accessories,Logitech,2,8995.0,0.0,17990.0,12400.0,5590.0,Cash on Delivery (COD),Delivered
ORD_00180,2023-07-15,2023-07-16,CUST_0135,Aanya Patil,Female,54,Noida,Uttar Pradesh,North,STR_103,Delhi Connaught Hub,PRD_E02,Dell XPS 13,Electronics,Laptops,Dell,1,85000.0,15.0,72250.0,65000.0,7250.0,Credit Card,Delivered
ORD_00181,2023-04-11,2023-04-16,CUST_0249,Naveen Mishra,Male,53,Chennai,Tamil Nadu,South,STR_105,Bengaluru Indiranagar Mall,PRD_C09,Athletic Dry-Fit Tracksuit,Clothing,Activewear,Under Armour,1,3299.0,20.0,2639.2,1200.0,1439.2,Credit Card,Delivered
ORD_00182,2023-09-23,2023-09-27,CUST_0232,Rudra Gupta,Male,23,Pune,Maharashtra,West,STR_101,Mumbai Flagship Store,PRD_H04,Dyson V8 Cordless Vacuum Cleaner,Home & Kitchen,Home Care,Dyson,2,29900.0,0.0,59800.0,38000.0,21800.0,UPI,Delivered
ORD_00183,2023-07-03,2023-07-04,CUST_0227,Arun Patel,Male,21,Kochi,Kerala,South,STR_106,Hyderabad Hitech Outlet,PRD_F04,Solid Teak Wood Study Table,Furniture,Desks,Urban Ladder,1,14500.0,15.0,12325.0,9000.0,3325.0,UPI,Delivered
ORD_00183,2023-07-03,2023-07-04,CUST_0227,Arun Patel,Male,21,Kochi,Kerala,South,STR_106,Hyderabad Hitech Outlet,PRD_E05,Samsung Galaxy S24,Electronics,Smartphones,Samsung,1,79999.0,15.0,67999.15,60000.0,7999.15,UPI,Delivered
ORD_00184,2023-10-25,2023-10-27,CUST_0347,Anika Verma,Female,23,Gurugram,Haryana,North,STR_107,Chennai Express Store,PRD_H05,Kent Grand Plus Water Purifier,Home & Kitchen,Appliances,Kent,1,14999.0,0.0,14999.0,9500.0,5499.0,Cash on Delivery (COD),Delivered
ORD_00185,2023-04-12,2023-04-17,CUST_0311,Vijay Saxena,Male,54,New Delhi,Delhi,North,STR_104,Noida Cyber Express,PRD_H05,Kent Grand Plus Water Purifier,Home & Kitchen,Appliances,Kent,2,14999.0,10.0,26998.2,19000.0,7998.2,Credit Card,Delivered
ORD_00186,2023-06-28,2023-06-30,CUST_0070,Aarav Joshi,Male,61,New Delhi,Delhi,North,STR_104,Noida Cyber Express,PRD_C08,Puma UltraRide Sneakers,Clothing,Footwear,Puma,2,4999.0,0.0,9998.0,4400.0,5598.0,UPI,Delivered
ORD_00187,2023-07-03,2023-07-06,CUST_0227,Arun Patel,Male,21,Kochi,Kerala,South,STR_105,Bengaluru Indiranagar Mall,PRD_E04,iPhone 15 Pro,Electronics,Smartphones,Apple,1,124900.0,5.0,118655.0,95000.0,23655.0,Net Banking,Delivered
ORD_00188,2024-03-24,2024-03-26,CUST_0116,Rashmi Patil,Female,22,Bhubaneswar,Odisha,East,STR_108,Kolkata Park Street Store,PRD_F07,King Size Engineered Wood Bed,Furniture,Bedroom,Wakefit,1,24999.0,0.0,24999.0,15000.0,9999.0,Credit Card,Delivered
ORD_00189,2023-12-04,2023-12-07,CUST_0306,Rajesh Das,Male,61,Pune,Maharashtra,West,STR_102,Pune Tech Hub Outlet,PRD_F07,King Size Engineered Wood Bed,Furniture,Bedroom,Wakefit,1,24999.0,0.0,24999.0,15000.0,9999.0,Credit Card,Delivered
ORD_00190,2023-04-13,2023-04-16,CUST_0087,Sara Yadav,Female,48,Pune,Maharashtra,West,STR_110,Ahmedabad SG Highway Store,PRD_E03,HP Pavilion Gaming Laptop,Electronics,Laptops,HP,1,62000.0,5.0,58900.0,48000.0,10900.0,UPI,Delivered
ORD_00190,2023-04-13,2023-04-16,CUST_0087,Sara Yadav,Female,48,Pune,Maharashtra,West,STR_110,Ahmedabad SG Highway Store,PRD_E02,Dell XPS 13,Electronics,Laptops,Dell,1,85000.0,15.0,72250.0,65000.0,7250.0,UPI,Delivered
ORD_00191,2024-02-29,2024-03-04,CUST_0138,Naveen Mehta,Male,57,Patna,Bihar,East,STR_109,Patna Central Outlet,PRD_F04,Solid Teak Wood Study Table,Furniture,Desks,Urban Ladder,1,14500.0,10.0,13050.0,9000.0,4050.0,UPI,Delivered
ORD_00191,2024-02-29,2024-03-04,CUST_0138,Naveen Mehta,Male,57,Patna,Bihar,East,STR_109,Patna Central Outlet,PRD_C02,Premium Egyptian Cotton Shirt,Clothing,Formal Wear,Louis Philippe,1,2499.0,5.0,2374.05,950.0,1424.05,UPI,Delivered
ORD_00192,2023-07-22,2023-07-24,CUST_0051,Ananya Rao,Female,45,Mumbai,Maharashtra,West,STR_102,Pune Tech Hub Outlet,PRD_E07,Sony WH-1000XM5 Headphones,Electronics,Audio,Sony,1,28990.0,0.0,28990.0,20000.0,8990.0,Credit Card,Delivered
ORD_00192,2023-07-22,2023-07-24,CUST_0051,Ananya Rao,Female,45,Mumbai,Maharashtra,West,STR_102,Pune Tech Hub Outlet,PRD_C07,Nike Air Zoom Pegasus Running Shoes,Clothing,Footwear,Nike,1,8995.0,0.0,8995.0,4200.0,4795.0,Credit Card,Delivered
ORD_00193,2023-04-14,2023-04-16,CUST_0243,Kavita Joshi,Female,59,New Delhi,Delhi,North,STR_104,Noida Cyber Express,PRD_C01,Men Slim Fit Formal Blazer,Clothing,Formal Wear,Raymond,1,5999.0,5.0,5699.05,2600.0,3099.05,Credit Card,Delivered
ORD_00193,2023-04-14,2023-04-16,CUST_0243,Kavita Joshi,Female,59,New Delhi,Delhi,North,STR_104,Noida Cyber Express,PRD_F08,4-Door Wardrobe with Mirror,Furniture,Bedroom,Spacewood,1,25500.0,5.0,24225.0,16000.0,8225.0,Credit Card,Delivered
ORD_00193,2023-04-14,2023-04-16,CUST_0243,Kavita Joshi,Female,59,New Delhi,Delhi,North,STR_104,Noida Cyber Express,PRD_C02,Premium Egyptian Cotton Shirt,Clothing,Formal Wear,Louis Philippe,1,2499.0,10.0,2249.1,950.0,1299.1,Credit Card,Delivered
ORD_00194,2023-04-14,2023-04-19,CUST_0173,Vihaan Patel,Male,57,Jaipur,Rajasthan,North,STR_106,Hyderabad Hitech Outlet,PRD_F02,Executive Leather Boss Chair,Furniture,Chairs,Featherlite,2,18500.0,5.0,35150.0,22000.0,13150.0,UPI,Delivered
ORD_00195,2023-04-14,2023-04-19,CUST_0243,Kavita Joshi,Female,59,New Delhi,Delhi,North,STR_110,Ahmedabad SG Highway Store,PRD_F07,King Size Engineered Wood Bed,Furniture,Bedroom,Wakefit,1,24999.0,0.0,24999.0,15000.0,9999.0,Cash on Delivery (COD),Returned
ORD_00196,2024-01-22,2024-01-25,CUST_0221,Anita Pandey,Female,23,Patna,Bihar,East,STR_109,Patna Central Outlet,PRD_C07,Nike Air Zoom Pegasus Running Shoes,Clothing,Footwear,Nike,1,8995.0,10.0,8095.5,4200.0,3895.5,Net Banking,Delivered
ORD_00197,2023-04-16,2023-04-17,CUST_0274,Muhammad Gupta,Male,60,Noida,Uttar Pradesh,North,STR_103,Delhi Connaught Hub,PRD_E07,Sony WH-1000XM5 Headphones,Electronics,Audio,Sony,1,28990.0,0.0,28990.0,20000.0,8990.0,Credit Card,Delivered
ORD_00197,2023-04-16,2023-04-17,CUST_0274,Muhammad Gupta,Male,60,Noida,Uttar Pradesh,North,STR_103,Delhi Connaught Hub,PRD_C02,Premium Egyptian Cotton Shirt,Clothing,Formal Wear,Louis Philippe,1,2499.0,0.0,2499.0,950.0,1549.0,Credit Card,Delivered
ORD_00198,2023-04-16,2023-04-17,CUST_0273,Anita Chatterjee,Female,57,Hyderabad,Telangana,South,STR_105,Bengaluru Indiranagar Mall,PRD_F10,Geometric Minimalist Bookshelf,Furniture,Storage,Home Centre,1,7999.0,0.0,7999.0,4500.0,3499.0,Debit Card,Delivered
ORD_00199,2023-04-17,2023-04-19,CUST_0265,Alok Reddy,Male,51,New Delhi,Delhi,North,STR_103,Delhi Connaught Hub,PRD_F05,3-Seater Velvet Fabric Sofa,Furniture,Living Room,Wakefit,2,34999.0,0.0,69998.0,44000.0,25998.0,UPI,Delivered
ORD_00199,2023-04-17,2023-04-19,CUST_0265,Alok Reddy,Male,51,New Delhi,Delhi,North,STR_103,Delhi Connaught Hub,PRD_E10,LG 27-inch 4K UHD Monitor,Electronics,Monitors,LG,1,28500.0,0.0,28500.0,21000.0,7500.0,UPI,Delivered
ORD_00200,2024-11-02,2024-11-07,CUST_0198,Aanya Bhat,Female,29,Pune,Maharashtra,West,STR_110,Ahmedabad SG Highway Store,PRD_C07,Nike Air Zoom Pegasus Running Shoes,Clothing,Footwear,Nike,3,8995.0,5.0,25635.75,12600.0,13035.75,Cash on Delivery (COD),Delivered
ORD_00201,2024-06-17,2024-06-19,CUST_0184,Rashmi Thakur,Female,39,New Delhi,Delhi,North,STR_102,Pune Tech Hub Outlet,PRD_E14,SanDisk 1TB Portable SSD,Electronics,Storage,SanDisk,1,8499.0,0.0,8499.0,6000.0,2499.0,Credit Card,Delivered
ORD_00202,2023-07-31,2023-08-02,CUST_0135,Aanya Patil,Female,54,Noida,Uttar Pradesh,North,STR_103,Delhi Connaught Hub,PRD_F01,Ergonomic Mesh Office Chair,Furniture,Chairs,Green Soul,1,12999.0,5.0,12349.05,7500.0,4849.05,UPI,Delivered
ORD_00203,2023-04-17,2023-04-20,CUST_0220,Diya Saini,Female,61,Surat,Gujarat,West,STR_110,Ahmedabad SG Highway Store,PRD_E04,iPhone 15 Pro,Electronics,Smartphones,Apple,1,124900.0,5.0,118655.0,95000.0,23655.0,Debit Card,Delivered
ORD_00204,2023-04-17,2023-04-18,CUST_0314,Sara Mehta,Female,30,New Delhi,Delhi,North,STR_107,Chennai Express Store,PRD_F03,Motorized Standing Desk,Furniture,Desks,ErgoSmart,1,26999.0,5.0,25649.05,18000.0,7649.05,UPI,Delivered
ORD_00205,2023-12-28,2023-12-29,CUST_0140,Meena Reddy,Female,37,Chennai,Tamil Nadu,South,STR_106,Hyderabad Hitech Outlet,PRD_H02,Prestige 750W Mixer Grinder,Home & Kitchen,Appliances,Prestige,1,3890.0,5.0,3695.5,2100.0,1595.5,Debit Card,Delivered
ORD_00205,2023-12-28,2023-12-29,CUST_0140,Meena Reddy,Female,37,Chennai,Tamil Nadu,South,STR_106,Hyderabad Hitech Outlet,PRD_E10,LG 27-inch 4K UHD Monitor,Electronics,Monitors,LG,1,28500.0,5.0,27075.0,21000.0,6075.0,Debit Card,Delivered
ORD_00206,2023-04-18,2023-04-23,CUST_0141,Sunita Menon,Female,56,Lucknow,Uttar Pradesh,North,STR_107,Chennai Express Store,PRD_F05,3-Seater Velvet Fabric Sofa,Furniture,Living Room,Wakefit,2,34999.0,0.0,69998.0,44000.0,25998.0,UPI,Delivered
ORD_00207,2023-10-21,2023-10-26,CUST_0148,Meera Mehta,Female,33,Surat,Gujarat,West,STR_102,Pune Tech Hub Outlet,PRD_E10,LG 27-inch 4K UHD Monitor,Electronics,Monitors,LG,1,28500.0,5.0,27075.0,21000.0,6075.0,UPI,Delivered
ORD_00208,2023-04-18,2023-04-22,CUST_0044,Kiran Deshmukh,Male,62,Pune,Maharashtra,West,STR_109,Patna Central Outlet,PRD_F04,Solid Teak Wood Study Table,Furniture,Desks,Urban Ladder,1,14500.0,15.0,12325.0,9000.0,3325.0,UPI,Delivered
ORD_00209,2024-07-10,2024-07-13,CUST_0094,Riya Patil,Female,50,Hyderabad,Telangana,South,STR_107,Chennai Express Store,PRD_E06,OnePlus 12,Electronics,Smartphones,OnePlus,1,64999.0,0.0,64999.0,45000.0,19999.0,Credit Card,Delivered
ORD_00210,2023-04-19,2023-04-23,CUST_0242,Riya Patel,Female,58,Gurugram,Haryana,North,STR_104,Noida Cyber Express,PRD_F04,Solid Teak Wood Study Table,Furniture,Desks,Urban Ladder,1,14500.0,15.0,12325.0,9000.0,3325.0,Credit Card,Delivered
ORD_00211,2023-04-20,2023-04-24,CUST_0256,Rakesh Kapoor,Male,27,Kolkata,West Bengal,East,STR_109,Patna Central Outlet,PRD_H02,Prestige 750W Mixer Grinder,Home & Kitchen,Appliances,Prestige,2,3890.0,0.0,7780.0,4200.0,3580.0,Debit Card,Delivered
ORD_00211,2023-04-20,2023-04-24,CUST_0256,Rakesh Kapoor,Male,27,Kolkata,West Bengal,East,STR_109,Patna Central Outlet,PRD_C06,Men Stretch Denim Jeans,Clothing,Casual Wear,Levi's,2,2999.0,5.0,5698.1,2200.0,3498.1,Debit Card,Delivered
ORD_00212,2023-07-27,2023-07-30,CUST_0051,Ananya Rao,Female,45,Mumbai,Maharashtra,West,STR_110,Ahmedabad SG Highway Store,PRD_H04,Dyson V8 Cordless Vacuum Cleaner,Home & Kitchen,Home Care,Dyson,1,29900.0,0.0,29900.0,19000.0,10900.0,UPI,Delivered
ORD_00213,2024-10-26,2024-10-28,CUST_0328,Vihaan Patil,Male,46,Pune,Maharashtra,West,STR_110,Ahmedabad SG Highway Store,PRD_C08,Puma UltraRide Sneakers,Clothing,Footwear,Puma,2,4999.0,5.0,9498.1,4400.0,5098.1,UPI,Delivered
ORD_00213,2024-10-26,2024-10-28,CUST_0328,Vihaan Patil,Male,46,Pune,Maharashtra,West,STR_110,Ahmedabad SG Highway Store,PRD_E01,MacBook Air M2,Electronics,Laptops,Apple,1,94900.0,0.0,94900.0,72000.0,22900.0,UPI,Delivered
ORD_00214,2024-02-19,2024-02-24,CUST_0113,Rajendra Rao,Male,57,Mumbai,Maharashtra,West,STR_102,Pune Tech Hub Outlet,PRD_C05,Women Designer Georgette Saree,Clothing,Ethnic Wear,FabIndia,1,4999.0,0.0,4999.0,1800.0,3199.0,UPI,Delivered
ORD_00215,2023-04-24,2023-04-27,CUST_0077,Pari Menon,Female,22,Kolkata,West Bengal,East,STR_109,Patna Central Outlet,PRD_C01,Men Slim Fit Formal Blazer,Clothing,Formal Wear,Raymond,1,5999.0,5.0,5699.05,2600.0,3099.05,UPI,Delivered
ORD_00216,2024-03-13,2024-03-17,CUST_0116,Rashmi Patil,Female,22,Bhubaneswar,Odisha,East,STR_108,Kolkata Park Street Store,PRD_E11,Logitech MX Master 3S Mouse,Electronics,Accessories,Logitech,1,8995.0,15.0,7645.75,6200.0,1445.75,Debit Card,Returned
ORD_00216,2024-03-13,2024-03-17,CUST_0116,Rashmi Patil,Female,22,Bhubaneswar,Odisha,East,STR_108,Kolkata Park Street Store,PRD_F02,Executive Leather Boss Chair,Furniture,Chairs,Featherlite,2,18500.0,0.0,37000.0,22000.0,15000.0,Debit Card,Returned
ORD_00217,2023-09-15,2023-09-20,CUST_0337,Gaurav Malhotra,Male,30,Jaipur,Rajasthan,North,STR_104,Noida Cyber Express,PRD_F01,Ergonomic Mesh Office Chair,Furniture,Chairs,Green Soul,1,12999.0,15.0,11049.15,7500.0,3549.15,UPI,Delivered
ORD_00218,2023-12-07,2023-12-11,CUST_0155,Preeti Bhat,Female,49,Bhubaneswar,Odisha,East,STR_103,Delhi Connaught Hub,PRD_C01,Men Slim Fit Formal Blazer,Clothing,Formal Wear,Raymond,2,5999.0,0.0,11998.0,5200.0,6798.0,Cash on Delivery (COD),Delivered
ORD_00219,2024-07-16,2024-07-19,CUST_0105,Dinesh Chauhan,Male,48,Guwahati,Assam,East,STR_108,Kolkata Park Street Store,PRD_C08,Puma UltraRide Sneakers,Clothing,Footwear,Puma,1,4999.0,10.0,4499.1,2200.0,2299.1,Credit Card,Delivered
ORD_00219,2024-07-16,2024-07-19,CUST_0105,Dinesh Chauhan,Male,48,Guwahati,Assam,East,STR_108,Kolkata Park Street Store,PRD_E03,HP Pavilion Gaming Laptop,Electronics,Laptops,HP,1,62000.0,5.0,58900.0,48000.0,10900.0,Credit Card,Delivered
ORD_00220,2023-12-03,2023-12-07,CUST_0155,Preeti Bhat,Female,49,Bhubaneswar,Odisha,East,STR_108,Kolkata Park Street Store,PRD_E10,LG 27-inch 4K UHD Monitor,Electronics,Monitors,LG,1,28500.0,10.0,25650.0,21000.0,4650.0,Credit Card,Delivered
ORD_00221,2023-10-03,2023-10-04,CUST_0028,Alok Pillai,Male,61,Surat,Gujarat,West,STR_109,Patna Central Outlet,PRD_C10,UV Protected Polarized Sunglasses,Clothing,Accessories,Ray-Ban,2,3490.0,5.0,6631.0,2200.0,4431.0,Cash on Delivery (COD),Returned
ORD_00222,2024-06-01,2024-06-02,CUST_0281,Amit Singh,Male,52,Mumbai,Maharashtra,West,STR_109,Patna Central Outlet,PRD_E03,HP Pavilion Gaming Laptop,Electronics,Laptops,HP,1,62000.0,15.0,52700.0,48000.0,4700.0,Cash on Delivery (COD),Returned
ORD_00223,2023-04-27,2023-05-01,CUST_0249,Naveen Mishra,Male,53,Chennai,Tamil Nadu,South,STR_103,Delhi Connaught Hub,PRD_E13,TP-Link AX3000 Wi-Fi 6 Router,Electronics,Networking,TP-Link,1,4999.0,5.0,4749.05,3200.0,1549.05,Net Banking,Returned
ORD_00223,2023-04-27,2023-05-01,CUST_0249,Naveen Mishra,Male,53,Chennai,Tamil Nadu,South,STR_103,Delhi Connaught Hub,PRD_C08,Puma UltraRide Sneakers,Clothing,Footwear,Puma,1,4999.0,0.0,4999.0,2200.0,2799.0,Net Banking,Returned
ORD_00224,2023-12-25,2023-12-26,CUST_0155,Preeti Bhat,Female,49,Bhubaneswar,Odisha,East,STR_108,Kolkata Park Street Store,PRD_C08,Puma UltraRide Sneakers,Clothing,Footwear,Puma,2,4999.0,15.0,8498.3,4400.0,4098.3,UPI,Delivered
ORD_00224,2023-12-25,2023-12-26,CUST_0155,Preeti Bhat,Female,49,Bhubaneswar,Odisha,East,STR_108,Kolkata Park Street Store,PRD_E09,boAt Rockerz 450,Electronics,Audio,boAt,1,1499.0,5.0,1424.05,800.0,624.05,UPI,Delivered
ORD_00224,2023-12-25,2023-12-26,CUST_0155,Preeti Bhat,Female,49,Bhubaneswar,Odisha,East,STR_108,Kolkata Park Street Store,PRD_F09,6-Seater Solid Oak Dining Set,Furniture,Dining,Durian,2,38000.0,15.0,64600.0,48000.0,16600.0,UPI,Delivered
ORD_00225,2023-11-29,2023-12-03,CUST_0140,Meena Reddy,Female,37,Chennai,Tamil Nadu,South,STR_105,Bengaluru Indiranagar Mall,PRD_E10,LG 27-inch 4K UHD Monitor,Electronics,Monitors,LG,1,28500.0,5.0,27075.0,21000.0,6075.0,UPI,Cancelled
ORD_00226,2024-04-28,2024-05-03,CUST_0257,Neha Patil,Female,35,Patna,Bihar,East,STR_108,Kolkata Park Street Store,PRD_E05,Samsung Galaxy S24,Electronics,Smartphones,Samsung,1,79999.0,5.0,75999.05,60000.0,15999.05,UPI,Delivered
ORD_00227,2023-09-30,2023-10-01,CUST_0092,Sara Patil,Female,32,Kochi,Kerala,South,STR_106,Hyderabad Hitech Outlet,PRD_E05,Samsung Galaxy S24,Electronics,Smartphones,Samsung,1,79999.0,0.0,79999.0,60000.0,19999.0,Credit Card,Delivered
ORD_00228,2024-08-20,2024-08-21,CUST_0119,Ishaan Saini,Male,29,Kolkata,West Bengal,East,STR_108,Kolkata Park Street Store,PRD_F10,Geometric Minimalist Bookshelf,Furniture,Storage,Home Centre,1,7999.0,5.0,7599.05,4500.0,3099.05,Credit Card,Delivered
ORD_00229,2024-05-09,2024-05-12,CUST_0231,Ayaan Saini,Male,40,Patna,Bihar,East,STR_108,Kolkata Park Street Store,PRD_H01,Philips Air Fryer XL 4.1L,Home & Kitchen,Appliances,Philips,1,8495.0,0.0,8495.0,4800.0,3695.0,UPI,Delivered
ORD_00230,2024-07-29,2024-08-02,CUST_0036,Anita Rao,Female,49,Chennai,Tamil Nadu,South,STR_108,Kolkata Park Street Store,PRD_F05,3-Seater Velvet Fabric Sofa,Furniture,Living Room,Wakefit,1,34999.0,10.0,31499.1,22000.0,9499.1,UPI,Returned
ORD_00230,2024-07-29,2024-08-02,CUST_0036,Anita Rao,Female,49,Chennai,Tamil Nadu,South,STR_108,Kolkata Park Street Store,PRD_E03,HP Pavilion Gaming Laptop,Electronics,Laptops,HP,1,62000.0,0.0,62000.0,48000.0,14000.0,UPI,Returned
ORD_00231,2023-04-30,2023-05-01,CUST_0054,Sameer Verma,Male,24,Hyderabad,Telangana,South,STR_106,Hyderabad Hitech Outlet,PRD_C04,Women Silk Embroidered Kurta Set,Clothing,Ethnic Wear,Biba,1,3899.0,5.0,3704.05,1400.0,2304.05,Credit Card,Delivered
ORD_00232,2023-08-13,2023-08-18,CUST_0108,Sneha Yadav,Female,25,Patna,Bihar,East,STR_108,Kolkata Park Street Store,PRD_F01,Ergonomic Mesh Office Chair,Furniture,Chairs,Green Soul,1,12999.0,0.0,12999.0,7500.0,5499.0,Credit Card,Delivered
ORD_00233,2023-04-30,2023-05-03,CUST_0066,Swati Singh,Female,56,Surat,Gujarat,West,STR_101,Mumbai Flagship Store,PRD_H03,Instant Pot Duo 7-in-1 Cooker,Home & Kitchen,Appliances,Instant Pot,2,9999.0,10.0,17998.2,11000.0,6998.2,Cash on Delivery (COD),Delivered
ORD_00234,2023-04-30,2023-05-01,CUST_0249,Naveen Mishra,Male,53,Chennai,Tamil Nadu,South,STR_101,Mumbai Flagship Store,PRD_C02,Premium Egyptian Cotton Shirt,Clothing,Formal Wear,Louis Philippe,2,2499.0,5.0,4748.1,1900.0,2848.1,Credit Card,Delivered
ORD_00235,2024-01-22,2024-01-27,CUST_0218,Preeti Mishra,Female,59,Jaipur,Rajasthan,North,STR_104,Noida Cyber Express,PRD_E09,boAt Rockerz 450,Electronics,Audio,boAt,1,1499.0,0.0,1499.0,800.0,699.0,UPI,Cancelled
ORD_00236,2023-05-02,2023-05-04,CUST_0044,Kiran Deshmukh,Male,62,Pune,Maharashtra,West,STR_103,Delhi Connaught Hub,PRD_F01,Ergonomic Mesh Office Chair,Furniture,Chairs,Green Soul,1,12999.0,10.0,11699.1,7500.0,4199.1,Credit Card,Delivered
ORD_00236,2023-05-02,2023-05-04,CUST_0044,Kiran Deshmukh,Male,62,Pune,Maharashtra,West,STR_103,Delhi Connaught Hub,PRD_C02,Premium Egyptian Cotton Shirt,Clothing,Formal Wear,Louis Philippe,3,2499.0,5.0,7122.15,2850.0,4272.15,Credit Card,Delivered
ORD_00237,2023-05-02,2023-05-03,CUST_0241,Muhammad Pandey,Male,36,Hyderabad,Telangana,South,STR_106,Hyderabad Hitech Outlet,PRD_H05,Kent Grand Plus Water Purifier,Home & Kitchen,Appliances,Kent,1,14999.0,5.0,14249.05,9500.0,4749.05,UPI,Delivered
ORD_00238,2023-12-01,2023-12-05,CUST_0155,Preeti Bhat,Female,49,Bhubaneswar,Odisha,East,STR_108,Kolkata Park Street Store,PRD_H02,Prestige 750W Mixer Grinder,Home & Kitchen,Appliances,Prestige,1,3890.0,10.0,3501.0,2100.0,1401.0,Credit Card,Delivered
ORD_00239,2024-05-12,2024-05-13,CUST_0257,Neha Patil,Female,35,Patna,Bihar,East,STR_109,Patna Central Outlet,PRD_E11,Logitech MX Master 3S Mouse,Electronics,Accessories,Logitech,1,8995.0,0.0,8995.0,6200.0,2795.0,UPI,Delivered
ORD_00240,2023-05-02,2023-05-06,CUST_0166,Rakesh Patel,Male,37,Jaipur,Rajasthan,North,STR_103,Delhi Connaught Hub,PRD_C04,Women Silk Embroidered Kurta Set,Clothing,Ethnic Wear,Biba,1,3899.0,5.0,3704.05,1400.0,2304.05,UPI,Delivered
ORD_00241,2023-05-03,2023-05-04,CUST_0179,Mohan Saxena,Male,50,Pune,Maharashtra,West,STR_110,Ahmedabad SG Highway Store,PRD_C09,Athletic Dry-Fit Tracksuit,Clothing,Activewear,Under Armour,1,3299.0,0.0,3299.0,1200.0,2099.0,UPI,Returned
ORD_00242,2023-06-14,2023-06-16,CUST_0063,Pooja Pillai,Female,25,Chennai,Tamil Nadu,South,STR_107,Chennai Express Store,PRD_F08,4-Door Wardrobe with Mirror,Furniture,Bedroom,Spacewood,1,25500.0,5.0,24225.0,16000.0,8225.0,Debit Card,Delivered
ORD_00243,2023-06-13,2023-06-14,CUST_0219,Priya Saini,Female,60,Gurugram,Haryana,North,STR_103,Delhi Connaught Hub,PRD_C05,Women Designer Georgette Saree,Clothing,Ethnic Wear,FabIndia,1,4999.0,5.0,4749.05,1800.0,2949.05,Credit Card,Delivered
ORD_00243,2023-06-13,2023-06-14,CUST_0219,Priya Saini,Female,60,Gurugram,Haryana,North,STR_103,Delhi Connaught Hub,PRD_E01,MacBook Air M2,Electronics,Laptops,Apple,1,94900.0,0.0,94900.0,72000.0,22900.0,Credit Card,Delivered
ORD_00244,2023-05-04,2023-05-09,CUST_0229,Karthik Saxena,Male,27,Chennai,Tamil Nadu,South,STR_105,Bengaluru Indiranagar Mall,PRD_E10,LG 27-inch 4K UHD Monitor,Electronics,Monitors,LG,1,28500.0,10.0,25650.0,21000.0,4650.0,Credit Card,Delivered
ORD_00245,2024-03-06,2024-03-09,CUST_0197,Reyansh Joshi,Male,45,Bhubaneswar,Odisha,East,STR_103,Delhi Connaught Hub,PRD_C08,Puma UltraRide Sneakers,Clothing,Footwear,Puma,1,4999.0,15.0,4249.15,2200.0,2049.15,Debit Card,Returned
ORD_00246,2024-05-27,2024-05-29,CUST_0257,Neha Patil,Female,35,Patna,Bihar,East,STR_109,Patna Central Outlet,PRD_E13,TP-Link AX3000 Wi-Fi 6 Router,Electronics,Networking,TP-Link,1,4999.0,5.0,4749.05,3200.0,1549.05,UPI,Delivered
ORD_00247,2023-10-21,2023-10-23,CUST_0031,Meena Sharma,Female,44,Surat,Gujarat,West,STR_110,Ahmedabad SG Highway Store,PRD_C08,Puma UltraRide Sneakers,Clothing,Footwear,Puma,1,4999.0,0.0,4999.0,2200.0,2799.0,Debit Card,Delivered
ORD_00248,2023-11-02,2023-11-06,CUST_0246,Deepak Pandey,Male,58,Jaipur,Rajasthan,North,STR_104,Noida Cyber Express,PRD_F05,3-Seater Velvet Fabric Sofa,Furniture,Living Room,Wakefit,1,34999.0,10.0,31499.1,22000.0,9499.1,Net Banking,Delivered
ORD_00249,2024-07-12,2024-07-14,CUST_0105,Dinesh Chauhan,Male,48,Guwahati,Assam,East,STR_109,Patna Central Outlet,PRD_E02,Dell XPS 13,Electronics,Laptops,Dell,1,85000.0,10.0,76500.0,65000.0,11500.0,UPI,Delivered
ORD_00250,2023-05-08,2023-05-11,CUST_0056,Gaurav Patel,Male,25,Noida,Uttar Pradesh,North,STR_103,Delhi Connaught Hub,PRD_C10,UV Protected Polarized Sunglasses,Clothing,Accessories,Ray-Ban,2,3490.0,5.0,6631.0,2200.0,4431.0,Cash on Delivery (COD),Returned
ORD_00250,2023-05-08,2023-05-11,CUST_0056,Gaurav Patel,Male,25,Noida,Uttar Pradesh,North,STR_103,Delhi Connaught Hub,PRD_C09,Athletic Dry-Fit Tracksuit,Clothing,Activewear,Under Armour,3,3299.0,0.0,9897.0,3600.0,6297.0,Cash on Delivery (COD),Returned
ORD_00250,2023-05-08,2023-05-11,CUST_0056,Gaurav Patel,Male,25,Noida,Uttar Pradesh,North,STR_103,Delhi Connaught Hub,PRD_F07,King Size Engineered Wood Bed,Furniture,Bedroom,Wakefit,1,24999.0,0.0,24999.0,15000.0,9999.0,Cash on Delivery (COD),Returned
ORD_00251,2023-06-29,2023-06-30,CUST_0227,Arun Patel,Male,21,Kochi,Kerala,South,STR_107,Chennai Express Store,PRD_C08,Puma UltraRide Sneakers,Clothing,Footwear,Puma,2,4999.0,0.0,9998.0,4400.0,5598.0,UPI,Delivered
ORD_00252,2023-11-26,2023-12-01,CUST_0262,Pooja Thakur,Female,58,Pune,Maharashtra,West,STR_104,Noida Cyber Express,PRD_C04,Women Silk Embroidered Kurta Set,Clothing,Ethnic Wear,Biba,1,3899.0,5.0,3704.05,1400.0,2304.05,Debit Card,Delivered
ORD_00253,2024-03-06,2024-03-09,CUST_0316,Rajesh Menon,Male,59,New Delhi,Delhi,North,STR_103,Delhi Connaught Hub,PRD_F02,Executive Leather Boss Chair,Furniture,Chairs,Featherlite,2,18500.0,15.0,31450.0,22000.0,9450.0,UPI,Delivered
ORD_00254,2023-05-12,2023-05-15,CUST_0034,Pooja Das,Female,56,Bhubaneswar,Odisha,East,STR_108,Kolkata Park Street Store,PRD_H03,Instant Pot Duo 7-in-1 Cooker,Home & Kitchen,Appliances,Instant Pot,1,9999.0,0.0,9999.0,5500.0,4499.0,Cash on Delivery (COD),Delivered
ORD_00255,2023-05-12,2023-05-16,CUST_0054,Sameer Verma,Male,24,Hyderabad,Telangana,South,STR_101,Mumbai Flagship Store,PRD_F04,Solid Teak Wood Study Table,Furniture,Desks,Urban Ladder,1,14500.0,0.0,14500.0,9000.0,5500.0,Cash on Delivery (COD),Delivered
ORD_00256,2023-05-12,2023-05-16,CUST_0274,Muhammad Gupta,Male,60,Noida,Uttar Pradesh,North,STR_104,Noida Cyber Express,PRD_E13,TP-Link AX3000 Wi-Fi 6 Router,Electronics,Networking,TP-Link,1,4999.0,10.0,4499.1,3200.0,1299.1,UPI,Delivered
ORD_00257,2023-05-12,2023-05-15,CUST_0250,Naveen Kapoor,Male,60,Jaipur,Rajasthan,North,STR_106,Hyderabad Hitech Outlet,PRD_C09,Athletic Dry-Fit Tracksuit,Clothing,Activewear,Under Armour,3,3299.0,0.0,9897.0,3600.0,6297.0,Net Banking,Delivered
ORD_00257,2023-05-12,2023-05-15,CUST_0250,Naveen Kapoor,Male,60,Jaipur,Rajasthan,North,STR_106,Hyderabad Hitech Outlet,PRD_C03,Men Tapered Chinos,Clothing,Casual Wear,Allen Solly,2,2199.0,10.0,3958.2,1600.0,2358.2,Net Banking,Delivered
ORD_00258,2024-05-19,2024-05-22,CUST_0257,Neha Patil,Female,35,Patna,Bihar,East,STR_109,Patna Central Outlet,PRD_F08,4-Door Wardrobe with Mirror,Furniture,Bedroom,Spacewood,2,25500.0,5.0,48450.0,32000.0,16450.0,UPI,Delivered
ORD_00259,2024-03-02,2024-03-04,CUST_0113,Rajendra Rao,Male,57,Mumbai,Maharashtra,West,STR_110,Ahmedabad SG Highway Store,PRD_H04,Dyson V8 Cordless Vacuum Cleaner,Home & Kitchen,Home Care,Dyson,1,29900.0,10.0,26910.0,19000.0,7910.0,UPI,Delivered
ORD_00260,2024-06-10,2024-06-11,CUST_0281,Amit Singh,Male,52,Mumbai,Maharashtra,West,STR_101,Mumbai Flagship Store,PRD_H04,Dyson V8 Cordless Vacuum Cleaner,Home & Kitchen,Home Care,Dyson,1,29900.0,10.0,26910.0,19000.0,7910.0,UPI,Delivered
ORD_00261,2023-05-14,2023-05-18,CUST_0179,Mohan Saxena,Male,50,Pune,Maharashtra,West,STR_105,Bengaluru Indiranagar Mall,PRD_E02,Dell XPS 13,Electronics,Laptops,Dell,1,85000.0,0.0,85000.0,65000.0,20000.0,UPI,Returned
ORD_00262,2024-05-21,2024-05-23,CUST_0257,Neha Patil,Female,35,Patna,Bihar,East,STR_108,Kolkata Park Street Store,PRD_E14,SanDisk 1TB Portable SSD,Electronics,Storage,SanDisk,1,8499.0,5.0,8074.05,6000.0,2074.05,Credit Card,Returned
ORD_00263,2024-08-20,2024-08-25,CUST_0117,Rajesh Das,Male,31,Kochi,Kerala,South,STR_107,Chennai Express Store,PRD_E01,MacBook Air M2,Electronics,Laptops,Apple,1,94900.0,5.0,90155.0,72000.0,18155.0,Debit Card,Delivered
ORD_00263,2024-08-20,2024-08-25,CUST_0117,Rajesh Das,Male,31,Kochi,Kerala,South,STR_107,Chennai Express Store,PRD_C07,Nike Air Zoom Pegasus Running Shoes,Clothing,Footwear,Nike,4,8995.0,5.0,34181.0,16800.0,17381.0,Debit Card,Delivered
ORD_00263,2024-08-20,2024-08-25,CUST_0117,Rajesh Das,Male,31,Kochi,Kerala,South,STR_107,Chennai Express Store,PRD_F03,Motorized Standing Desk,Furniture,Desks,ErgoSmart,1,26999.0,5.0,25649.05,18000.0,7649.05,Debit Card,Delivered
ORD_00264,2023-05-15,2023-05-16,CUST_0242,Riya Patel,Female,58,Gurugram,Haryana,North,STR_103,Delhi Connaught Hub,PRD_C01,Men Slim Fit Formal Blazer,Clothing,Formal Wear,Raymond,1,5999.0,0.0,5999.0,2600.0,3399.0,Debit Card,Delivered
ORD_00265,2023-11-19,2023-11-20,CUST_0306,Rajesh Das,Male,61,Pune,Maharashtra,West,STR_101,Mumbai Flagship Store,PRD_C10,UV Protected Polarized Sunglasses,Clothing,Accessories,Ray-Ban,1,3490.0,0.0,3490.0,1100.0,2390.0,UPI,Delivered
ORD_00266,2023-05-15,2023-05-18,CUST_0122,Sunita Mishra,Female,37,Kolkata,West Bengal,East,STR_108,Kolkata Park Street Store,PRD_C08,Puma UltraRide Sneakers,Clothing,Footwear,Puma,1,4999.0,0.0,4999.0,2200.0,2799.0,Debit Card,Delivered
ORD_00267,2024-09-23,2024-09-27,CUST_0277,Suresh Patil,Male,39,Surat,Gujarat,West,STR_101,Mumbai Flagship Store,PRD_E05,Samsung Galaxy S24,Electronics,Smartphones,Samsung,1,79999.0,0.0,79999.0,60000.0,19999.0,UPI,Delivered
ORD_00267,2024-09-23,2024-09-27,CUST_0277,Suresh Patil,Male,39,Surat,Gujarat,West,STR_101,Mumbai Flagship Store,PRD_E12,Logitech Mechanical Keyboard,Electronics,Accessories,Logitech,2,6495.0,10.0,11691.0,9000.0,2691.0,UPI,Delivered
ORD_00268,2024-06-23,2024-06-25,CUST_0281,Amit Singh,Male,52,Mumbai,Maharashtra,West,STR_107,Chennai Express Store,PRD_C09,Athletic Dry-Fit Tracksuit,Clothing,Activewear,Under Armour,2,3299.0,10.0,5938.2,2400.0,3538.2,UPI,Delivered
ORD_00269,2023-05-18,2023-05-22,CUST_0242,Riya Patel,Female,58,Gurugram,Haryana,North,STR_104,Noida Cyber Express,PRD_H03,Instant Pot Duo 7-in-1 Cooker,Home & Kitchen,Appliances,Instant Pot,1,9999.0,0.0,9999.0,5500.0,4499.0,UPI,Delivered
ORD_00270,2023-05-18,2023-05-21,CUST_0304,Reyansh Mehta,Male,49,Patna,Bihar,East,STR_108,Kolkata Park Street Store,PRD_C09,Athletic Dry-Fit Tracksuit,Clothing,Activewear,Under Armour,2,3299.0,5.0,6268.1,2400.0,3868.1,Credit Card,Delivered
ORD_00270,2023-05-18,2023-05-21,CUST_0304,Reyansh Mehta,Male,49,Patna,Bihar,East,STR_108,Kolkata Park Street Store,PRD_C08,Puma UltraRide Sneakers,Clothing,Footwear,Puma,1,4999.0,0.0,4999.0,2200.0,2799.0,Credit Card,Delivered
ORD_00270,2023-05-18,2023-05-21,CUST_0304,Reyansh Mehta,Male,49,Patna,Bihar,East,STR_108,Kolkata Park Street Store,PRD_E14,SanDisk 1TB Portable SSD,Electronics,Storage,SanDisk,1,8499.0,5.0,8074.05,6000.0,2074.05,Credit Card,Delivered
ORD_00271,2023-05-19,2023-05-20,CUST_0127,Vikrant Banerjee,Male,44,Lucknow,Uttar Pradesh,North,STR_103,Delhi Connaught Hub,PRD_F03,Motorized Standing Desk,Furniture,Desks,ErgoSmart,1,26999.0,20.0,21599.2,18000.0,3599.2,Net Banking,Delivered
ORD_00272,2023-05-19,2023-05-23,CUST_0311,Vijay Saxena,Male,54,New Delhi,Delhi,North,STR_103,Delhi Connaught Hub,PRD_E12,Logitech Mechanical Keyboard,Electronics,Accessories,Logitech,1,6495.0,15.0,5520.75,4500.0,1020.75,UPI,Delivered
ORD_00273,2024-02-25,2024-02-28,CUST_0271,Shaurya Chatterjee,Male,34,Guwahati,Assam,East,STR_109,Patna Central Outlet,PRD_C01,Men Slim Fit Formal Blazer,Clothing,Formal Wear,Raymond,1,5999.0,10.0,5399.1,2600.0,2799.1,UPI,Delivered
ORD_00274,2023-05-20,2023-05-24,CUST_0179,Mohan Saxena,Male,50,Pune,Maharashtra,West,STR_102,Pune Tech Hub Outlet,PRD_F09,6-Seater Solid Oak Dining Set,Furniture,Dining,Durian,1,38000.0,0.0,38000.0,24000.0,14000.0,Credit Card,Delivered
ORD_00274,2023-05-20,2023-05-24,CUST_0179,Mohan Saxena,Male,50,Pune,Maharashtra,West,STR_102,Pune Tech Hub Outlet,PRD_F04,Solid Teak Wood Study Table,Furniture,Desks,Urban Ladder,2,14500.0,15.0,24650.0,18000.0,6650.0,Credit Card,Delivered
ORD_00275,2023-12-06,2023-12-07,CUST_0306,Rajesh Das,Male,61,Pune,Maharashtra,West,STR_102,Pune Tech Hub Outlet,PRD_E14,SanDisk 1TB Portable SSD,Electronics,Storage,SanDisk,1,8499.0,0.0,8499.0,6000.0,2499.0,Credit Card,Delivered
ORD_00276,2023-11-16,2023-11-20,CUST_0262,Pooja Thakur,Female,58,Pune,Maharashtra,West,STR_110,Ahmedabad SG Highway Store,PRD_C06,Men Stretch Denim Jeans,Clothing,Casual Wear,Levi's,1,2999.0,0.0,2999.0,1100.0,1899.0,UPI,Delivered
ORD_00277,2023-05-21,2023-05-25,CUST_0157,Ayaan Rao,Male,25,Bhubaneswar,Odisha,East,STR_101,Mumbai Flagship Store,PRD_H02,Prestige 750W Mixer Grinder,Home & Kitchen,Appliances,Prestige,1,3890.0,0.0,3890.0,2100.0,1790.0,UPI,Delivered
ORD_00278,2023-11-21,2023-11-26,CUST_0262,Pooja Thakur,Female,58,Pune,Maharashtra,West,STR_102,Pune Tech Hub Outlet,PRD_E10,LG 27-inch 4K UHD Monitor,Electronics,Monitors,LG,1,28500.0,0.0,28500.0,21000.0,7500.0,Net Banking,Delivered
ORD_00279,2023-05-23,2023-05-28,CUST_0056,Gaurav Patel,Male,25,Noida,Uttar Pradesh,North,STR_104,Noida Cyber Express,PRD_C01,Men Slim Fit Formal Blazer,Clothing,Formal Wear,Raymond,1,5999.0,10.0,5399.1,2600.0,2799.1,Cash on Delivery (COD),Delivered
ORD_00279,2023-05-23,2023-05-28,CUST_0056,Gaurav Patel,Male,25,Noida,Uttar Pradesh,North,STR_104,Noida Cyber Express,PRD_E11,Logitech MX Master 3S Mouse,Electronics,Accessories,Logitech,1,8995.0,20.0,7196.0,6200.0,996.0,Cash on Delivery (COD),Delivered
ORD_00279,2023-05-23,2023-05-28,CUST_0056,Gaurav Patel,Male,25,Noida,Uttar Pradesh,North,STR_104,Noida Cyber Express,PRD_F01,Ergonomic Mesh Office Chair,Furniture,Chairs,Green Soul,1,12999.0,5.0,12349.05,7500.0,4849.05,Cash on Delivery (COD),Delivered
ORD_00280,2023-05-23,2023-05-25,CUST_0192,Rajendra Joshi,Male,38,Guwahati,Assam,East,STR_108,Kolkata Park Street Store,PRD_E12,Logitech Mechanical Keyboard,Electronics,Accessories,Logitech,1,6495.0,15.0,5520.75,4500.0,1020.75,UPI,Delivered
ORD_00281,2023-05-23,2023-05-26,CUST_0314,Sara Mehta,Female,30,New Delhi,Delhi,North,STR_101,Mumbai Flagship Store,PRD_F03,Motorized Standing Desk,Furniture,Desks,ErgoSmart,1,26999.0,5.0,25649.05,18000.0,7649.05,UPI,Delivered
ORD_00282,2024-09-26,2024-09-28,CUST_0095,Dinesh Das,Male,53,Gurugram,Haryana,North,STR_104,Noida Cyber Express,PRD_E04,iPhone 15 Pro,Electronics,Smartphones,Apple,1,124900.0,10.0,112410.0,95000.0,17410.0,Credit Card,Delivered
ORD_00283,2023-05-24,2023-05-28,CUST_0325,Nikhil Bose,Male,39,Surat,Gujarat,West,STR_101,Mumbai Flagship Store,PRD_E12,Logitech Mechanical Keyboard,Electronics,Accessories,Logitech,1,6495.0,10.0,5845.5,4500.0,1345.5,Net Banking,Delivered
ORD_00283,2023-05-24,2023-05-28,CUST_0325,Nikhil Bose,Male,39,Surat,Gujarat,West,STR_101,Mumbai Flagship Store,PRD_H04,Dyson V8 Cordless Vacuum Cleaner,Home & Kitchen,Home Care,Dyson,1,29900.0,5.0,28405.0,19000.0,9405.0,Net Banking,Delivered
ORD_00283,2023-05-24,2023-05-28,CUST_0325,Nikhil Bose,Male,39,Surat,Gujarat,West,STR_101,Mumbai Flagship Store,PRD_F09,6-Seater Solid Oak Dining Set,Furniture,Dining,Durian,2,38000.0,10.0,68400.0,48000.0,20400.0,Net Banking,Delivered
ORD_00284,2023-05-24,2023-05-29,CUST_0141,Sunita Menon,Female,56,Lucknow,Uttar Pradesh,North,STR_103,Delhi Connaught Hub,PRD_E03,HP Pavilion Gaming Laptop,Electronics,Laptops,HP,1,62000.0,5.0,58900.0,48000.0,10900.0,Debit Card,Delivered
ORD_00284,2023-05-24,2023-05-29,CUST_0141,Sunita Menon,Female,56,Lucknow,Uttar Pradesh,North,STR_103,Delhi Connaught Hub,PRD_F04,Solid Teak Wood Study Table,Furniture,Desks,Urban Ladder,1,14500.0,0.0,14500.0,9000.0,5500.0,Debit Card,Delivered
ORD_00284,2023-05-24,2023-05-29,CUST_0141,Sunita Menon,Female,56,Lucknow,Uttar Pradesh,North,STR_103,Delhi Connaught Hub,PRD_C04,Women Silk Embroidered Kurta Set,Clothing,Ethnic Wear,Biba,3,3899.0,20.0,9357.6,4200.0,5157.6,Debit Card,Delivered
ORD_00285,2023-05-25,2023-05-30,CUST_0236,Meena Chauhan,Female,38,Kolkata,West Bengal,East,STR_109,Patna Central Outlet,PRD_E07,Sony WH-1000XM5 Headphones,Electronics,Audio,Sony,1,28990.0,5.0,27540.5,20000.0,7540.5,UPI,Delivered
ORD_00286,2023-05-25,2023-05-30,CUST_0127,Vikrant Banerjee,Male,44,Lucknow,Uttar Pradesh,North,STR_103,Delhi Connaught Hub,PRD_E14,SanDisk 1TB Portable SSD,Electronics,Storage,SanDisk,1,8499.0,0.0,8499.0,6000.0,2499.0,Credit Card,Delivered
ORD_00287,2023-06-29,2023-07-01,CUST_0024,Sandeep Rao,Male,54,Patna,Bihar,East,STR_109,Patna Central Outlet,PRD_E13,TP-Link AX3000 Wi-Fi 6 Router,Electronics,Networking,TP-Link,1,4999.0,5.0,4749.05,3200.0,1549.05,UPI,Delivered
ORD_00287,2023-06-29,2023-07-01,CUST_0024,Sandeep Rao,Male,54,Patna,Bihar,East,STR_109,Patna Central Outlet,PRD_E10,LG 27-inch 4K UHD Monitor,Electronics,Monitors,LG,1,28500.0,0.0,28500.0,21000.0,7500.0,UPI,Delivered
ORD_00287,2023-06-29,2023-07-01,CUST_0024,Sandeep Rao,Male,54,Patna,Bihar,East,STR_109,Patna Central Outlet,PRD_C06,Men Stretch Denim Jeans,Clothing,Casual Wear,Levi's,4,2999.0,0.0,11996.0,4400.0,7596.0,UPI,Delivered
ORD_00288,2024-05-22,2024-05-23,CUST_0257,Neha Patil,Female,35,Patna,Bihar,East,STR_108,Kolkata Park Street Store,PRD_E09,boAt Rockerz 450,Electronics,Audio,boAt,1,1499.0,0.0,1499.0,800.0,699.0,Net Banking,Delivered
ORD_00288,2024-05-22,2024-05-23,CUST_0257,Neha Patil,Female,35,Patna,Bihar,East,STR_108,Kolkata Park Street Store,PRD_H04,Dyson V8 Cordless Vacuum Cleaner,Home & Kitchen,Home Care,Dyson,2,29900.0,10.0,53820.0,38000.0,15820.0,Net Banking,Delivered
ORD_00289,2023-05-27,2023-05-29,CUST_0054,Sameer Verma,Male,24,Hyderabad,Telangana,South,STR_105,Bengaluru Indiranagar Mall,PRD_E09,boAt Rockerz 450,Electronics,Audio,boAt,1,1499.0,15.0,1274.15,800.0,474.15,Cash on Delivery (COD),Delivered
ORD_00290,2024-04-11,2024-04-13,CUST_0170,Dinesh Singh,Male,40,Patna,Bihar,East,STR_109,Patna Central Outlet,PRD_E07,Sony WH-1000XM5 Headphones,Electronics,Audio,Sony,1,28990.0,15.0,24641.5,20000.0,4641.5,Credit Card,Delivered
ORD_00291,2023-05-27,2023-05-28,CUST_0081,Anita Saxena,Female,35,Jaipur,Rajasthan,North,STR_101,Mumbai Flagship Store,PRD_F03,Motorized Standing Desk,Furniture,Desks,ErgoSmart,1,26999.0,20.0,21599.2,18000.0,3599.2,UPI,Delivered
ORD_00292,2023-05-27,2023-05-31,CUST_0035,Swati Kapoor,Female,34,Kolkata,West Bengal,East,STR_107,Chennai Express Store,PRD_E09,boAt Rockerz 450,Electronics,Audio,boAt,1,1499.0,5.0,1424.05,800.0,624.05,UPI,Delivered
ORD_00293,2024-10-11,2024-10-15,CUST_0193,Preeti Chatterjee,Female,58,Bengaluru,Karnataka,South,STR_107,Chennai Express Store,PRD_C08,Puma UltraRide Sneakers,Clothing,Footwear,Puma,1,4999.0,5.0,4749.05,2200.0,2549.05,UPI,Delivered
ORD_00294,2023-05-28,2023-05-31,CUST_0183,Shweta Saini,Female,24,Patna,Bihar,East,STR_109,Patna Central Outlet,PRD_F03,Motorized Standing Desk,Furniture,Desks,ErgoSmart,1,26999.0,0.0,26999.0,18000.0,8999.0,Debit Card,Delivered
ORD_00294,2023-05-28,2023-05-31,CUST_0183,Shweta Saini,Female,24,Patna,Bihar,East,STR_109,Patna Central Outlet,PRD_H02,Prestige 750W Mixer Grinder,Home & Kitchen,Appliances,Prestige,2,3890.0,5.0,7391.0,4200.0,3191.0,Debit Card,Delivered
ORD_00295,2023-05-28,2023-05-29,CUST_0314,Sara Mehta,Female,30,New Delhi,Delhi,North,STR_104,Noida Cyber Express,PRD_E08,Apple AirPods Pro 2,Electronics,Audio,Apple,1,22900.0,5.0,21755.0,16000.0,5755.0,Credit Card,Delivered
ORD_00296,2024-05-25,2024-05-28,CUST_0258,Rajesh Saxena,Male,46,Patna,Bihar,East,STR_108,Kolkata Park Street Store,PRD_C09,Athletic Dry-Fit Tracksuit,Clothing,Activewear,Under Armour,2,3299.0,10.0,5938.2,2400.0,3538.2,Credit Card,Delivered
ORD_00297,2023-05-29,2023-05-30,CUST_0128,Rudra Mishra,Male,40,Noida,Uttar Pradesh,North,STR_103,Delhi Connaught Hub,PRD_E09,boAt Rockerz 450,Electronics,Audio,boAt,1,1499.0,5.0,1424.05,800.0,624.05,Credit Card,Delivered
ORD_00298,2023-11-27,2023-12-01,CUST_0262,Pooja Thakur,Female,58,Pune,Maharashtra,West,STR_102,Pune Tech Hub Outlet,PRD_C05,Women Designer Georgette Saree,Clothing,Ethnic Wear,FabIndia,1,4999.0,0.0,4999.0,1800.0,3199.0,UPI,Delivered
ORD_00299,2023-07-26,2023-07-27,CUST_0227,Arun Patel,Male,21,Kochi,Kerala,South,STR_106,Hyderabad Hitech Outlet,PRD_C10,UV Protected Polarized Sunglasses,Clothing,Accessories,Ray-Ban,1,3490.0,10.0,3141.0,1100.0,2041.0,Net Banking,Delivered
ORD_00299,2023-07-26,2023-07-27,CUST_0227,Arun Patel,Male,21,Kochi,Kerala,South,STR_106,Hyderabad Hitech Outlet,PRD_E03,HP Pavilion Gaming Laptop,Electronics,Laptops,HP,1,62000.0,5.0,58900.0,48000.0,10900.0,Net Banking,Delivered
ORD_00300,2023-10-15,2023-10-20,CUST_0104,Vikrant Das,Male,56,Guwahati,Assam,East,STR_109,Patna Central Outlet,PRD_C02,Premium Egyptian Cotton Shirt,Clothing,Formal Wear,Louis Philippe,1,2499.0,5.0,2374.05,950.0,1424.05,Cash on Delivery (COD),Delivered
ORD_00300,2023-10-15,2023-10-20,CUST_0104,Vikrant Das,Male,56,Guwahati,Assam,East,STR_109,Patna Central Outlet,PRD_H04,Dyson V8 Cordless Vacuum Cleaner,Home & Kitchen,Home Care,Dyson,1,29900.0,0.0,29900.0,19000.0,10900.0,Cash on Delivery (COD),Delivered
ORD_00301,2023-12-16,2023-12-21,CUST_0140,Meena Reddy,Female,37,Chennai,Tamil Nadu,South,STR_105,Bengaluru Indiranagar Mall,PRD_F07,King Size Engineered Wood Bed,Furniture,Bedroom,Wakefit,2,24999.0,5.0,47498.1,30000.0,17498.1,Credit Card,Delivered
ORD_00302,2023-05-31,2023-06-04,CUST_0256,Rakesh Kapoor,Male,27,Kolkata,West Bengal,East,STR_109,Patna Central Outlet,PRD_E11,Logitech MX Master 3S Mouse,Electronics,Accessories,Logitech,1,8995.0,0.0,8995.0,6200.0,2795.0,Debit Card,Delivered
ORD_00303,2024-06-07,2024-06-12,CUST_0046,Sara Reddy,Female,29,Patna,Bihar,East,STR_108,Kolkata Park Street Store,PRD_E11,Logitech MX Master 3S Mouse,Electronics,Accessories,Logitech,1,8995.0,0.0,8995.0,6200.0,2795.0,UPI,Delivered
ORD_00304,2023-06-01,2023-06-02,CUST_0004,Kavita Kapoor,Female,56,Mumbai,Maharashtra,West,STR_110,Ahmedabad SG Highway Store,PRD_E02,Dell XPS 13,Electronics,Laptops,Dell,1,85000.0,5.0,80750.0,65000.0,15750.0,UPI,Delivered
ORD_00305,2023-10-08,2023-10-09,CUST_0089,Ayaan Das,Male,60,Hyderabad,Telangana,South,STR_106,Hyderabad Hitech Outlet,PRD_F08,4-Door Wardrobe with Mirror,Furniture,Bedroom,Spacewood,1,25500.0,10.0,22950.0,16000.0,6950.0,Credit Card,Delivered
ORD_00306,2023-07-22,2023-07-24,CUST_0227,Arun Patel,Male,21,Kochi,Kerala,South,STR_108,Kolkata Park Street Store,PRD_C08,Puma UltraRide Sneakers,Clothing,Footwear,Puma,2,4999.0,5.0,9498.1,4400.0,5098.1,Credit Card,Delivered
ORD_00306,2023-07-22,2023-07-24,CUST_0227,Arun Patel,Male,21,Kochi,Kerala,South,STR_108,Kolkata Park Street Store,PRD_E11,Logitech MX Master 3S Mouse,Electronics,Accessories,Logitech,2,8995.0,10.0,16191.0,12400.0,3791.0,Credit Card,Delivered
ORD_00307,2023-06-01,2023-06-05,CUST_0048,Dinesh Pandey,Male,24,Surat,Gujarat,West,STR_102,Pune Tech Hub Outlet,PRD_E12,Logitech Mechanical Keyboard,Electronics,Accessories,Logitech,1,6495.0,10.0,5845.5,4500.0,1345.5,UPI,Delivered
ORD_00307,2023-06-01,2023-06-05,CUST_0048,Dinesh Pandey,Male,24,Surat,Gujarat,West,STR_102,Pune Tech Hub Outlet,PRD_C10,UV Protected Polarized Sunglasses,Clothing,Accessories,Ray-Ban,1,3490.0,15.0,2966.5,1100.0,1866.5,UPI,Delivered
ORD_00308,2024-09-18,2024-09-22,CUST_0248,Rajendra Kapoor,Male,25,Surat,Gujarat,West,STR_102,Pune Tech Hub Outlet,PRD_C09,Athletic Dry-Fit Tracksuit,Clothing,Activewear,Under Armour,2,3299.0,10.0,5938.2,2400.0,3538.2,UPI,Delivered
ORD_00309,2023-12-13,2023-12-17,CUST_0140,Meena Reddy,Female,37,Chennai,Tamil Nadu,South,STR_105,Bengaluru Indiranagar Mall,PRD_F04,Solid Teak Wood Study Table,Furniture,Desks,Urban Ladder,1,14500.0,0.0,14500.0,9000.0,5500.0,Credit Card,Delivered
ORD_00310,2023-06-05,2023-06-06,CUST_0303,Rajesh Banerjee,Male,53,Ahmedabad,Gujarat,West,STR_102,Pune Tech Hub Outlet,PRD_E05,Samsung Galaxy S24,Electronics,Smartphones,Samsung,1,79999.0,10.0,71999.1,60000.0,11999.1,Debit Card,Delivered
ORD_00310,2023-06-05,2023-06-06,CUST_0303,Rajesh Banerjee,Male,53,Ahmedabad,Gujarat,West,STR_102,Pune Tech Hub Outlet,PRD_E06,OnePlus 12,Electronics,Smartphones,OnePlus,1,64999.0,5.0,61749.05,45000.0,16749.05,Debit Card,Delivered
ORD_00311,2023-06-21,2023-06-22,CUST_0070,Aarav Joshi,Male,61,New Delhi,Delhi,North,STR_103,Delhi Connaught Hub,PRD_E14,SanDisk 1TB Portable SSD,Electronics,Storage,SanDisk,1,8499.0,0.0,8499.0,6000.0,2499.0,UPI,Delivered
ORD_00311,2023-06-21,2023-06-22,CUST_0070,Aarav Joshi,Male,61,New Delhi,Delhi,North,STR_103,Delhi Connaught Hub,PRD_H01,Philips Air Fryer XL 4.1L,Home & Kitchen,Appliances,Philips,1,8495.0,5.0,8070.25,4800.0,3270.25,UPI,Delivered
ORD_00312,2023-06-05,2023-06-07,CUST_0265,Alok Reddy,Male,51,New Delhi,Delhi,North,STR_109,Patna Central Outlet,PRD_C06,Men Stretch Denim Jeans,Clothing,Casual Wear,Levi's,2,2999.0,10.0,5398.2,2200.0,3198.2,Credit Card,Delivered
ORD_00313,2023-06-06,2023-06-08,CUST_0242,Riya Patel,Female,58,Gurugram,Haryana,North,STR_104,Noida Cyber Express,PRD_E01,MacBook Air M2,Electronics,Laptops,Apple,1,94900.0,15.0,80665.0,72000.0,8665.0,UPI,Delivered
ORD_00314,2023-06-06,2023-06-10,CUST_0054,Sameer Verma,Male,24,Hyderabad,Telangana,South,STR_106,Hyderabad Hitech Outlet,PRD_C09,Athletic Dry-Fit Tracksuit,Clothing,Activewear,Under Armour,2,3299.0,10.0,5938.2,2400.0,3538.2,Credit Card,Delivered
ORD_00314,2023-06-06,2023-06-10,CUST_0054,Sameer Verma,Male,24,Hyderabad,Telangana,South,STR_106,Hyderabad Hitech Outlet,PRD_C10,UV Protected Polarized Sunglasses,Clothing,Accessories,Ray-Ban,2,3490.0,5.0,6631.0,2200.0,4431.0,Credit Card,Delivered
ORD_00315,2024-07-18,2024-07-20,CUST_0212,Preeti Das,Female,25,Noida,Uttar Pradesh,North,STR_103,Delhi Connaught Hub,PRD_C07,Nike Air Zoom Pegasus Running Shoes,Clothing,Footwear,Nike,2,8995.0,0.0,17990.0,8400.0,9590.0,UPI,Delivered
ORD_00316,2023-11-27,2023-12-01,CUST_0262,Pooja Thakur,Female,58,Pune,Maharashtra,West,STR_110,Ahmedabad SG Highway Store,PRD_E03,HP Pavilion Gaming Laptop,Electronics,Laptops,HP,1,62000.0,15.0,52700.0,48000.0,4700.0,Credit Card,Delivered
ORD_00317,2023-11-18,2023-11-20,CUST_0246,Deepak Pandey,Male,58,Jaipur,Rajasthan,North,STR_104,Noida Cyber Express,PRD_C01,Men Slim Fit Formal Blazer,Clothing,Formal Wear,Raymond,1,5999.0,0.0,5999.0,2600.0,3399.0,Debit Card,Delivered
ORD_00318,2023-12-05,2023-12-06,CUST_0306,Rajesh Das,Male,61,Pune,Maharashtra,West,STR_110,Ahmedabad SG Highway Store,PRD_F05,3-Seater Velvet Fabric Sofa,Furniture,Living Room,Wakefit,1,34999.0,15.0,29749.15,22000.0,7749.15,Credit Card,Delivered
ORD_00319,2023-06-12,2023-06-13,CUST_0039,Aarav Patel,Male,35,Pune,Maharashtra,West,STR_102,Pune Tech Hub Outlet,PRD_C06,Men Stretch Denim Jeans,Clothing,Casual Wear,Levi's,3,2999.0,5.0,8547.15,3300.0,5247.15,Cash on Delivery (COD),Delivered
ORD_00319,2023-06-12,2023-06-13,CUST_0039,Aarav Patel,Male,35,Pune,Maharashtra,West,STR_102,Pune Tech Hub Outlet,PRD_E05,Samsung Galaxy S24,Electronics,Smartphones,Samsung,1,79999.0,0.0,79999.0,60000.0,19999.0,Cash on Delivery (COD),Delivered
ORD_00320,2023-06-12,2023-06-17,CUST_0278,Pranav Das,Male,23,Bengaluru,Karnataka,South,STR_105,Bengaluru Indiranagar Mall,PRD_H03,Instant Pot Duo 7-in-1 Cooker,Home & Kitchen,Appliances,Instant Pot,1,9999.0,5.0,9499.05,5500.0,3999.05,UPI,Delivered
ORD_00321,2023-06-13,2023-06-15,CUST_0151,Atharva Saxena,Male,39,Gurugram,Haryana,North,STR_104,Noida Cyber Express,PRD_E12,Logitech Mechanical Keyboard,Electronics,Accessories,Logitech,1,6495.0,5.0,6170.25,4500.0,1670.25,Cash on Delivery (COD),Delivered
ORD_00321,2023-06-13,2023-06-15,CUST_0151,Atharva Saxena,Male,39,Gurugram,Haryana,North,STR_104,Noida Cyber Express,PRD_C10,UV Protected Polarized Sunglasses,Clothing,Accessories,Ray-Ban,2,3490.0,0.0,6980.0,2200.0,4780.0,Cash on Delivery (COD),Delivered
ORD_00322,2023-06-14,2023-06-18,CUST_0127,Vikrant Banerjee,Male,44,Lucknow,Uttar Pradesh,North,STR_103,Delhi Connaught Hub,PRD_E07,Sony WH-1000XM5 Headphones,Electronics,Audio,Sony,1,28990.0,0.0,28990.0,20000.0,8990.0,Debit Card,Delivered
ORD_00322,2023-06-14,2023-06-18,CUST_0127,Vikrant Banerjee,Male,44,Lucknow,Uttar Pradesh,North,STR_103,Delhi Connaught Hub,PRD_H02,Prestige 750W Mixer Grinder,Home & Kitchen,Appliances,Prestige,1,3890.0,5.0,3695.5,2100.0,1595.5,Debit Card,Delivered
ORD_00323,2024-02-10,2024-02-15,CUST_0010,Karthik Patel,Male,61,Bengaluru,Karnataka,South,STR_107,Chennai Express Store,PRD_E11,Logitech MX Master 3S Mouse,Electronics,Accessories,Logitech,1,8995.0,0.0,8995.0,6200.0,2795.0,UPI,Delivered
ORD_00324,2024-07-05,2024-07-06,CUST_0184,Rashmi Thakur,Female,39,New Delhi,Delhi,North,STR_104,Noida Cyber Express,PRD_E02,Dell XPS 13,Electronics,Laptops,Dell,1,85000.0,15.0,72250.0,65000.0,7250.0,UPI,Delivered
ORD_00324,2024-07-05,2024-07-06,CUST_0184,Rashmi Thakur,Female,39,New Delhi,Delhi,North,STR_104,Noida Cyber Express,PRD_H04,Dyson V8 Cordless Vacuum Cleaner,Home & Kitchen,Home Care,Dyson,2,29900.0,15.0,50830.0,38000.0,12830.0,UPI,Delivered
ORD_00325,2023-11-18,2023-11-23,CUST_0262,Pooja Thakur,Female,58,Pune,Maharashtra,West,STR_104,Noida Cyber Express,PRD_F08,4-Door Wardrobe with Mirror,Furniture,Bedroom,Spacewood,1,25500.0,0.0,25500.0,16000.0,9500.0,Credit Card,Delivered
ORD_00326,2023-07-22,2023-07-25,CUST_0227,Arun Patel,Male,21,Kochi,Kerala,South,STR_105,Bengaluru Indiranagar Mall,PRD_C02,Premium Egyptian Cotton Shirt,Clothing,Formal Wear,Louis Philippe,2,2499.0,5.0,4748.1,1900.0,2848.1,Debit Card,Delivered
ORD_00327,2024-02-29,2024-03-02,CUST_0316,Rajesh Menon,Male,59,New Delhi,Delhi,North,STR_103,Delhi Connaught Hub,PRD_E01,MacBook Air M2,Electronics,Laptops,Apple,1,94900.0,0.0,94900.0,72000.0,22900.0,Credit Card,Cancelled
ORD_00328,2023-06-14,2023-06-17,CUST_0243,Kavita Joshi,Female,59,New Delhi,Delhi,North,STR_104,Noida Cyber Express,PRD_E10,LG 27-inch 4K UHD Monitor,Electronics,Monitors,LG,1,28500.0,0.0,28500.0,21000.0,7500.0,UPI,Delivered
ORD_00329,2023-06-14,2023-06-16,CUST_0241,Muhammad Pandey,Male,36,Hyderabad,Telangana,South,STR_105,Bengaluru Indiranagar Mall,PRD_F03,Motorized Standing Desk,Furniture,Desks,ErgoSmart,2,26999.0,15.0,45898.3,36000.0,9898.3,Debit Card,Delivered
ORD_00329,2023-06-14,2023-06-16,CUST_0241,Muhammad Pandey,Male,36,Hyderabad,Telangana,South,STR_105,Bengaluru Indiranagar Mall,PRD_H02,Prestige 750W Mixer Grinder,Home & Kitchen,Appliances,Prestige,1,3890.0,5.0,3695.5,2100.0,1595.5,Debit Card,Delivered
ORD_00330,2023-10-17,2023-10-19,CUST_0089,Ayaan Das,Male,60,Hyderabad,Telangana,South,STR_105,Bengaluru Indiranagar Mall,PRD_E06,OnePlus 12,Electronics,Smartphones,OnePlus,1,64999.0,5.0,61749.05,45000.0,16749.05,Credit Card,Delivered
ORD_00330,2023-10-17,2023-10-19,CUST_0089,Ayaan Das,Male,60,Hyderabad,Telangana,South,STR_105,Bengaluru Indiranagar Mall,PRD_F04,Solid Teak Wood Study Table,Furniture,Desks,Urban Ladder,1,14500.0,0.0,14500.0,9000.0,5500.0,Credit Card,Delivered
ORD_00331,2023-09-21,2023-09-25,CUST_0092,Sara Patil,Female,32,Kochi,Kerala,South,STR_107,Chennai Express Store,PRD_H05,Kent Grand Plus Water Purifier,Home & Kitchen,Appliances,Kent,1,14999.0,10.0,13499.1,9500.0,3999.1,Credit Card,Delivered
ORD_00332,2024-03-12,2024-03-14,CUST_0113,Rajendra Rao,Male,57,Mumbai,Maharashtra,West,STR_109,Patna Central Outlet,PRD_C05,Women Designer Georgette Saree,Clothing,Ethnic Wear,FabIndia,2,4999.0,0.0,9998.0,3600.0,6398.0,UPI,Delivered
ORD_00332,2024-03-12,2024-03-14,CUST_0113,Rajendra Rao,Male,57,Mumbai,Maharashtra,West,STR_109,Patna Central Outlet,PRD_F07,King Size Engineered Wood Bed,Furniture,Bedroom,Wakefit,1,24999.0,10.0,22499.1,15000.0,7499.1,UPI,Delivered
ORD_00332,2024-03-12,2024-03-14,CUST_0113,Rajendra Rao,Male,57,Mumbai,Maharashtra,West,STR_109,Patna Central Outlet,PRD_E05,Samsung Galaxy S24,Electronics,Smartphones,Samsung,1,79999.0,0.0,79999.0,60000.0,19999.0,UPI,Delivered
ORD_00333,2023-07-01,2023-07-03,CUST_0227,Arun Patel,Male,21,Kochi,Kerala,South,STR_107,Chennai Express Store,PRD_F08,4-Door Wardrobe with Mirror,Furniture,Bedroom,Spacewood,1,25500.0,0.0,25500.0,16000.0,9500.0,Credit Card,Delivered
ORD_00333,2023-07-01,2023-07-03,CUST_0227,Arun Patel,Male,21,Kochi,Kerala,South,STR_107,Chennai Express Store,PRD_F03,Motorized Standing Desk,Furniture,Desks,ErgoSmart,1,26999.0,5.0,25649.05,18000.0,7649.05,Credit Card,Delivered
ORD_00334,2023-06-17,2023-06-21,CUST_0241,Muhammad Pandey,Male,36,Hyderabad,Telangana,South,STR_106,Hyderabad Hitech Outlet,PRD_H01,Philips Air Fryer XL 4.1L,Home & Kitchen,Appliances,Philips,1,8495.0,15.0,7220.75,4800.0,2420.75,UPI,Delivered
ORD_00335,2023-06-29,2023-06-30,CUST_0051,Ananya Rao,Female,45,Mumbai,Maharashtra,West,STR_102,Pune Tech Hub Outlet,PRD_H04,Dyson V8 Cordless Vacuum Cleaner,Home & Kitchen,Home Care,Dyson,1,29900.0,5.0,28405.0,19000.0,9405.0,Credit Card,Delivered
ORD_00336,2023-06-17,2023-06-21,CUST_0314,Sara Mehta,Female,30,New Delhi,Delhi,North,STR_103,Delhi Connaught Hub,PRD_E14,SanDisk 1TB Portable SSD,Electronics,Storage,SanDisk,1,8499.0,10.0,7649.1,6000.0,1649.1,Net Banking,Delivered
ORD_00337,2024-02-14,2024-02-18,CUST_0013,Sunita Deshmukh,Female,31,Chennai,Tamil Nadu,South,STR_106,Hyderabad Hitech Outlet,PRD_F02,Executive Leather Boss Chair,Furniture,Chairs,Featherlite,1,18500.0,15.0,15725.0,11000.0,4725.0,Credit Card,Delivered
ORD_00338,2023-06-18,2023-06-22,CUST_0056,Gaurav Patel,Male,25,Noida,Uttar Pradesh,North,STR_103,Delhi Connaught Hub,PRD_C01,Men Slim Fit Formal Blazer,Clothing,Formal Wear,Raymond,1,5999.0,10.0,5399.1,2600.0,2799.1,Debit Card,Delivered
ORD_00339,2024-10-30,2024-10-31,CUST_0198,Aanya Bhat,Female,29,Pune,Maharashtra,West,STR_101,Mumbai Flagship Store,PRD_C10,UV Protected Polarized Sunglasses,Clothing,Accessories,Ray-Ban,1,3490.0,5.0,3315.5,1100.0,2215.5,UPI,Delivered
ORD_00339,2024-10-30,2024-10-31,CUST_0198,Aanya Bhat,Female,29,Pune,Maharashtra,West,STR_101,Mumbai Flagship Store,PRD_E13,TP-Link AX3000 Wi-Fi 6 Router,Electronics,Networking,TP-Link,1,4999.0,0.0,4999.0,3200.0,1799.0,UPI,Delivered
ORD_00340,2024-06-25,2024-06-27,CUST_0184,Rashmi Thakur,Female,39,New Delhi,Delhi,North,STR_104,Noida Cyber Express,PRD_E09,boAt Rockerz 450,Electronics,Audio,boAt,1,1499.0,20.0,1199.2,800.0,399.2,UPI,Delivered
ORD_00341,2023-06-21,2023-06-25,CUST_0054,Sameer Verma,Male,24,Hyderabad,Telangana,South,STR_107,Chennai Express Store,PRD_F06,L-Shape Sectional Luxury Sofa,Furniture,Living Room,Godrej Interio,1,52000.0,5.0,49400.0,34000.0,15400.0,Credit Card,Delivered
ORD_00341,2023-06-21,2023-06-25,CUST_0054,Sameer Verma,Male,24,Hyderabad,Telangana,South,STR_107,Chennai Express Store,PRD_E09,boAt Rockerz 450,Electronics,Audio,boAt,2,1499.0,0.0,2998.0,1600.0,1398.0,Credit Card,Delivered
ORD_00342,2023-11-30,2023-12-04,CUST_0262,Pooja Thakur,Female,58,Pune,Maharashtra,West,STR_105,Bengaluru Indiranagar Mall,PRD_C06,Men Stretch Denim Jeans,Clothing,Casual Wear,Levi's,1,2999.0,20.0,2399.2,1100.0,1299.2,Credit Card,Delivered
ORD_00343,2024-05-01,2024-05-02,CUST_0186,Aadhya Nair,Female,56,Mumbai,Maharashtra,West,STR_102,Pune Tech Hub Outlet,PRD_F09,6-Seater Solid Oak Dining Set,Furniture,Dining,Durian,1,38000.0,0.0,38000.0,24000.0,14000.0,Credit Card,Delivered
ORD_00344,2023-06-21,2023-06-24,CUST_0332,Diya Mishra,Female,49,Bhubaneswar,Odisha,East,STR_106,Hyderabad Hitech Outlet,PRD_C04,Women Silk Embroidered Kurta Set,Clothing,Ethnic Wear,Biba,3,3899.0,10.0,10527.3,4200.0,6327.3,Net Banking,Delivered
ORD_00345,2024-11-20,2024-11-24,CUST_0198,Aanya Bhat,Female,29,Pune,Maharashtra,West,STR_109,Patna Central Outlet,PRD_E11,Logitech MX Master 3S Mouse,Electronics,Accessories,Logitech,1,8995.0,15.0,7645.75,6200.0,1445.75,UPI,Delivered
ORD_00346,2023-06-21,2023-06-25,CUST_0267,Priya Pandey,Female,56,Kolkata,West Bengal,East,STR_108,Kolkata Park Street Store,PRD_E05,Samsung Galaxy S24,Electronics,Smartphones,Samsung,1,79999.0,5.0,75999.05,60000.0,15999.05,Credit Card,Delivered
ORD_00347,2023-06-22,2023-06-24,CUST_0076,Kiran Chauhan,Male,36,New Delhi,Delhi,North,STR_103,Delhi Connaught Hub,PRD_H01,Philips Air Fryer XL 4.1L,Home & Kitchen,Appliances,Philips,1,8495.0,0.0,8495.0,4800.0,3695.0,Cash on Delivery (COD),Cancelled
ORD_00348,2023-06-22,2023-06-23,CUST_0242,Riya Patel,Female,58,Gurugram,Haryana,North,STR_106,Hyderabad Hitech Outlet,PRD_E14,SanDisk 1TB Portable SSD,Electronics,Storage,SanDisk,2,8499.0,0.0,16998.0,12000.0,4998.0,Cash on Delivery (COD),Delivered
ORD_00349,2023-11-03,2023-11-04,CUST_0246,Deepak Pandey,Male,58,Jaipur,Rajasthan,North,STR_103,Delhi Connaught Hub,PRD_C06,Men Stretch Denim Jeans,Clothing,Casual Wear,Levi's,1,2999.0,0.0,2999.0,1100.0,1899.0,Cash on Delivery (COD),Delivered
ORD_00350,2023-06-23,2023-06-24,CUST_0166,Rakesh Patel,Male,37,Jaipur,Rajasthan,North,STR_105,Bengaluru Indiranagar Mall,PRD_C10,UV Protected Polarized Sunglasses,Clothing,Accessories,Ray-Ban,1,3490.0,0.0,3490.0,1100.0,2390.0,Cash on Delivery (COD),Delivered
ORD_00351,2023-06-24,2023-06-29,CUST_0026,Rajesh Singh,Male,48,Bengaluru,Karnataka,South,STR_105,Bengaluru Indiranagar Mall,PRD_C08,Puma UltraRide Sneakers,Clothing,Footwear,Puma,4,4999.0,10.0,17996.4,8800.0,9196.4,UPI,Delivered
ORD_00352,2024-09-15,2024-09-19,CUST_0201,Kiran Bose,Male,25,New Delhi,Delhi,North,STR_103,Delhi Connaught Hub,PRD_E08,Apple AirPods Pro 2,Electronics,Audio,Apple,1,22900.0,15.0,19465.0,16000.0,3465.0,UPI,Delivered
ORD_00352,2024-09-15,2024-09-19,CUST_0201,Kiran Bose,Male,25,New Delhi,Delhi,North,STR_103,Delhi Connaught Hub,PRD_C01,Men Slim Fit Formal Blazer,Clothing,Formal Wear,Raymond,1,5999.0,0.0,5999.0,2600.0,3399.0,UPI,Delivered
ORD_00352,2024-09-15,2024-09-19,CUST_0201,Kiran Bose,Male,25,New Delhi,Delhi,North,STR_103,Delhi Connaught Hub,PRD_C06,Men Stretch Denim Jeans,Clothing,Casual Wear,Levi's,1,2999.0,5.0,2849.05,1100.0,1749.05,UPI,Delivered
ORD_00353,2023-06-26,2023-06-28,CUST_0278,Pranav Das,Male,23,Bengaluru,Karnataka,South,STR_107,Chennai Express Store,PRD_E03,HP Pavilion Gaming Laptop,Electronics,Laptops,HP,1,62000.0,0.0,62000.0,48000.0,14000.0,UPI,Delivered
ORD_00354,2023-06-27,2023-07-02,CUST_0082,Sara Rao,Female,38,Hyderabad,Telangana,South,STR_101,Mumbai Flagship Store,PRD_E07,Sony WH-1000XM5 Headphones,Electronics,Audio,Sony,1,28990.0,20.0,23192.0,20000.0,3192.0,UPI,Delivered
ORD_00355,2024-07-03,2024-07-08,CUST_0184,Rashmi Thakur,Female,39,New Delhi,Delhi,North,STR_103,Delhi Connaught Hub,PRD_E05,Samsung Galaxy S24,Electronics,Smartphones,Samsung,1,79999.0,20.0,63999.2,60000.0,3999.2,Credit Card,Delivered
ORD_00356,2023-06-28,2023-07-01,CUST_0063,Pooja Pillai,Female,25,Chennai,Tamil Nadu,South,STR_106,Hyderabad Hitech Outlet,PRD_C03,Men Tapered Chinos,Clothing,Casual Wear,Allen Solly,3,2199.0,0.0,6597.0,2400.0,4197.0,Credit Card,Delivered
ORD_00357,2023-06-29,2023-07-04,CUST_0131,Kabir Banerjee,Male,59,Bengaluru,Karnataka,South,STR_105,Bengaluru Indiranagar Mall,PRD_E14,SanDisk 1TB Portable SSD,Electronics,Storage,SanDisk,1,8499.0,5.0,8074.05,6000.0,2074.05,UPI,Delivered
ORD_00358,2023-09-13,2023-09-17,CUST_0092,Sara Patil,Female,32,Kochi,Kerala,South,STR_105,Bengaluru Indiranagar Mall,PRD_C04,Women Silk Embroidered Kurta Set,Clothing,Ethnic Wear,Biba,2,3899.0,15.0,6628.3,2800.0,3828.3,UPI,Delivered
ORD_00359,2024-05-05,2024-05-07,CUST_0257,Neha Patil,Female,35,Patna,Bihar,East,STR_103,Delhi Connaught Hub,PRD_C07,Nike Air Zoom Pegasus Running Shoes,Clothing,Footwear,Nike,1,8995.0,10.0,8095.5,4200.0,3895.5,Debit Card,Delivered
ORD_00359,2024-05-05,2024-05-07,CUST_0257,Neha Patil,Female,35,Patna,Bihar,East,STR_103,Delhi Connaught Hub,PRD_F10,Geometric Minimalist Bookshelf,Furniture,Storage,Home Centre,1,7999.0,20.0,6399.2,4500.0,1899.2,Debit Card,Delivered
ORD_00360,2023-07-02,2023-07-05,CUST_0282,Pari Gupta,Female,55,Kochi,Kerala,South,STR_105,Bengaluru Indiranagar Mall,PRD_F08,4-Door Wardrobe with Mirror,Furniture,Bedroom,Spacewood,1,25500.0,5.0,24225.0,16000.0,8225.0,UPI,Delivered
ORD_00361,2023-09-04,2023-09-08,CUST_0093,Mohan Thakur,Male,40,Mumbai,Maharashtra,West,STR_109,Patna Central Outlet,PRD_C05,Women Designer Georgette Saree,Clothing,Ethnic Wear,FabIndia,1,4999.0,0.0,4999.0,1800.0,3199.0,Net Banking,Delivered
ORD_00362,2023-07-03,2023-07-06,CUST_0220,Diya Saini,Female,61,Surat,Gujarat,West,STR_101,Mumbai Flagship Store,PRD_C10,UV Protected Polarized Sunglasses,Clothing,Accessories,Ray-Ban,1,3490.0,0.0,3490.0,1100.0,2390.0,UPI,Delivered
ORD_00363,2023-07-04,2023-07-05,CUST_0151,Atharva Saxena,Male,39,Gurugram,Haryana,North,STR_103,Delhi Connaught Hub,PRD_E14,SanDisk 1TB Portable SSD,Electronics,Storage,SanDisk,1,8499.0,0.0,8499.0,6000.0,2499.0,UPI,Delivered
ORD_00364,2023-07-05,2023-07-08,CUST_0179,Mohan Saxena,Male,50,Pune,Maharashtra,West,STR_101,Mumbai Flagship Store,PRD_C03,Men Tapered Chinos,Clothing,Casual Wear,Allen Solly,3,2199.0,0.0,6597.0,2400.0,4197.0,UPI,Delivered
ORD_00365,2023-07-05,2023-07-09,CUST_0063,Pooja Pillai,Female,25,Chennai,Tamil Nadu,South,STR_105,Bengaluru Indiranagar Mall,PRD_F02,Executive Leather Boss Chair,Furniture,Chairs,Featherlite,2,18500.0,5.0,35150.0,22000.0,13150.0,Credit Card,Delivered
ORD_00366,2023-07-05,2023-07-06,CUST_0163,Aadhya Mehta,Female,56,Noida,Uttar Pradesh,North,STR_104,Noida Cyber Express,PRD_E03,HP Pavilion Gaming Laptop,Electronics,Laptops,HP,1,62000.0,0.0,62000.0,48000.0,14000.0,Cash on Delivery (COD),Delivered
ORD_00367,2023-07-06,2023-07-09,CUST_0249,Naveen Mishra,Male,53,Chennai,Tamil Nadu,South,STR_105,Bengaluru Indiranagar Mall,PRD_C04,Women Silk Embroidered Kurta Set,Clothing,Ethnic Wear,Biba,2,3899.0,10.0,7018.2,2800.0,4218.2,UPI,Returned
ORD_00368,2023-07-06,2023-07-10,CUST_0314,Sara Mehta,Female,30,New Delhi,Delhi,North,STR_103,Delhi Connaught Hub,PRD_C02,Premium Egyptian Cotton Shirt,Clothing,Formal Wear,Louis Philippe,1,2499.0,5.0,2374.05,950.0,1424.05,Debit Card,Delivered
ORD_00369,2024-05-27,2024-05-29,CUST_0257,Neha Patil,Female,35,Patna,Bihar,East,STR_108,Kolkata Park Street Store,PRD_E11,Logitech MX Master 3S Mouse,Electronics,Accessories,Logitech,1,8995.0,5.0,8545.25,6200.0,2345.25,Debit Card,Delivered
ORD_00370,2023-07-10,2023-07-13,CUST_0332,Diya Mishra,Female,49,Bhubaneswar,Odisha,East,STR_109,Patna Central Outlet,PRD_C06,Men Stretch Denim Jeans,Clothing,Casual Wear,Levi's,1,2999.0,0.0,2999.0,1100.0,1899.0,UPI,Delivered
ORD_00371,2023-07-10,2023-07-12,CUST_0242,Riya Patel,Female,58,Gurugram,Haryana,North,STR_103,Delhi Connaught Hub,PRD_H05,Kent Grand Plus Water Purifier,Home & Kitchen,Appliances,Kent,1,14999.0,5.0,14249.05,9500.0,4749.05,UPI,Delivered
ORD_00372,2023-07-11,2023-07-14,CUST_0040,Arjun Bose,Male,25,Hyderabad,Telangana,South,STR_103,Delhi Connaught Hub,PRD_E03,HP Pavilion Gaming Laptop,Electronics,Laptops,HP,1,62000.0,20.0,49600.0,48000.0,1600.0,UPI,Delivered
ORD_00373,2023-07-12,2023-07-16,CUST_0278,Pranav Das,Male,23,Bengaluru,Karnataka,South,STR_106,Hyderabad Hitech Outlet,PRD_H04,Dyson V8 Cordless Vacuum Cleaner,Home & Kitchen,Home Care,Dyson,1,29900.0,10.0,26910.0,19000.0,7910.0,UPI,Delivered
ORD_00373,2023-07-12,2023-07-16,CUST_0278,Pranav Das,Male,23,Bengaluru,Karnataka,South,STR_106,Hyderabad Hitech Outlet,PRD_C03,Men Tapered Chinos,Clothing,Casual Wear,Allen Solly,1,2199.0,0.0,2199.0,800.0,1399.0,UPI,Delivered
ORD_00374,2023-07-14,2023-07-16,CUST_0241,Muhammad Pandey,Male,36,Hyderabad,Telangana,South,STR_106,Hyderabad Hitech Outlet,PRD_C07,Nike Air Zoom Pegasus Running Shoes,Clothing,Footwear,Nike,2,8995.0,0.0,17990.0,8400.0,9590.0,UPI,Delivered
ORD_00375,2024-01-06,2024-01-10,CUST_0218,Preeti Mishra,Female,59,Jaipur,Rajasthan,North,STR_103,Delhi Connaught Hub,PRD_F07,King Size Engineered Wood Bed,Furniture,Bedroom,Wakefit,1,24999.0,0.0,24999.0,15000.0,9999.0,Credit Card,Delivered
ORD_00376,2024-10-15,2024-10-18,CUST_0277,Suresh Patil,Male,39,Surat,Gujarat,West,STR_104,Noida Cyber Express,PRD_C02,Premium Egyptian Cotton Shirt,Clothing,Formal Wear,Louis Philippe,2,2499.0,20.0,3998.4,1900.0,2098.4,Credit Card,Delivered
ORD_00376,2024-10-15,2024-10-18,CUST_0277,Suresh Patil,Male,39,Surat,Gujarat,West,STR_104,Noida Cyber Express,PRD_E07,Sony WH-1000XM5 Headphones,Electronics,Audio,Sony,1,28990.0,10.0,26091.0,20000.0,6091.0,Credit Card,Delivered
ORD_00377,2023-12-14,2023-12-17,CUST_0306,Rajesh Das,Male,61,Pune,Maharashtra,West,STR_105,Bengaluru Indiranagar Mall,PRD_H01,Philips Air Fryer XL 4.1L,Home & Kitchen,Appliances,Philips,1,8495.0,0.0,8495.0,4800.0,3695.0,UPI,Delivered
ORD_00378,2023-07-14,2023-07-17,CUST_0053,Aanya Reddy,Female,34,Bengaluru,Karnataka,South,STR_105,Bengaluru Indiranagar Mall,PRD_E12,Logitech Mechanical Keyboard,Electronics,Accessories,Logitech,1,6495.0,15.0,5520.75,4500.0,1020.75,UPI,Delivered
ORD_00378,2023-07-14,2023-07-17,CUST_0053,Aanya Reddy,Female,34,Bengaluru,Karnataka,South,STR_105,Bengaluru Indiranagar Mall,PRD_C10,UV Protected Polarized Sunglasses,Clothing,Accessories,Ray-Ban,1,3490.0,0.0,3490.0,1100.0,2390.0,UPI,Delivered
ORD_00379,2023-07-15,2023-07-17,CUST_0242,Riya Patel,Female,58,Gurugram,Haryana,North,STR_104,Noida Cyber Express,PRD_C10,UV Protected Polarized Sunglasses,Clothing,Accessories,Ray-Ban,1,3490.0,10.0,3141.0,1100.0,2041.0,Cash on Delivery (COD),Delivered
ORD_00380,2023-07-17,2023-07-20,CUST_0297,Sunita Malhotra,Female,43,Pune,Maharashtra,West,STR_101,Mumbai Flagship Store,PRD_C03,Men Tapered Chinos,Clothing,Casual Wear,Allen Solly,1,2199.0,5.0,2089.05,800.0,1289.05,Credit Card,Delivered
ORD_00381,2023-07-18,2023-07-19,CUST_0325,Nikhil Bose,Male,39,Surat,Gujarat,West,STR_101,Mumbai Flagship Store,PRD_C04,Women Silk Embroidered Kurta Set,Clothing,Ethnic Wear,Biba,1,3899.0,10.0,3509.1,1400.0,2109.1,UPI,Delivered
ORD_00382,2023-07-18,2023-07-22,CUST_0002,Diya Chatterjee,Female,55,Surat,Gujarat,West,STR_102,Pune Tech Hub Outlet,PRD_C09,Athletic Dry-Fit Tracksuit,Clothing,Activewear,Under Armour,2,3299.0,20.0,5278.4,2400.0,2878.4,UPI,Delivered
ORD_00382,2023-07-18,2023-07-22,CUST_0002,Diya Chatterjee,Female,55,Surat,Gujarat,West,STR_102,Pune Tech Hub Outlet,PRD_F03,Motorized Standing Desk,Furniture,Desks,ErgoSmart,1,26999.0,10.0,24299.1,18000.0,6299.1,UPI,Delivered
ORD_00383,2024-06-04,2024-06-09,CUST_0281,Amit Singh,Male,52,Mumbai,Maharashtra,West,STR_110,Ahmedabad SG Highway Store,PRD_E12,Logitech Mechanical Keyboard,Electronics,Accessories,Logitech,1,6495.0,15.0,5520.75,4500.0,1020.75,Net Banking,Delivered
ORD_00384,2023-07-19,2023-07-22,CUST_0158,Aanya Gupta,Female,26,Bengaluru,Karnataka,South,STR_106,Hyderabad Hitech Outlet,PRD_C10,UV Protected Polarized Sunglasses,Clothing,Accessories,Ray-Ban,1,3490.0,5.0,3315.5,1100.0,2215.5,Debit Card,Delivered
ORD_00384,2023-07-19,2023-07-22,CUST_0158,Aanya Gupta,Female,26,Bengaluru,Karnataka,South,STR_106,Hyderabad Hitech Outlet,PRD_E13,TP-Link AX3000 Wi-Fi 6 Router,Electronics,Networking,TP-Link,2,4999.0,0.0,9998.0,6400.0,3598.0,Debit Card,Delivered
ORD_00384,2023-07-19,2023-07-22,CUST_0158,Aanya Gupta,Female,26,Bengaluru,Karnataka,South,STR_106,Hyderabad Hitech Outlet,PRD_F08,4-Door Wardrobe with Mirror,Furniture,Bedroom,Spacewood,1,25500.0,0.0,25500.0,16000.0,9500.0,Debit Card,Delivered
ORD_00385,2023-12-14,2023-12-16,CUST_0306,Rajesh Das,Male,61,Pune,Maharashtra,West,STR_101,Mumbai Flagship Store,PRD_E01,MacBook Air M2,Electronics,Laptops,Apple,1,94900.0,15.0,80665.0,72000.0,8665.0,UPI,Delivered
ORD_00386,2023-07-19,2023-07-23,CUST_0128,Rudra Mishra,Male,40,Noida,Uttar Pradesh,North,STR_103,Delhi Connaught Hub,PRD_C04,Women Silk Embroidered Kurta Set,Clothing,Ethnic Wear,Biba,3,3899.0,20.0,9357.6,4200.0,5157.6,Credit Card,Delivered
ORD_00387,2023-07-19,2023-07-20,CUST_0035,Swati Kapoor,Female,34,Kolkata,West Bengal,East,STR_108,Kolkata Park Street Store,PRD_C06,Men Stretch Denim Jeans,Clothing,Casual Wear,Levi's,3,2999.0,0.0,8997.0,3300.0,5697.0,Credit Card,Delivered
ORD_00388,2023-07-19,2023-07-22,CUST_0187,Shaurya Mehta,Male,50,Surat,Gujarat,West,STR_102,Pune Tech Hub Outlet,PRD_E10,LG 27-inch 4K UHD Monitor,Electronics,Monitors,LG,1,28500.0,0.0,28500.0,21000.0,7500.0,Credit Card,Delivered
ORD_00389,2023-07-20,2023-07-22,CUST_0163,Aadhya Mehta,Female,56,Noida,Uttar Pradesh,North,STR_104,Noida Cyber Express,PRD_E14,SanDisk 1TB Portable SSD,Electronics,Storage,SanDisk,1,8499.0,0.0,8499.0,6000.0,2499.0,UPI,Delivered
ORD_00390,2024-05-05,2024-05-06,CUST_0338,Ajay Sharma,Male,36,Chennai,Tamil Nadu,South,STR_106,Hyderabad Hitech Outlet,PRD_C06,Men Stretch Denim Jeans,Clothing,Casual Wear,Levi's,4,2999.0,5.0,11396.2,4400.0,6996.2,UPI,Delivered
ORD_00391,2023-07-20,2023-07-24,CUST_0187,Shaurya Mehta,Male,50,Surat,Gujarat,West,STR_101,Mumbai Flagship Store,PRD_E10,LG 27-inch 4K UHD Monitor,Electronics,Monitors,LG,1,28500.0,20.0,22800.0,21000.0,1800.0,Credit Card,Delivered
ORD_00392,2023-07-20,2023-07-22,CUST_0249,Naveen Mishra,Male,53,Chennai,Tamil Nadu,South,STR_105,Bengaluru Indiranagar Mall,PRD_C05,Women Designer Georgette Saree,Clothing,Ethnic Wear,FabIndia,2,4999.0,0.0,9998.0,3600.0,6398.0,Credit Card,Delivered
ORD_00393,2023-07-21,2023-07-25,CUST_0243,Kavita Joshi,Female,59,New Delhi,Delhi,North,STR_104,Noida Cyber Express,PRD_C06,Men Stretch Denim Jeans,Clothing,Casual Wear,Levi's,1,2999.0,5.0,2849.05,1100.0,1749.05,UPI,Delivered
ORD_00394,2023-07-22,2023-07-23,CUST_0314,Sara Mehta,Female,30,New Delhi,Delhi,North,STR_103,Delhi Connaught Hub,PRD_F01,Ergonomic Mesh Office Chair,Furniture,Chairs,Green Soul,1,12999.0,5.0,12349.05,7500.0,4849.05,Cash on Delivery (COD),Returned
ORD_00395,2024-10-23,2024-10-27,CUST_0193,Preeti Chatterjee,Female,58,Bengaluru,Karnataka,South,STR_105,Bengaluru Indiranagar Mall,PRD_F04,Solid Teak Wood Study Table,Furniture,Desks,Urban Ladder,1,14500.0,5.0,13775.0,9000.0,4775.0,Debit Card,Delivered
ORD_00396,2023-07-23,2023-07-26,CUST_0314,Sara Mehta,Female,30,New Delhi,Delhi,North,STR_102,Pune Tech Hub Outlet,PRD_H04,Dyson V8 Cordless Vacuum Cleaner,Home & Kitchen,Home Care,Dyson,1,29900.0,5.0,28405.0,19000.0,9405.0,UPI,Delivered
ORD_00396,2023-07-23,2023-07-26,CUST_0314,Sara Mehta,Female,30,New Delhi,Delhi,North,STR_102,Pune Tech Hub Outlet,PRD_F07,King Size Engineered Wood Bed,Furniture,Bedroom,Wakefit,2,24999.0,0.0,49998.0,30000.0,19998.0,UPI,Delivered
ORD_00397,2023-07-23,2023-07-24,CUST_0314,Sara Mehta,Female,30,New Delhi,Delhi,North,STR_103,Delhi Connaught Hub,PRD_E04,iPhone 15 Pro,Electronics,Smartphones,Apple,1,124900.0,0.0,124900.0,95000.0,29900.0,Credit Card,Delivered
ORD_00398,2023-07-23,2023-07-28,CUST_0151,Atharva Saxena,Male,39,Gurugram,Haryana,North,STR_103,Delhi Connaught Hub,PRD_C03,Men Tapered Chinos,Clothing,Casual Wear,Allen Solly,3,2199.0,10.0,5937.3,2400.0,3537.3,Net Banking,Delivered
ORD_00399,2023-11-16,2023-11-17,CUST_0262,Pooja Thakur,Female,58,Pune,Maharashtra,West,STR_110,Ahmedabad SG Highway Store,PRD_C04,Women Silk Embroidered Kurta Set,Clothing,Ethnic Wear,Biba,3,3899.0,10.0,10527.3,4200.0,6327.3,UPI,Delivered
ORD_00399,2023-11-16,2023-11-17,CUST_0262,Pooja Thakur,Female,58,Pune,Maharashtra,West,STR_110,Ahmedabad SG Highway Store,PRD_E03,HP Pavilion Gaming Laptop,Electronics,Laptops,HP,1,62000.0,10.0,55800.0,48000.0,7800.0,UPI,Delivered
ORD_00400,2023-07-25,2023-07-30,CUST_0050,Meena Bhat,Female,46,Gurugram,Haryana,North,STR_104,Noida Cyber Express,PRD_F08,4-Door Wardrobe with Mirror,Furniture,Bedroom,Spacewood,2,25500.0,5.0,48450.0,32000.0,16450.0,Debit Card,Delivered
ORD_00400,2023-07-25,2023-07-30,CUST_0050,Meena Bhat,Female,46,Gurugram,Haryana,North,STR_104,Noida Cyber Express,PRD_F06,L-Shape Sectional Luxury Sofa,Furniture,Living Room,Godrej Interio,2,52000.0,0.0,104000.0,68000.0,36000.0,Debit Card,Delivered
ORD_00401,2024-09-29,2024-10-02,CUST_0052,Rakesh Nair,Male,56,Kolkata,West Bengal,East,STR_108,Kolkata Park Street Store,PRD_F06,L-Shape Sectional Luxury Sofa,Furniture,Living Room,Godrej Interio,1,52000.0,0.0,52000.0,34000.0,18000.0,UPI,Delivered
ORD_00401,2024-09-29,2024-10-02,CUST_0052,Rakesh Nair,Male,56,Kolkata,West Bengal,East,STR_108,Kolkata Park Street Store,PRD_F01,Ergonomic Mesh Office Chair,Furniture,Chairs,Green Soul,1,12999.0,0.0,12999.0,7500.0,5499.0,UPI,Delivered
ORD_00401,2024-09-29,2024-10-02,CUST_0052,Rakesh Nair,Male,56,Kolkata,West Bengal,East,STR_108,Kolkata Park Street Store,PRD_F09,6-Seater Solid Oak Dining Set,Furniture,Dining,Durian,2,38000.0,5.0,72200.0,48000.0,24200.0,UPI,Delivered
ORD_00402,2024-05-03,2024-05-05,CUST_0285,Rahul Malhotra,Male,57,Kolkata,West Bengal,East,STR_102,Pune Tech Hub Outlet,PRD_F05,3-Seater Velvet Fabric Sofa,Furniture,Living Room,Wakefit,1,34999.0,10.0,31499.1,22000.0,9499.1,Credit Card,Delivered
ORD_00403,2024-02-10,2024-02-14,CUST_0013,Sunita Deshmukh,Female,31,Chennai,Tamil Nadu,South,STR_105,Bengaluru Indiranagar Mall,PRD_C06,Men Stretch Denim Jeans,Clothing,Casual Wear,Levi's,3,2999.0,5.0,8547.15,3300.0,5247.15,UPI,Delivered
ORD_00404,2023-07-26,2023-07-27,CUST_0314,Sara Mehta,Female,30,New Delhi,Delhi,North,STR_103,Delhi Connaught Hub,PRD_E09,boAt Rockerz 450,Electronics,Audio,boAt,2,1499.0,0.0,2998.0,1600.0,1398.0,UPI,Delivered
ORD_00405,2024-09-13,2024-09-17,CUST_0117,Rajesh Das,Male,31,Kochi,Kerala,South,STR_106,Hyderabad Hitech Outlet,PRD_E06,OnePlus 12,Electronics,Smartphones,OnePlus,1,64999.0,10.0,58499.1,45000.0,13499.1,UPI,Delivered
ORD_00406,2023-07-27,2023-08-01,CUST_0243,Kavita Joshi,Female,59,New Delhi,Delhi,North,STR_104,Noida Cyber Express,PRD_E12,Logitech Mechanical Keyboard,Electronics,Accessories,Logitech,1,6495.0,0.0,6495.0,4500.0,1995.0,UPI,Delivered
ORD_00406,2023-07-27,2023-08-01,CUST_0243,Kavita Joshi,Female,59,New Delhi,Delhi,North,STR_104,Noida Cyber Express,PRD_F03,Motorized Standing Desk,Furniture,Desks,ErgoSmart,1,26999.0,20.0,21599.2,18000.0,3599.2,UPI,Delivered
ORD_00406,2023-07-27,2023-08-01,CUST_0243,Kavita Joshi,Female,59,New Delhi,Delhi,North,STR_104,Noida Cyber Express,PRD_E10,LG 27-inch 4K UHD Monitor,Electronics,Monitors,LG,1,28500.0,0.0,28500.0,21000.0,7500.0,UPI,Delivered
ORD_00407,2024-07-26,2024-07-27,CUST_0105,Dinesh Chauhan,Male,48,Guwahati,Assam,East,STR_108,Kolkata Park Street Store,PRD_E01,MacBook Air M2,Electronics,Laptops,Apple,1,94900.0,0.0,94900.0,72000.0,22900.0,Net Banking,Delivered
ORD_00407,2024-07-26,2024-07-27,CUST_0105,Dinesh Chauhan,Male,48,Guwahati,Assam,East,STR_108,Kolkata Park Street Store,PRD_H05,Kent Grand Plus Water Purifier,Home & Kitchen,Appliances,Kent,1,14999.0,5.0,14249.05,9500.0,4749.05,Net Banking,Delivered
ORD_00408,2023-07-27,2023-07-28,CUST_0187,Shaurya Mehta,Male,50,Surat,Gujarat,West,STR_102,Pune Tech Hub Outlet,PRD_E12,Logitech Mechanical Keyboard,Electronics,Accessories,Logitech,1,6495.0,10.0,5845.5,4500.0,1345.5,UPI,Cancelled
ORD_00408,2023-07-27,2023-07-28,CUST_0187,Shaurya Mehta,Male,50,Surat,Gujarat,West,STR_102,Pune Tech Hub Outlet,PRD_F07,King Size Engineered Wood Bed,Furniture,Bedroom,Wakefit,2,24999.0,0.0,49998.0,30000.0,19998.0,UPI,Cancelled
ORD_00408,2023-07-27,2023-07-28,CUST_0187,Shaurya Mehta,Male,50,Surat,Gujarat,West,STR_102,Pune Tech Hub Outlet,PRD_E08,Apple AirPods Pro 2,Electronics,Audio,Apple,1,22900.0,0.0,22900.0,16000.0,6900.0,UPI,Cancelled
ORD_00409,2023-07-29,2023-07-30,CUST_0324,Rajeev Bose,Male,56,Chennai,Tamil Nadu,South,STR_105,Bengaluru Indiranagar Mall,PRD_E03,HP Pavilion Gaming Laptop,Electronics,Laptops,HP,1,62000.0,5.0,58900.0,48000.0,10900.0,UPI,Delivered
ORD_00410,2023-07-29,2023-08-03,CUST_0314,Sara Mehta,Female,30,New Delhi,Delhi,North,STR_103,Delhi Connaught Hub,PRD_F09,6-Seater Solid Oak Dining Set,Furniture,Dining,Durian,1,38000.0,5.0,36100.0,24000.0,12100.0,UPI,Delivered
ORD_00411,2023-07-29,2023-08-02,CUST_0130,Vikram Banerjee,Male,25,Gurugram,Haryana,North,STR_104,Noida Cyber Express,PRD_C09,Athletic Dry-Fit Tracksuit,Clothing,Activewear,Under Armour,2,3299.0,10.0,5938.2,2400.0,3538.2,Debit Card,Delivered
ORD_00412,2023-07-30,2023-08-04,CUST_0002,Diya Chatterjee,Female,55,Surat,Gujarat,West,STR_102,Pune Tech Hub Outlet,PRD_E04,iPhone 15 Pro,Electronics,Smartphones,Apple,1,124900.0,0.0,124900.0,95000.0,29900.0,Cash on Delivery (COD),Returned
ORD_00412,2023-07-30,2023-08-04,CUST_0002,Diya Chatterjee,Female,55,Surat,Gujarat,West,STR_102,Pune Tech Hub Outlet,PRD_E05,Samsung Galaxy S24,Electronics,Smartphones,Samsung,1,79999.0,0.0,79999.0,60000.0,19999.0,Cash on Delivery (COD),Returned
ORD_00413,2023-07-30,2023-07-31,CUST_0127,Vikrant Banerjee,Male,44,Lucknow,Uttar Pradesh,North,STR_104,Noida Cyber Express,PRD_C02,Premium Egyptian Cotton Shirt,Clothing,Formal Wear,Louis Philippe,3,2499.0,0.0,7497.0,2850.0,4647.0,UPI,Delivered
ORD_00414,2023-07-30,2023-08-01,CUST_0070,Aarav Joshi,Male,61,New Delhi,Delhi,North,STR_103,Delhi Connaught Hub,PRD_C10,UV Protected Polarized Sunglasses,Clothing,Accessories,Ray-Ban,1,3490.0,5.0,3315.5,1100.0,2215.5,UPI,Cancelled
ORD_00415,2023-07-31,2023-08-04,CUST_0249,Naveen Mishra,Male,53,Chennai,Tamil Nadu,South,STR_107,Chennai Express Store,PRD_E02,Dell XPS 13,Electronics,Laptops,Dell,1,85000.0,0.0,85000.0,65000.0,20000.0,Net Banking,Delivered
ORD_00416,2023-07-31,2023-08-01,CUST_0020,Saanvi Yadav,Female,36,New Delhi,Delhi,North,STR_104,Noida Cyber Express,PRD_F09,6-Seater Solid Oak Dining Set,Furniture,Dining,Durian,1,38000.0,10.0,34200.0,24000.0,10200.0,Debit Card,Delivered
ORD_00416,2023-07-31,2023-08-01,CUST_0020,Saanvi Yadav,Female,36,New Delhi,Delhi,North,STR_104,Noida Cyber Express,PRD_C02,Premium Egyptian Cotton Shirt,Clothing,Formal Wear,Louis Philippe,1,2499.0,0.0,2499.0,950.0,1549.0,Debit Card,Delivered
ORD_00416,2023-07-31,2023-08-01,CUST_0020,Saanvi Yadav,Female,36,New Delhi,Delhi,North,STR_104,Noida Cyber Express,PRD_F07,King Size Engineered Wood Bed,Furniture,Bedroom,Wakefit,1,24999.0,10.0,22499.1,15000.0,7499.1,Debit Card,Delivered
ORD_00417,2023-08-01,2023-08-03,CUST_0253,Meena Banerjee,Female,25,Patna,Bihar,East,STR_109,Patna Central Outlet,PRD_H04,Dyson V8 Cordless Vacuum Cleaner,Home & Kitchen,Home Care,Dyson,1,29900.0,0.0,29900.0,19000.0,10900.0,Cash on Delivery (COD),Delivered
ORD_00418,2023-08-01,2023-08-05,CUST_0141,Sunita Menon,Female,56,Lucknow,Uttar Pradesh,North,STR_104,Noida Cyber Express,PRD_H05,Kent Grand Plus Water Purifier,Home & Kitchen,Appliances,Kent,1,14999.0,20.0,11999.2,9500.0,2499.2,UPI,Delivered
ORD_00419,2023-12-13,2023-12-14,CUST_0155,Preeti Bhat,Female,49,Bhubaneswar,Odisha,East,STR_108,Kolkata Park Street Store,PRD_C06,Men Stretch Denim Jeans,Clothing,Casual Wear,Levi's,1,2999.0,0.0,2999.0,1100.0,1899.0,UPI,Returned
ORD_00420,2023-08-01,2023-08-03,CUST_0076,Kiran Chauhan,Male,36,New Delhi,Delhi,North,STR_103,Delhi Connaught Hub,PRD_C04,Women Silk Embroidered Kurta Set,Clothing,Ethnic Wear,Biba,2,3899.0,0.0,7798.0,2800.0,4998.0,Net Banking,Delivered
ORD_00421,2024-01-03,2024-01-04,CUST_0074,Reyansh Nair,Male,23,Chennai,Tamil Nadu,South,STR_105,Bengaluru Indiranagar Mall,PRD_C09,Athletic Dry-Fit Tracksuit,Clothing,Activewear,Under Armour,2,3299.0,10.0,5938.2,2400.0,3538.2,UPI,Delivered
ORD_00422,2024-01-10,2024-01-15,CUST_0075,Riya Das,Female,27,Jaipur,Rajasthan,North,STR_105,Bengaluru Indiranagar Mall,PRD_C09,Athletic Dry-Fit Tracksuit,Clothing,Activewear,Under Armour,3,3299.0,10.0,8907.3,3600.0,5307.3,UPI,Delivered
ORD_00422,2024-01-10,2024-01-15,CUST_0075,Riya Das,Female,27,Jaipur,Rajasthan,North,STR_105,Bengaluru Indiranagar Mall,PRD_E06,OnePlus 12,Electronics,Smartphones,OnePlus,1,64999.0,0.0,64999.0,45000.0,19999.0,UPI,Delivered
ORD_00423,2023-08-03,2023-08-06,CUST_0299,Ravi Saxena,Male,25,Bengaluru,Karnataka,South,STR_105,Bengaluru Indiranagar Mall,PRD_E05,Samsung Galaxy S24,Electronics,Smartphones,Samsung,1,79999.0,0.0,79999.0,60000.0,19999.0,Credit Card,Delivered
ORD_00424,2023-08-03,2023-08-06,CUST_0070,Aarav Joshi,Male,61,New Delhi,Delhi,North,STR_104,Noida Cyber Express,PRD_E07,Sony WH-1000XM5 Headphones,Electronics,Audio,Sony,1,28990.0,5.0,27540.5,20000.0,7540.5,Net Banking,Delivered
ORD_00425,2023-08-05,2023-08-06,CUST_0199,Vijay Bose,Male,49,Surat,Gujarat,West,STR_109,Patna Central Outlet,PRD_F02,Executive Leather Boss Chair,Furniture,Chairs,Featherlite,2,18500.0,5.0,35150.0,22000.0,13150.0,UPI,Delivered
ORD_00426,2023-12-02,2023-12-07,CUST_0262,Pooja Thakur,Female,58,Pune,Maharashtra,West,STR_102,Pune Tech Hub Outlet,PRD_C09,Athletic Dry-Fit Tracksuit,Clothing,Activewear,Under Armour,1,3299.0,0.0,3299.0,1200.0,2099.0,Net Banking,Delivered
ORD_00427,2023-08-06,2023-08-11,CUST_0192,Rajendra Joshi,Male,38,Guwahati,Assam,East,STR_108,Kolkata Park Street Store,PRD_E09,boAt Rockerz 450,Electronics,Audio,boAt,2,1499.0,0.0,2998.0,1600.0,1398.0,UPI,Delivered
ORD_00428,2024-07-17,2024-07-20,CUST_0105,Dinesh Chauhan,Male,48,Guwahati,Assam,East,STR_108,Kolkata Park Street Store,PRD_C06,Men Stretch Denim Jeans,Clothing,Casual Wear,Levi's,2,2999.0,5.0,5698.1,2200.0,3498.1,Net Banking,Delivered
ORD_00429,2023-12-14,2023-12-16,CUST_0155,Preeti Bhat,Female,49,Bhubaneswar,Odisha,East,STR_109,Patna Central Outlet,PRD_C01,Men Slim Fit Formal Blazer,Clothing,Formal Wear,Raymond,4,5999.0,20.0,19196.8,10400.0,8796.8,UPI,Returned
ORD_00430,2023-08-09,2023-08-10,CUST_0070,Aarav Joshi,Male,61,New Delhi,Delhi,North,STR_104,Noida Cyber Express,PRD_H05,Kent Grand Plus Water Purifier,Home & Kitchen,Appliances,Kent,1,14999.0,0.0,14999.0,9500.0,5499.0,Credit Card,Delivered
ORD_00431,2023-08-09,2023-08-10,CUST_0053,Aanya Reddy,Female,34,Bengaluru,Karnataka,South,STR_106,Hyderabad Hitech Outlet,PRD_C09,Athletic Dry-Fit Tracksuit,Clothing,Activewear,Under Armour,1,3299.0,5.0,3134.05,1200.0,1934.05,UPI,Delivered
ORD_00432,2023-12-10,2023-12-11,CUST_0306,Rajesh Das,Male,61,Pune,Maharashtra,West,STR_110,Ahmedabad SG Highway Store,PRD_C07,Nike Air Zoom Pegasus Running Shoes,Clothing,Footwear,Nike,2,8995.0,5.0,17090.5,8400.0,8690.5,UPI,Delivered
ORD_00432,2023-12-10,2023-12-11,CUST_0306,Rajesh Das,Male,61,Pune,Maharashtra,West,STR_110,Ahmedabad SG Highway Store,PRD_C01,Men Slim Fit Formal Blazer,Clothing,Formal Wear,Raymond,1,5999.0,0.0,5999.0,2600.0,3399.0,UPI,Delivered
ORD_00432,2023-12-10,2023-12-11,CUST_0306,Rajesh Das,Male,61,Pune,Maharashtra,West,STR_110,Ahmedabad SG Highway Store,PRD_C09,Athletic Dry-Fit Tracksuit,Clothing,Activewear,Under Armour,3,3299.0,0.0,9897.0,3600.0,6297.0,UPI,Delivered
ORD_00433,2024-03-14,2024-03-17,CUST_0116,Rashmi Patil,Female,22,Bhubaneswar,Odisha,East,STR_108,Kolkata Park Street Store,PRD_C06,Men Stretch Denim Jeans,Clothing,Casual Wear,Levi's,1,2999.0,15.0,2549.15,1100.0,1449.15,Net Banking,Delivered
ORD_00434,2024-10-01,2024-10-02,CUST_0248,Rajendra Kapoor,Male,25,Surat,Gujarat,West,STR_102,Pune Tech Hub Outlet,PRD_H03,Instant Pot Duo 7-in-1 Cooker,Home & Kitchen,Appliances,Instant Pot,1,9999.0,10.0,8999.1,5500.0,3499.1,UPI,Delivered
ORD_00435,2023-08-10,2023-08-14,CUST_0115,Rajendra Thakur,Male,52,Jaipur,Rajasthan,North,STR_106,Hyderabad Hitech Outlet,PRD_C05,Women Designer Georgette Saree,Clothing,Ethnic Wear,FabIndia,1,4999.0,5.0,4749.05,1800.0,2949.05,Cash on Delivery (COD),Delivered
ORD_00435,2023-08-10,2023-08-14,CUST_0115,Rajendra Thakur,Male,52,Jaipur,Rajasthan,North,STR_106,Hyderabad Hitech Outlet,PRD_F04,Solid Teak Wood Study Table,Furniture,Desks,Urban Ladder,1,14500.0,15.0,12325.0,9000.0,3325.0,Cash on Delivery (COD),Delivered
ORD_00436,2024-02-20,2024-02-23,CUST_0271,Shaurya Chatterjee,Male,34,Guwahati,Assam,East,STR_108,Kolkata Park Street Store,PRD_E14,SanDisk 1TB Portable SSD,Electronics,Storage,SanDisk,1,8499.0,15.0,7224.15,6000.0,1224.15,Cash on Delivery (COD),Delivered
ORD_00437,2023-08-11,2023-08-16,CUST_0220,Diya Saini,Female,61,Surat,Gujarat,West,STR_110,Ahmedabad SG Highway Store,PRD_C02,Premium Egyptian Cotton Shirt,Clothing,Formal Wear,Louis Philippe,1,2499.0,15.0,2124.15,950.0,1174.15,Net Banking,Delivered
ORD_00438,2023-12-02,2023-12-03,CUST_0140,Meena Reddy,Female,37,Chennai,Tamil Nadu,South,STR_106,Hyderabad Hitech Outlet,PRD_C03,Men Tapered Chinos,Clothing,Casual Wear,Allen Solly,4,2199.0,0.0,8796.0,3200.0,5596.0,Credit Card,Delivered
ORD_00439,2023-08-12,2023-08-17,CUST_0128,Rudra Mishra,Male,40,Noida,Uttar Pradesh,North,STR_104,Noida Cyber Express,PRD_C02,Premium Egyptian Cotton Shirt,Clothing,Formal Wear,Louis Philippe,1,2499.0,0.0,2499.0,950.0,1549.0,UPI,Delivered
ORD_00440,2024-03-12,2024-03-16,CUST_0316,Rajesh Menon,Male,59,New Delhi,Delhi,North,STR_104,Noida Cyber Express,PRD_C10,UV Protected Polarized Sunglasses,Clothing,Accessories,Ray-Ban,2,3490.0,10.0,6282.0,2200.0,4082.0,UPI,Delivered
ORD_00441,2023-08-13,2023-08-16,CUST_0070,Aarav Joshi,Male,61,New Delhi,Delhi,North,STR_103,Delhi Connaught Hub,PRD_F07,King Size Engineered Wood Bed,Furniture,Bedroom,Wakefit,1,24999.0,15.0,21249.15,15000.0,6249.15,UPI,Delivered
ORD_00442,2024-08-05,2024-08-06,CUST_0119,Ishaan Saini,Male,29,Kolkata,West Bengal,East,STR_108,Kolkata Park Street Store,PRD_E01,MacBook Air M2,Electronics,Laptops,Apple,1,94900.0,10.0,85410.0,72000.0,13410.0,Cash on Delivery (COD),Returned
ORD_00442,2024-08-05,2024-08-06,CUST_0119,Ishaan Saini,Male,29,Kolkata,West Bengal,East,STR_108,Kolkata Park Street Store,PRD_C01,Men Slim Fit Formal Blazer,Clothing,Formal Wear,Raymond,1,5999.0,0.0,5999.0,2600.0,3399.0,Cash on Delivery (COD),Returned
ORD_00443,2024-09-27,2024-09-30,CUST_0275,Ishaan Yadav,Male,48,Patna,Bihar,East,STR_109,Patna Central Outlet,PRD_E01,MacBook Air M2,Electronics,Laptops,Apple,1,94900.0,15.0,80665.0,72000.0,8665.0,UPI,Delivered
ORD_00444,2023-08-13,2023-08-16,CUST_0204,Sameer Verma,Male,36,Ahmedabad,Gujarat,West,STR_110,Ahmedabad SG Highway Store,PRD_F04,Solid Teak Wood Study Table,Furniture,Desks,Urban Ladder,1,14500.0,0.0,14500.0,9000.0,5500.0,Credit Card,Delivered
ORD_00445,2024-08-18,2024-08-20,CUST_0119,Ishaan Saini,Male,29,Kolkata,West Bengal,East,STR_110,Ahmedabad SG Highway Store,PRD_E04,iPhone 15 Pro,Electronics,Smartphones,Apple,1,124900.0,5.0,118655.0,95000.0,23655.0,UPI,Delivered
ORD_00445,2024-08-18,2024-08-20,CUST_0119,Ishaan Saini,Male,29,Kolkata,West Bengal,East,STR_110,Ahmedabad SG Highway Store,PRD_C07,Nike Air Zoom Pegasus Running Shoes,Clothing,Footwear,Nike,2,8995.0,5.0,17090.5,8400.0,8690.5,UPI,Delivered
ORD_00446,2023-08-14,2023-08-16,CUST_0242,Riya Patel,Female,58,Gurugram,Haryana,North,STR_107,Chennai Express Store,PRD_C10,UV Protected Polarized Sunglasses,Clothing,Accessories,Ray-Ban,1,3490.0,20.0,2792.0,1100.0,1692.0,UPI,Delivered
ORD_00447,2023-08-15,2023-08-19,CUST_0204,Sameer Verma,Male,36,Ahmedabad,Gujarat,West,STR_110,Ahmedabad SG Highway Store,PRD_E06,OnePlus 12,Electronics,Smartphones,OnePlus,1,64999.0,5.0,61749.05,45000.0,16749.05,Debit Card,Delivered
ORD_00448,2024-02-25,2024-02-26,CUST_0012,Kusum Patel,Female,27,Jaipur,Rajasthan,North,STR_104,Noida Cyber Express,PRD_C03,Men Tapered Chinos,Clothing,Casual Wear,Allen Solly,2,2199.0,10.0,3958.2,1600.0,2358.2,UPI,Delivered
ORD_00449,2023-08-15,2023-08-19,CUST_0135,Aanya Patil,Female,54,Noida,Uttar Pradesh,North,STR_104,Noida Cyber Express,PRD_F09,6-Seater Solid Oak Dining Set,Furniture,Dining,Durian,1,38000.0,10.0,34200.0,24000.0,10200.0,Debit Card,Delivered
ORD_00449,2023-08-15,2023-08-19,CUST_0135,Aanya Patil,Female,54,Noida,Uttar Pradesh,North,STR_104,Noida Cyber Express,PRD_F01,Ergonomic Mesh Office Chair,Furniture,Chairs,Green Soul,1,12999.0,0.0,12999.0,7500.0,5499.0,Debit Card,Delivered
ORD_00450,2023-08-15,2023-08-20,CUST_0227,Arun Patel,Male,21,Kochi,Kerala,South,STR_106,Hyderabad Hitech Outlet,PRD_C09,Athletic Dry-Fit Tracksuit,Clothing,Activewear,Under Armour,1,3299.0,10.0,2969.1,1200.0,1769.1,Debit Card,Delivered
ORD_00451,2023-08-16,2023-08-17,CUST_0026,Rajesh Singh,Male,48,Bengaluru,Karnataka,South,STR_107,Chennai Express Store,PRD_C03,Men Tapered Chinos,Clothing,Casual Wear,Allen Solly,2,2199.0,0.0,4398.0,1600.0,2798.0,Credit Card,Delivered
ORD_00452,2023-08-16,2023-08-17,CUST_0053,Aanya Reddy,Female,34,Bengaluru,Karnataka,South,STR_105,Bengaluru Indiranagar Mall,PRD_E13,TP-Link AX3000 Wi-Fi 6 Router,Electronics,Networking,TP-Link,1,4999.0,15.0,4249.15,3200.0,1049.15,UPI,Delivered
ORD_00452,2023-08-16,2023-08-17,CUST_0053,Aanya Reddy,Female,34,Bengaluru,Karnataka,South,STR_105,Bengaluru Indiranagar Mall,PRD_F01,Ergonomic Mesh Office Chair,Furniture,Chairs,Green Soul,1,12999.0,15.0,11049.15,7500.0,3549.15,UPI,Delivered
ORD_00453,2023-12-06,2023-12-11,CUST_0262,Pooja Thakur,Female,58,Pune,Maharashtra,West,STR_101,Mumbai Flagship Store,PRD_C02,Premium Egyptian Cotton Shirt,Clothing,Formal Wear,Louis Philippe,1,2499.0,15.0,2124.15,950.0,1174.15,UPI,Delivered
ORD_00454,2023-08-16,2023-08-19,CUST_0183,Shweta Saini,Female,24,Patna,Bihar,East,STR_108,Kolkata Park Street Store,PRD_E09,boAt Rockerz 450,Electronics,Audio,boAt,2,1499.0,0.0,2998.0,1600.0,1398.0,UPI,Delivered
ORD_00455,2023-08-17,2023-08-18,CUST_0131,Kabir Banerjee,Male,59,Bengaluru,Karnataka,South,STR_102,Pune Tech Hub Outlet,PRD_H01,Philips Air Fryer XL 4.1L,Home & Kitchen,Appliances,Philips,1,8495.0,0.0,8495.0,4800.0,3695.0,Net Banking,Delivered
ORD_00456,2023-12-02,2023-12-06,CUST_0155,Preeti Bhat,Female,49,Bhubaneswar,Odisha,East,STR_108,Kolkata Park Street Store,PRD_H02,Prestige 750W Mixer Grinder,Home & Kitchen,Appliances,Prestige,1,3890.0,5.0,3695.5,2100.0,1595.5,Credit Card,Delivered
ORD_00457,2023-08-19,2023-08-20,CUST_0108,Sneha Yadav,Female,25,Patna,Bihar,East,STR_108,Kolkata Park Street Store,PRD_E12,Logitech Mechanical Keyboard,Electronics,Accessories,Logitech,1,6495.0,0.0,6495.0,4500.0,1995.0,UPI,Delivered
ORD_00458,2023-08-19,2023-08-21,CUST_0199,Vijay Bose,Male,49,Surat,Gujarat,West,STR_101,Mumbai Flagship Store,PRD_C05,Women Designer Georgette Saree,Clothing,Ethnic Wear,FabIndia,1,4999.0,5.0,4749.05,1800.0,2949.05,Credit Card,Delivered
ORD_00459,2023-08-20,2023-08-23,CUST_0077,Pari Menon,Female,22,Kolkata,West Bengal,East,STR_109,Patna Central Outlet,PRD_C03,Men Tapered Chinos,Clothing,Casual Wear,Allen Solly,3,2199.0,0.0,6597.0,2400.0,4197.0,UPI,Cancelled
ORD_00460,2024-11-16,2024-11-19,CUST_0198,Aanya Bhat,Female,29,Pune,Maharashtra,West,STR_108,Kolkata Park Street Store,PRD_E12,Logitech Mechanical Keyboard,Electronics,Accessories,Logitech,1,6495.0,0.0,6495.0,4500.0,1995.0,UPI,Delivered
ORD_00460,2024-11-16,2024-11-19,CUST_0198,Aanya Bhat,Female,29,Pune,Maharashtra,West,STR_108,Kolkata Park Street Store,PRD_E11,Logitech MX Master 3S Mouse,Electronics,Accessories,Logitech,1,8995.0,0.0,8995.0,6200.0,2795.0,UPI,Delivered
ORD_00461,2023-08-20,2023-08-22,CUST_0128,Rudra Mishra,Male,40,Noida,Uttar Pradesh,North,STR_103,Delhi Connaught Hub,PRD_E13,TP-Link AX3000 Wi-Fi 6 Router,Electronics,Networking,TP-Link,1,4999.0,10.0,4499.1,3200.0,1299.1,Credit Card,Delivered
ORD_00461,2023-08-20,2023-08-22,CUST_0128,Rudra Mishra,Male,40,Noida,Uttar Pradesh,North,STR_103,Delhi Connaught Hub,PRD_C09,Athletic Dry-Fit Tracksuit,Clothing,Activewear,Under Armour,4,3299.0,5.0,12536.2,4800.0,7736.2,Credit Card,Delivered
ORD_00462,2023-08-20,2023-08-22,CUST_0230,Mahesh Sharma,Male,60,Hyderabad,Telangana,South,STR_102,Pune Tech Hub Outlet,PRD_E04,iPhone 15 Pro,Electronics,Smartphones,Apple,1,124900.0,0.0,124900.0,95000.0,29900.0,Credit Card,Delivered
ORD_00463,2023-08-21,2023-08-22,CUST_0314,Sara Mehta,Female,30,New Delhi,Delhi,North,STR_104,Noida Cyber Express,PRD_C09,Athletic Dry-Fit Tracksuit,Clothing,Activewear,Under Armour,3,3299.0,5.0,9402.15,3600.0,5802.15,UPI,Cancelled
ORD_00464,2023-08-21,2023-08-24,CUST_0130,Vikram Banerjee,Male,25,Gurugram,Haryana,North,STR_103,Delhi Connaught Hub,PRD_C06,Men Stretch Denim Jeans,Clothing,Casual Wear,Levi's,1,2999.0,5.0,2849.05,1100.0,1749.05,UPI,Delivered
ORD_00464,2023-08-21,2023-08-24,CUST_0130,Vikram Banerjee,Male,25,Gurugram,Haryana,North,STR_103,Delhi Connaught Hub,PRD_C02,Premium Egyptian Cotton Shirt,Clothing,Formal Wear,Louis Philippe,1,2499.0,0.0,2499.0,950.0,1549.0,UPI,Delivered
ORD_00465,2023-08-22,2023-08-25,CUST_0070,Aarav Joshi,Male,61,New Delhi,Delhi,North,STR_103,Delhi Connaught Hub,PRD_E13,TP-Link AX3000 Wi-Fi 6 Router,Electronics,Networking,TP-Link,1,4999.0,5.0,4749.05,3200.0,1549.05,Debit Card,Delivered
ORD_00465,2023-08-22,2023-08-25,CUST_0070,Aarav Joshi,Male,61,New Delhi,Delhi,North,STR_103,Delhi Connaught Hub,PRD_E05,Samsung Galaxy S24,Electronics,Smartphones,Samsung,1,79999.0,5.0,75999.05,60000.0,15999.05,Debit Card,Delivered
ORD_00466,2024-01-17,2024-01-20,CUST_0074,Reyansh Nair,Male,23,Chennai,Tamil Nadu,South,STR_105,Bengaluru Indiranagar Mall,PRD_C02,Premium Egyptian Cotton Shirt,Clothing,Formal Wear,Louis Philippe,2,2499.0,0.0,4998.0,1900.0,3098.0,Credit Card,Delivered
ORD_00467,2023-11-09,2023-11-12,CUST_0262,Pooja Thakur,Female,58,Pune,Maharashtra,West,STR_101,Mumbai Flagship Store,PRD_H05,Kent Grand Plus Water Purifier,Home & Kitchen,Appliances,Kent,1,14999.0,0.0,14999.0,9500.0,5499.0,Cash on Delivery (COD),Delivered
ORD_00468,2023-08-25,2023-08-28,CUST_0265,Alok Reddy,Male,51,New Delhi,Delhi,North,STR_104,Noida Cyber Express,PRD_C09,Athletic Dry-Fit Tracksuit,Clothing,Activewear,Under Armour,1,3299.0,10.0,2969.1,1200.0,1769.1,UPI,Delivered
ORD_00469,2023-08-25,2023-08-27,CUST_0070,Aarav Joshi,Male,61,New Delhi,Delhi,North,STR_104,Noida Cyber Express,PRD_E01,MacBook Air M2,Electronics,Laptops,Apple,1,94900.0,0.0,94900.0,72000.0,22900.0,UPI,Delivered
ORD_00469,2023-08-25,2023-08-27,CUST_0070,Aarav Joshi,Male,61,New Delhi,Delhi,North,STR_104,Noida Cyber Express,PRD_C10,UV Protected Polarized Sunglasses,Clothing,Accessories,Ray-Ban,3,3490.0,10.0,9423.0,3300.0,6123.0,UPI,Delivered
ORD_00470,2024-09-14,2024-09-17,CUST_0248,Rajendra Kapoor,Male,25,Surat,Gujarat,West,STR_110,Ahmedabad SG Highway Store,PRD_E05,Samsung Galaxy S24,Electronics,Smartphones,Samsung,1,79999.0,0.0,79999.0,60000.0,19999.0,Debit Card,Delivered
ORD_00471,2023-08-26,2023-08-28,CUST_0026,Rajesh Singh,Male,48,Bengaluru,Karnataka,South,STR_106,Hyderabad Hitech Outlet,PRD_E05,Samsung Galaxy S24,Electronics,Smartphones,Samsung,1,79999.0,5.0,75999.05,60000.0,15999.05,UPI,Returned
ORD_00472,2024-09-26,2024-09-30,CUST_0095,Dinesh Das,Male,53,Gurugram,Haryana,North,STR_103,Delhi Connaught Hub,PRD_F09,6-Seater Solid Oak Dining Set,Furniture,Dining,Durian,1,38000.0,0.0,38000.0,24000.0,14000.0,Debit Card,Delivered
ORD_00473,2023-09-24,2023-09-25,CUST_0160,Nikhil Rao,Male,49,Patna,Bihar,East,STR_109,Patna Central Outlet,PRD_C03,Men Tapered Chinos,Clothing,Casual Wear,Allen Solly,2,2199.0,0.0,4398.0,1600.0,2798.0,Credit Card,Delivered
ORD_00474,2023-08-27,2023-08-29,CUST_0249,Naveen Mishra,Male,53,Chennai,Tamil Nadu,South,STR_105,Bengaluru Indiranagar Mall,PRD_F08,4-Door Wardrobe with Mirror,Furniture,Bedroom,Spacewood,1,25500.0,10.0,22950.0,16000.0,6950.0,Net Banking,Delivered
ORD_00474,2023-08-27,2023-08-29,CUST_0249,Naveen Mishra,Male,53,Chennai,Tamil Nadu,South,STR_105,Bengaluru Indiranagar Mall,PRD_E02,Dell XPS 13,Electronics,Laptops,Dell,1,85000.0,10.0,76500.0,65000.0,11500.0,Net Banking,Delivered
ORD_00475,2023-08-27,2023-08-29,CUST_0063,Pooja Pillai,Female,25,Chennai,Tamil Nadu,South,STR_107,Chennai Express Store,PRD_C05,Women Designer Georgette Saree,Clothing,Ethnic Wear,FabIndia,2,4999.0,15.0,8498.3,3600.0,4898.3,Debit Card,Delivered
ORD_00476,2023-12-05,2023-12-08,CUST_0155,Preeti Bhat,Female,49,Bhubaneswar,Odisha,East,STR_104,Noida Cyber Express,PRD_F05,3-Seater Velvet Fabric Sofa,Furniture,Living Room,Wakefit,1,34999.0,5.0,33249.05,22000.0,11249.05,UPI,Delivered
ORD_00477,2023-08-28,2023-08-31,CUST_0265,Alok Reddy,Male,51,New Delhi,Delhi,North,STR_104,Noida Cyber Express,PRD_F09,6-Seater Solid Oak Dining Set,Furniture,Dining,Durian,1,38000.0,10.0,34200.0,24000.0,10200.0,UPI,Delivered
ORD_00478,2023-08-28,2023-08-29,CUST_0151,Atharva Saxena,Male,39,Gurugram,Haryana,North,STR_103,Delhi Connaught Hub,PRD_F03,Motorized Standing Desk,Furniture,Desks,ErgoSmart,1,26999.0,0.0,26999.0,18000.0,8999.0,UPI,Delivered
ORD_00479,2024-03-18,2024-03-20,CUST_0113,Rajendra Rao,Male,57,Mumbai,Maharashtra,West,STR_110,Ahmedabad SG Highway Store,PRD_F05,3-Seater Velvet Fabric Sofa,Furniture,Living Room,Wakefit,2,34999.0,0.0,69998.0,44000.0,25998.0,UPI,Delivered
ORD_00479,2024-03-18,2024-03-20,CUST_0113,Rajendra Rao,Male,57,Mumbai,Maharashtra,West,STR_110,Ahmedabad SG Highway Store,PRD_C08,Puma UltraRide Sneakers,Clothing,Footwear,Puma,1,4999.0,20.0,3999.2,2200.0,1799.2,UPI,Delivered
ORD_00480,2023-08-29,2023-09-01,CUST_0130,Vikram Banerjee,Male,25,Gurugram,Haryana,North,STR_104,Noida Cyber Express,PRD_F10,Geometric Minimalist Bookshelf,Furniture,Storage,Home Centre,2,7999.0,15.0,13598.3,9000.0,4598.3,UPI,Delivered
ORD_00481,2023-08-29,2023-09-02,CUST_0266,Kabir Iyer,Male,28,Chennai,Tamil Nadu,South,STR_107,Chennai Express Store,PRD_F06,L-Shape Sectional Luxury Sofa,Furniture,Living Room,Godrej Interio,2,52000.0,0.0,104000.0,68000.0,36000.0,UPI,Delivered
ORD_00482,2023-08-30,2023-09-04,CUST_0131,Kabir Banerjee,Male,59,Bengaluru,Karnataka,South,STR_106,Hyderabad Hitech Outlet,PRD_E01,MacBook Air M2,Electronics,Laptops,Apple,1,94900.0,10.0,85410.0,72000.0,13410.0,Cash on Delivery (COD),Delivered
ORD_00483,2023-08-30,2023-09-03,CUST_0311,Vijay Saxena,Male,54,New Delhi,Delhi,North,STR_107,Chennai Express Store,PRD_F06,L-Shape Sectional Luxury Sofa,Furniture,Living Room,Godrej Interio,1,52000.0,15.0,44200.0,34000.0,10200.0,UPI,Delivered
ORD_00483,2023-08-30,2023-09-03,CUST_0311,Vijay Saxena,Male,54,New Delhi,Delhi,North,STR_107,Chennai Express Store,PRD_H04,Dyson V8 Cordless Vacuum Cleaner,Home & Kitchen,Home Care,Dyson,1,29900.0,10.0,26910.0,19000.0,7910.0,UPI,Delivered
ORD_00483,2023-08-30,2023-09-03,CUST_0311,Vijay Saxena,Male,54,New Delhi,Delhi,North,STR_107,Chennai Express Store,PRD_E12,Logitech Mechanical Keyboard,Electronics,Accessories,Logitech,1,6495.0,10.0,5845.5,4500.0,1345.5,UPI,Delivered
ORD_00484,2023-08-30,2023-09-03,CUST_0055,Rajeev Kapoor,Male,31,Guwahati,Assam,East,STR_109,Patna Central Outlet,PRD_C08,Puma UltraRide Sneakers,Clothing,Footwear,Puma,2,4999.0,0.0,9998.0,4400.0,5598.0,UPI,Delivered
ORD_00485,2023-08-31,2023-09-02,CUST_0325,Nikhil Bose,Male,39,Surat,Gujarat,West,STR_102,Pune Tech Hub Outlet,PRD_C07,Nike Air Zoom Pegasus Running Shoes,Clothing,Footwear,Nike,1,8995.0,5.0,8545.25,4200.0,4345.25,UPI,Delivered
ORD_00486,2023-11-17,2023-11-19,CUST_0111,Neha Patel,Female,47,Kolkata,West Bengal,East,STR_108,Kolkata Park Street Store,PRD_E06,OnePlus 12,Electronics,Smartphones,OnePlus,1,64999.0,0.0,64999.0,45000.0,19999.0,UPI,Delivered
ORD_00486,2023-11-17,2023-11-19,CUST_0111,Neha Patel,Female,47,Kolkata,West Bengal,East,STR_108,Kolkata Park Street Store,PRD_F06,L-Shape Sectional Luxury Sofa,Furniture,Living Room,Godrej Interio,1,52000.0,0.0,52000.0,34000.0,18000.0,UPI,Delivered
ORD_00487,2024-09-15,2024-09-17,CUST_0095,Dinesh Das,Male,53,Gurugram,Haryana,North,STR_104,Noida Cyber Express,PRD_E13,TP-Link AX3000 Wi-Fi 6 Router,Electronics,Networking,TP-Link,1,4999.0,10.0,4499.1,3200.0,1299.1,Credit Card,Delivered
ORD_00488,2023-09-02,2023-09-07,CUST_0070,Aarav Joshi,Male,61,New Delhi,Delhi,North,STR_103,Delhi Connaught Hub,PRD_C08,Puma UltraRide Sneakers,Clothing,Footwear,Puma,1,4999.0,20.0,3999.2,2200.0,1799.2,Cash on Delivery (COD),Delivered
ORD_00488,2023-09-02,2023-09-07,CUST_0070,Aarav Joshi,Male,61,New Delhi,Delhi,North,STR_103,Delhi Connaught Hub,PRD_C04,Women Silk Embroidered Kurta Set,Clothing,Ethnic Wear,Biba,2,3899.0,0.0,7798.0,2800.0,4998.0,Cash on Delivery (COD),Delivered
ORD_00489,2023-09-03,2023-09-06,CUST_0322,Karthik Kapoor,Male,47,Guwahati,Assam,East,STR_109,Patna Central Outlet,PRD_E12,Logitech Mechanical Keyboard,Electronics,Accessories,Logitech,1,6495.0,10.0,5845.5,4500.0,1345.5,UPI,Delivered
ORD_00490,2023-09-03,2023-09-05,CUST_0179,Mohan Saxena,Male,50,Pune,Maharashtra,West,STR_102,Pune Tech Hub Outlet,PRD_E14,SanDisk 1TB Portable SSD,Electronics,Storage,SanDisk,1,8499.0,20.0,6799.2,6000.0,799.2,UPI,Delivered
ORD_00491,2024-08-26,2024-08-31,CUST_0201,Kiran Bose,Male,25,New Delhi,Delhi,North,STR_103,Delhi Connaught Hub,PRD_F10,Geometric Minimalist Bookshelf,Furniture,Storage,Home Centre,1,7999.0,0.0,7999.0,4500.0,3499.0,Credit Card,Delivered
ORD_00492,2023-09-04,2023-09-07,CUST_0070,Aarav Joshi,Male,61,New Delhi,Delhi,North,STR_107,Chennai Express Store,PRD_E10,LG 27-inch 4K UHD Monitor,Electronics,Monitors,LG,1,28500.0,0.0,28500.0,21000.0,7500.0,UPI,Delivered
ORD_00493,2023-09-04,2023-09-08,CUST_0070,Aarav Joshi,Male,61,New Delhi,Delhi,North,STR_104,Noida Cyber Express,PRD_F04,Solid Teak Wood Study Table,Furniture,Desks,Urban Ladder,1,14500.0,10.0,13050.0,9000.0,4050.0,Cash on Delivery (COD),Returned
ORD_00493,2023-09-04,2023-09-08,CUST_0070,Aarav Joshi,Male,61,New Delhi,Delhi,North,STR_104,Noida Cyber Express,PRD_E04,iPhone 15 Pro,Electronics,Smartphones,Apple,1,124900.0,20.0,99920.0,95000.0,4920.0,Cash on Delivery (COD),Returned
ORD_00494,2023-09-05,2023-09-10,CUST_0020,Saanvi Yadav,Female,36,New Delhi,Delhi,North,STR_110,Ahmedabad SG Highway Store,PRD_E03,HP Pavilion Gaming Laptop,Electronics,Laptops,HP,1,62000.0,10.0,55800.0,48000.0,7800.0,Net Banking,Delivered
ORD_00494,2023-09-05,2023-09-10,CUST_0020,Saanvi Yadav,Female,36,New Delhi,Delhi,North,STR_110,Ahmedabad SG Highway Store,PRD_H02,Prestige 750W Mixer Grinder,Home & Kitchen,Appliances,Prestige,1,3890.0,0.0,3890.0,2100.0,1790.0,Net Banking,Delivered
ORD_00494,2023-09-05,2023-09-10,CUST_0020,Saanvi Yadav,Female,36,New Delhi,Delhi,North,STR_110,Ahmedabad SG Highway Store,PRD_E12,Logitech Mechanical Keyboard,Electronics,Accessories,Logitech,1,6495.0,0.0,6495.0,4500.0,1995.0,Net Banking,Delivered
ORD_00495,2023-09-06,2023-09-08,CUST_0070,Aarav Joshi,Male,61,New Delhi,Delhi,North,STR_103,Delhi Connaught Hub,PRD_F01,Ergonomic Mesh Office Chair,Furniture,Chairs,Green Soul,1,12999.0,15.0,11049.15,7500.0,3549.15,UPI,Delivered
ORD_00496,2024-04-14,2024-04-15,CUST_0170,Dinesh Singh,Male,40,Patna,Bihar,East,STR_108,Kolkata Park Street Store,PRD_F02,Executive Leather Boss Chair,Furniture,Chairs,Featherlite,1,18500.0,10.0,16650.0,11000.0,5650.0,Credit Card,Delivered
ORD_00497,2023-09-08,2023-09-12,CUST_0311,Vijay Saxena,Male,54,New Delhi,Delhi,North,STR_104,Noida Cyber Express,PRD_C02,Premium Egyptian Cotton Shirt,Clothing,Formal Wear,Louis Philippe,2,2499.0,0.0,4998.0,1900.0,3098.0,UPI,Delivered
ORD_00498,2023-09-08,2023-09-13,CUST_0220,Diya Saini,Female,61,Surat,Gujarat,West,STR_101,Mumbai Flagship Store,PRD_C02,Premium Egyptian Cotton Shirt,Clothing,Formal Wear,Louis Philippe,3,2499.0,0.0,7497.0,2850.0,4647.0,UPI,Delivered
ORD_00499,2023-09-09,2023-09-10,CUST_0179,Mohan Saxena,Male,50,Pune,Maharashtra,West,STR_102,Pune Tech Hub Outlet,PRD_F07,King Size Engineered Wood Bed,Furniture,Bedroom,Wakefit,1,24999.0,10.0,22499.1,15000.0,7499.1,Credit Card,Delivered
ORD_00500,2023-09-09,2023-09-12,CUST_0325,Nikhil Bose,Male,39,Surat,Gujarat,West,STR_102,Pune Tech Hub Outlet,PRD_F07,King Size Engineered Wood Bed,Furniture,Bedroom,Wakefit,1,24999.0,20.0,19999.2,15000.0,4999.2,UPI,Delivered
ORD_00501,2023-09-10,2023-09-11,CUST_0314,Sara Mehta,Female,30,New Delhi,Delhi,North,STR_101,Mumbai Flagship Store,PRD_H03,Instant Pot Duo 7-in-1 Cooker,Home & Kitchen,Appliances,Instant Pot,2,9999.0,5.0,18998.1,11000.0,7998.1,UPI,Delivered
ORD_00501,2023-09-10,2023-09-11,CUST_0314,Sara Mehta,Female,30,New Delhi,Delhi,North,STR_101,Mumbai Flagship Store,PRD_F09,6-Seater Solid Oak Dining Set,Furniture,Dining,Durian,1,38000.0,0.0,38000.0,24000.0,14000.0,UPI,Delivered
ORD_00502,2023-09-11,2023-09-15,CUST_0229,Karthik Saxena,Male,27,Chennai,Tamil Nadu,South,STR_106,Hyderabad Hitech Outlet,PRD_H05,Kent Grand Plus Water Purifier,Home & Kitchen,Appliances,Kent,1,14999.0,5.0,14249.05,9500.0,4749.05,Credit Card,Delivered
ORD_00503,2023-09-11,2023-09-13,CUST_0141,Sunita Menon,Female,56,Lucknow,Uttar Pradesh,North,STR_106,Hyderabad Hitech Outlet,PRD_E01,MacBook Air M2,Electronics,Laptops,Apple,1,94900.0,0.0,94900.0,72000.0,22900.0,Credit Card,Delivered
ORD_00504,2023-09-12,2023-09-15,CUST_0325,Nikhil Bose,Male,39,Surat,Gujarat,West,STR_102,Pune Tech Hub Outlet,PRD_E08,Apple AirPods Pro 2,Electronics,Audio,Apple,1,22900.0,15.0,19465.0,16000.0,3465.0,Debit Card,Delivered
ORD_00504,2023-09-12,2023-09-15,CUST_0325,Nikhil Bose,Male,39,Surat,Gujarat,West,STR_102,Pune Tech Hub Outlet,PRD_F07,King Size Engineered Wood Bed,Furniture,Bedroom,Wakefit,1,24999.0,20.0,19999.2,15000.0,4999.2,Debit Card,Delivered
ORD_00505,2023-12-06,2023-12-09,CUST_0262,Pooja Thakur,Female,58,Pune,Maharashtra,West,STR_110,Ahmedabad SG Highway Store,PRD_E04,iPhone 15 Pro,Electronics,Smartphones,Apple,1,124900.0,10.0,112410.0,95000.0,17410.0,UPI,Delivered
ORD_00505,2023-12-06,2023-12-09,CUST_0262,Pooja Thakur,Female,58,Pune,Maharashtra,West,STR_110,Ahmedabad SG Highway Store,PRD_F01,Ergonomic Mesh Office Chair,Furniture,Chairs,Green Soul,1,12999.0,0.0,12999.0,7500.0,5499.0,UPI,Delivered
ORD_00506,2023-12-05,2023-12-07,CUST_0306,Rajesh Das,Male,61,Pune,Maharashtra,West,STR_101,Mumbai Flagship Store,PRD_H01,Philips Air Fryer XL 4.1L,Home & Kitchen,Appliances,Philips,2,8495.0,10.0,15291.0,9600.0,5691.0,Credit Card,Delivered
ORD_00507,2023-09-13,2023-09-15,CUST_0227,Arun Patel,Male,21,Kochi,Kerala,South,STR_106,Hyderabad Hitech Outlet,PRD_C06,Men Stretch Denim Jeans,Clothing,Casual Wear,Levi's,1,2999.0,0.0,2999.0,1100.0,1899.0,Debit Card,Delivered
ORD_00508,2024-05-09,2024-05-11,CUST_0234,Sandeep Deshmukh,Male,55,Chennai,Tamil Nadu,South,STR_105,Bengaluru Indiranagar Mall,PRD_E06,OnePlus 12,Electronics,Smartphones,OnePlus,1,64999.0,15.0,55249.15,45000.0,10249.15,UPI,Delivered
ORD_00508,2024-05-09,2024-05-11,CUST_0234,Sandeep Deshmukh,Male,55,Chennai,Tamil Nadu,South,STR_105,Bengaluru Indiranagar Mall,PRD_F05,3-Seater Velvet Fabric Sofa,Furniture,Living Room,Wakefit,1,34999.0,15.0,29749.15,22000.0,7749.15,UPI,Delivered
ORD_00509,2023-09-16,2023-09-21,CUST_0324,Rajeev Bose,Male,56,Chennai,Tamil Nadu,South,STR_106,Hyderabad Hitech Outlet,PRD_C03,Men Tapered Chinos,Clothing,Casual Wear,Allen Solly,1,2199.0,0.0,2199.0,800.0,1399.0,Credit Card,Delivered
ORD_00509,2023-09-16,2023-09-21,CUST_0324,Rajeev Bose,Male,56,Chennai,Tamil Nadu,South,STR_106,Hyderabad Hitech Outlet,PRD_F03,Motorized Standing Desk,Furniture,Desks,ErgoSmart,1,26999.0,0.0,26999.0,18000.0,8999.0,Credit Card,Delivered
ORD_00510,2023-09-16,2023-09-21,CUST_0304,Reyansh Mehta,Male,49,Patna,Bihar,East,STR_109,Patna Central Outlet,PRD_F05,3-Seater Velvet Fabric Sofa,Furniture,Living Room,Wakefit,1,34999.0,0.0,34999.0,22000.0,12999.0,UPI,Delivered
ORD_00511,2023-12-24,2023-12-26,CUST_0155,Preeti Bhat,Female,49,Bhubaneswar,Odisha,East,STR_109,Patna Central Outlet,PRD_C07,Nike Air Zoom Pegasus Running Shoes,Clothing,Footwear,Nike,3,8995.0,10.0,24286.5,12600.0,11686.5,UPI,Delivered
ORD_00512,2023-11-30,2023-12-05,CUST_0155,Preeti Bhat,Female,49,Bhubaneswar,Odisha,East,STR_109,Patna Central Outlet,PRD_C07,Nike Air Zoom Pegasus Running Shoes,Clothing,Footwear,Nike,2,8995.0,10.0,16191.0,8400.0,7791.0,Cash on Delivery (COD),Delivered
ORD_00512,2023-11-30,2023-12-05,CUST_0155,Preeti Bhat,Female,49,Bhubaneswar,Odisha,East,STR_109,Patna Central Outlet,PRD_C03,Men Tapered Chinos,Clothing,Casual Wear,Allen Solly,1,2199.0,15.0,1869.15,800.0,1069.15,Cash on Delivery (COD),Delivered
ORD_00512,2023-11-30,2023-12-05,CUST_0155,Preeti Bhat,Female,49,Bhubaneswar,Odisha,East,STR_109,Patna Central Outlet,PRD_E09,boAt Rockerz 450,Electronics,Audio,boAt,1,1499.0,10.0,1349.1,800.0,549.1,Cash on Delivery (COD),Delivered
ORD_00513,2023-09-17,2023-09-22,CUST_0097,Shaurya Saxena,Male,40,Jaipur,Rajasthan,North,STR_108,Kolkata Park Street Store,PRD_E09,boAt Rockerz 450,Electronics,Audio,boAt,1,1499.0,0.0,1499.0,800.0,699.0,Net Banking,Delivered
ORD_00514,2023-09-17,2023-09-20,CUST_0151,Atharva Saxena,Male,39,Gurugram,Haryana,North,STR_107,Chennai Express Store,PRD_F01,Ergonomic Mesh Office Chair,Furniture,Chairs,Green Soul,1,12999.0,20.0,10399.2,7500.0,2899.2,Credit Card,Delivered
ORD_00515,2023-09-18,2023-09-21,CUST_0044,Kiran Deshmukh,Male,62,Pune,Maharashtra,West,STR_101,Mumbai Flagship Store,PRD_C02,Premium Egyptian Cotton Shirt,Clothing,Formal Wear,Louis Philippe,1,2499.0,10.0,2249.1,950.0,1299.1,Credit Card,Delivered
ORD_00515,2023-09-18,2023-09-21,CUST_0044,Kiran Deshmukh,Male,62,Pune,Maharashtra,West,STR_101,Mumbai Flagship Store,PRD_F09,6-Seater Solid Oak Dining Set,Furniture,Dining,Durian,1,38000.0,0.0,38000.0,24000.0,14000.0,Credit Card,Delivered
ORD_00516,2023-09-19,2023-09-21,CUST_0040,Arjun Bose,Male,25,Hyderabad,Telangana,South,STR_105,Bengaluru Indiranagar Mall,PRD_H02,Prestige 750W Mixer Grinder,Home & Kitchen,Appliances,Prestige,2,3890.0,5.0,7391.0,4200.0,3191.0,Credit Card,Returned
ORD_00517,2023-09-19,2023-09-23,CUST_0315,Kusum Bose,Female,53,Surat,Gujarat,West,STR_107,Chennai Express Store,PRD_E02,Dell XPS 13,Electronics,Laptops,Dell,1,85000.0,10.0,76500.0,65000.0,11500.0,Credit Card,Returned
ORD_00518,2023-09-19,2023-09-24,CUST_0253,Meena Banerjee,Female,25,Patna,Bihar,East,STR_108,Kolkata Park Street Store,PRD_E04,iPhone 15 Pro,Electronics,Smartphones,Apple,1,124900.0,0.0,124900.0,95000.0,29900.0,Credit Card,Delivered
ORD_00518,2023-09-19,2023-09-24,CUST_0253,Meena Banerjee,Female,25,Patna,Bihar,East,STR_108,Kolkata Park Street Store,PRD_E09,boAt Rockerz 450,Electronics,Audio,boAt,1,1499.0,0.0,1499.0,800.0,699.0,Credit Card,Delivered
ORD_00519,2023-12-24,2023-12-29,CUST_0155,Preeti Bhat,Female,49,Bhubaneswar,Odisha,East,STR_108,Kolkata Park Street Store,PRD_E14,SanDisk 1TB Portable SSD,Electronics,Storage,SanDisk,1,8499.0,0.0,8499.0,6000.0,2499.0,UPI,Delivered
ORD_00520,2023-11-29,2023-12-02,CUST_0306,Rajesh Das,Male,61,Pune,Maharashtra,West,STR_101,Mumbai Flagship Store,PRD_F02,Executive Leather Boss Chair,Furniture,Chairs,Featherlite,2,18500.0,0.0,37000.0,22000.0,15000.0,Credit Card,Delivered
ORD_00521,2024-01-08,2024-01-13,CUST_0074,Reyansh Nair,Male,23,Chennai,Tamil Nadu,South,STR_105,Bengaluru Indiranagar Mall,PRD_E04,iPhone 15 Pro,Electronics,Smartphones,Apple,1,124900.0,5.0,118655.0,95000.0,23655.0,Credit Card,Returned
ORD_00522,2023-09-21,2023-09-26,CUST_0135,Aanya Patil,Female,54,Noida,Uttar Pradesh,North,STR_108,Kolkata Park Street Store,PRD_H03,Instant Pot Duo 7-in-1 Cooker,Home & Kitchen,Appliances,Instant Pot,1,9999.0,5.0,9499.05,5500.0,3999.05,Net Banking,Delivered
ORD_00523,2023-09-21,2023-09-24,CUST_0002,Diya Chatterjee,Female,55,Surat,Gujarat,West,STR_110,Ahmedabad SG Highway Store,PRD_E06,OnePlus 12,Electronics,Smartphones,OnePlus,1,64999.0,5.0,61749.05,45000.0,16749.05,UPI,Delivered
ORD_00524,2023-11-24,2023-11-25,CUST_0306,Rajesh Das,Male,61,Pune,Maharashtra,West,STR_110,Ahmedabad SG Highway Store,PRD_F01,Ergonomic Mesh Office Chair,Furniture,Chairs,Green Soul,1,12999.0,5.0,12349.05,7500.0,4849.05,UPI,Returned
ORD_00524,2023-11-24,2023-11-25,CUST_0306,Rajesh Das,Male,61,Pune,Maharashtra,West,STR_110,Ahmedabad SG Highway Store,PRD_F07,King Size Engineered Wood Bed,Furniture,Bedroom,Wakefit,1,24999.0,0.0,24999.0,15000.0,9999.0,UPI,Returned
ORD_00525,2023-11-21,2023-11-22,CUST_0306,Rajesh Das,Male,61,Pune,Maharashtra,West,STR_102,Pune Tech Hub Outlet,PRD_F08,4-Door Wardrobe with Mirror,Furniture,Bedroom,Spacewood,1,25500.0,0.0,25500.0,16000.0,9500.0,Credit Card,Delivered
ORD_00526,2023-09-22,2023-09-25,CUST_0034,Pooja Das,Female,56,Bhubaneswar,Odisha,East,STR_109,Patna Central Outlet,PRD_F02,Executive Leather Boss Chair,Furniture,Chairs,Featherlite,1,18500.0,0.0,18500.0,11000.0,7500.0,Net Banking,Delivered
ORD_00526,2023-09-22,2023-09-25,CUST_0034,Pooja Das,Female,56,Bhubaneswar,Odisha,East,STR_109,Patna Central Outlet,PRD_F05,3-Seater Velvet Fabric Sofa,Furniture,Living Room,Wakefit,2,34999.0,20.0,55998.4,44000.0,11998.4,Net Banking,Delivered
ORD_00527,2024-05-07,2024-05-08,CUST_0305,Arun Iyer,Male,45,Bengaluru,Karnataka,South,STR_101,Mumbai Flagship Store,PRD_H02,Prestige 750W Mixer Grinder,Home & Kitchen,Appliances,Prestige,1,3890.0,10.0,3501.0,2100.0,1401.0,UPI,Delivered
ORD_00527,2024-05-07,2024-05-08,CUST_0305,Arun Iyer,Male,45,Bengaluru,Karnataka,South,STR_101,Mumbai Flagship Store,PRD_E10,LG 27-inch 4K UHD Monitor,Electronics,Monitors,LG,1,28500.0,0.0,28500.0,21000.0,7500.0,UPI,Delivered
ORD_00528,2023-09-23,2023-09-26,CUST_0031,Meena Sharma,Female,44,Surat,Gujarat,West,STR_102,Pune Tech Hub Outlet,PRD_F02,Executive Leather Boss Chair,Furniture,Chairs,Featherlite,1,18500.0,10.0,16650.0,11000.0,5650.0,Credit Card,Delivered
ORD_00529,2023-09-23,2023-09-24,CUST_0326,Aadhya Yadav,Female,53,Patna,Bihar,East,STR_109,Patna Central Outlet,PRD_C10,UV Protected Polarized Sunglasses,Clothing,Accessories,Ray-Ban,1,3490.0,10.0,3141.0,1100.0,2041.0,Credit Card,Cancelled
ORD_00529,2023-09-23,2023-09-24,CUST_0326,Aadhya Yadav,Female,53,Patna,Bihar,East,STR_109,Patna Central Outlet,PRD_E04,iPhone 15 Pro,Electronics,Smartphones,Apple,1,124900.0,10.0,112410.0,95000.0,17410.0,Credit Card,Cancelled
ORD_00530,2023-09-24,2023-09-25,CUST_0195,Sameer Rao,Male,41,Patna,Bihar,East,STR_108,Kolkata Park Street Store,PRD_H01,Philips Air Fryer XL 4.1L,Home & Kitchen,Appliances,Philips,2,8495.0,5.0,16140.5,9600.0,6540.5,Credit Card,Delivered
ORD_00531,2023-11-19,2023-11-23,CUST_0096,Ananya Das,Female,39,Ahmedabad,Gujarat,West,STR_110,Ahmedabad SG Highway Store,PRD_C02,Premium Egyptian Cotton Shirt,Clothing,Formal Wear,Louis Philippe,1,2499.0,0.0,2499.0,950.0,1549.0,Net Banking,Delivered
ORD_00532,2023-09-25,2023-09-29,CUST_0070,Aarav Joshi,Male,61,New Delhi,Delhi,North,STR_110,Ahmedabad SG Highway Store,PRD_F06,L-Shape Sectional Luxury Sofa,Furniture,Living Room,Godrej Interio,1,52000.0,0.0,52000.0,34000.0,18000.0,Credit Card,Delivered
ORD_00532,2023-09-25,2023-09-29,CUST_0070,Aarav Joshi,Male,61,New Delhi,Delhi,North,STR_110,Ahmedabad SG Highway Store,PRD_H01,Philips Air Fryer XL 4.1L,Home & Kitchen,Appliances,Philips,1,8495.0,20.0,6796.0,4800.0,1996.0,Credit Card,Delivered
ORD_00532,2023-09-25,2023-09-29,CUST_0070,Aarav Joshi,Male,61,New Delhi,Delhi,North,STR_110,Ahmedabad SG Highway Store,PRD_F05,3-Seater Velvet Fabric Sofa,Furniture,Living Room,Wakefit,1,34999.0,5.0,33249.05,22000.0,11249.05,Credit Card,Delivered
ORD_00533,2023-11-06,2023-11-07,CUST_0246,Deepak Pandey,Male,58,Jaipur,Rajasthan,North,STR_103,Delhi Connaught Hub,PRD_H04,Dyson V8 Cordless Vacuum Cleaner,Home & Kitchen,Home Care,Dyson,1,29900.0,0.0,29900.0,19000.0,10900.0,Credit Card,Delivered
ORD_00534,2024-06-12,2024-06-14,CUST_0213,Suresh Malhotra,Male,61,Bengaluru,Karnataka,South,STR_106,Hyderabad Hitech Outlet,PRD_E05,Samsung Galaxy S24,Electronics,Smartphones,Samsung,1,79999.0,5.0,75999.05,60000.0,15999.05,Debit Card,Cancelled
ORD_00534,2024-06-12,2024-06-14,CUST_0213,Suresh Malhotra,Male,61,Bengaluru,Karnataka,South,STR_106,Hyderabad Hitech Outlet,PRD_F06,L-Shape Sectional Luxury Sofa,Furniture,Living Room,Godrej Interio,1,52000.0,5.0,49400.0,34000.0,15400.0,Debit Card,Cancelled
ORD_00535,2023-09-26,2023-09-27,CUST_0265,Alok Reddy,Male,51,New Delhi,Delhi,North,STR_104,Noida Cyber Express,PRD_E11,Logitech MX Master 3S Mouse,Electronics,Accessories,Logitech,2,8995.0,10.0,16191.0,12400.0,3791.0,UPI,Delivered
ORD_00536,2023-09-27,2023-09-30,CUST_0054,Sameer Verma,Male,24,Hyderabad,Telangana,South,STR_106,Hyderabad Hitech Outlet,PRD_E01,MacBook Air M2,Electronics,Laptops,Apple,1,94900.0,0.0,94900.0,72000.0,22900.0,UPI,Delivered
ORD_00536,2023-09-27,2023-09-30,CUST_0054,Sameer Verma,Male,24,Hyderabad,Telangana,South,STR_106,Hyderabad Hitech Outlet,PRD_F06,L-Shape Sectional Luxury Sofa,Furniture,Living Room,Godrej Interio,1,52000.0,10.0,46800.0,34000.0,12800.0,UPI,Delivered
ORD_00537,2023-09-27,2023-09-29,CUST_0227,Arun Patel,Male,21,Kochi,Kerala,South,STR_106,Hyderabad Hitech Outlet,PRD_E06,OnePlus 12,Electronics,Smartphones,OnePlus,1,64999.0,0.0,64999.0,45000.0,19999.0,UPI,Delivered
ORD_00538,2023-09-27,2023-09-28,CUST_0070,Aarav Joshi,Male,61,New Delhi,Delhi,North,STR_104,Noida Cyber Express,PRD_F02,Executive Leather Boss Chair,Furniture,Chairs,Featherlite,1,18500.0,15.0,15725.0,11000.0,4725.0,UPI,Delivered
ORD_00538,2023-09-27,2023-09-28,CUST_0070,Aarav Joshi,Male,61,New Delhi,Delhi,North,STR_104,Noida Cyber Express,PRD_E14,SanDisk 1TB Portable SSD,Electronics,Storage,SanDisk,1,8499.0,0.0,8499.0,6000.0,2499.0,UPI,Delivered
ORD_00539,2023-09-27,2023-09-28,CUST_0265,Alok Reddy,Male,51,New Delhi,Delhi,North,STR_103,Delhi Connaught Hub,PRD_E08,Apple AirPods Pro 2,Electronics,Audio,Apple,1,22900.0,0.0,22900.0,16000.0,6900.0,Credit Card,Cancelled
ORD_00539,2023-09-27,2023-09-28,CUST_0265,Alok Reddy,Male,51,New Delhi,Delhi,North,STR_103,Delhi Connaught Hub,PRD_F10,Geometric Minimalist Bookshelf,Furniture,Storage,Home Centre,2,7999.0,5.0,15198.1,9000.0,6198.1,Credit Card,Cancelled
ORD_00540,2023-09-28,2023-10-03,CUST_0314,Sara Mehta,Female,30,New Delhi,Delhi,North,STR_103,Delhi Connaught Hub,PRD_E11,Logitech MX Master 3S Mouse,Electronics,Accessories,Logitech,1,8995.0,5.0,8545.25,6200.0,2345.25,UPI,Delivered
ORD_00541,2023-09-29,2023-10-03,CUST_0031,Meena Sharma,Female,44,Surat,Gujarat,West,STR_110,Ahmedabad SG Highway Store,PRD_F01,Ergonomic Mesh Office Chair,Furniture,Chairs,Green Soul,1,12999.0,15.0,11049.15,7500.0,3549.15,Debit Card,Delivered
ORD_00542,2024-03-26,2024-03-28,CUST_0116,Rashmi Patil,Female,22,Bhubaneswar,Odisha,East,STR_106,Hyderabad Hitech Outlet,PRD_H03,Instant Pot Duo 7-in-1 Cooker,Home & Kitchen,Appliances,Instant Pot,1,9999.0,20.0,7999.2,5500.0,2499.2,Credit Card,Delivered
ORD_00542,2024-03-26,2024-03-28,CUST_0116,Rashmi Patil,Female,22,Bhubaneswar,Odisha,East,STR_106,Hyderabad Hitech Outlet,PRD_F03,Motorized Standing Desk,Furniture,Desks,ErgoSmart,1,26999.0,0.0,26999.0,18000.0,8999.0,Credit Card,Delivered
ORD_00542,2024-03-26,2024-03-28,CUST_0116,Rashmi Patil,Female,22,Bhubaneswar,Odisha,East,STR_106,Hyderabad Hitech Outlet,PRD_F06,L-Shape Sectional Luxury Sofa,Furniture,Living Room,Godrej Interio,1,52000.0,0.0,52000.0,34000.0,18000.0,Credit Card,Delivered
ORD_00543,2023-09-29,2023-10-01,CUST_0003,Ajay Verma,Male,26,Mumbai,Maharashtra,West,STR_102,Pune Tech Hub Outlet,PRD_E12,Logitech Mechanical Keyboard,Electronics,Accessories,Logitech,1,6495.0,0.0,6495.0,4500.0,1995.0,UPI,Delivered
ORD_00543,2023-09-29,2023-10-01,CUST_0003,Ajay Verma,Male,26,Mumbai,Maharashtra,West,STR_102,Pune Tech Hub Outlet,PRD_E11,Logitech MX Master 3S Mouse,Electronics,Accessories,Logitech,1,8995.0,10.0,8095.5,6200.0,1895.5,UPI,Delivered
ORD_00543,2023-09-29,2023-10-01,CUST_0003,Ajay Verma,Male,26,Mumbai,Maharashtra,West,STR_102,Pune Tech Hub Outlet,PRD_F02,Executive Leather Boss Chair,Furniture,Chairs,Featherlite,2,18500.0,20.0,29600.0,22000.0,7600.0,UPI,Delivered
ORD_00544,2023-11-08,2023-11-13,CUST_0246,Deepak Pandey,Male,58,Jaipur,Rajasthan,North,STR_104,Noida Cyber Express,PRD_E11,Logitech MX Master 3S Mouse,Electronics,Accessories,Logitech,2,8995.0,15.0,15291.5,12400.0,2891.5,Credit Card,Returned
ORD_00544,2023-11-08,2023-11-13,CUST_0246,Deepak Pandey,Male,58,Jaipur,Rajasthan,North,STR_104,Noida Cyber Express,PRD_E06,OnePlus 12,Electronics,Smartphones,OnePlus,1,64999.0,0.0,64999.0,45000.0,19999.0,Credit Card,Returned
ORD_00544,2023-11-08,2023-11-13,CUST_0246,Deepak Pandey,Male,58,Jaipur,Rajasthan,North,STR_104,Noida Cyber Express,PRD_C04,Women Silk Embroidered Kurta Set,Clothing,Ethnic Wear,Biba,4,3899.0,0.0,15596.0,5600.0,9996.0,Credit Card,Returned
ORD_00545,2023-11-16,2023-11-18,CUST_0246,Deepak Pandey,Male,58,Jaipur,Rajasthan,North,STR_103,Delhi Connaught Hub,PRD_C02,Premium Egyptian Cotton Shirt,Clothing,Formal Wear,Louis Philippe,2,2499.0,10.0,4498.2,1900.0,2598.2,UPI,Delivered
ORD_00545,2023-11-16,2023-11-18,CUST_0246,Deepak Pandey,Male,58,Jaipur,Rajasthan,North,STR_103,Delhi Connaught Hub,PRD_C03,Men Tapered Chinos,Clothing,Casual Wear,Allen Solly,1,2199.0,0.0,2199.0,800.0,1399.0,UPI,Delivered
ORD_00545,2023-11-16,2023-11-18,CUST_0246,Deepak Pandey,Male,58,Jaipur,Rajasthan,North,STR_103,Delhi Connaught Hub,PRD_H02,Prestige 750W Mixer Grinder,Home & Kitchen,Appliances,Prestige,1,3890.0,0.0,3890.0,2100.0,1790.0,UPI,Delivered
ORD_00546,2023-10-01,2023-10-06,CUST_0192,Rajendra Joshi,Male,38,Guwahati,Assam,East,STR_108,Kolkata Park Street Store,PRD_C01,Men Slim Fit Formal Blazer,Clothing,Formal Wear,Raymond,3,5999.0,0.0,17997.0,7800.0,10197.0,UPI,Delivered
ORD_00547,2024-04-04,2024-04-05,CUST_0114,Rajeev Sharma,Male,40,Chennai,Tamil Nadu,South,STR_105,Bengaluru Indiranagar Mall,PRD_H05,Kent Grand Plus Water Purifier,Home & Kitchen,Appliances,Kent,1,14999.0,5.0,14249.05,9500.0,4749.05,Net Banking,Delivered
ORD_00548,2024-08-03,2024-08-06,CUST_0119,Ishaan Saini,Male,29,Kolkata,West Bengal,East,STR_108,Kolkata Park Street Store,PRD_E07,Sony WH-1000XM5 Headphones,Electronics,Audio,Sony,1,28990.0,20.0,23192.0,20000.0,3192.0,Debit Card,Delivered
ORD_00549,2023-12-14,2023-12-15,CUST_0155,Preeti Bhat,Female,49,Bhubaneswar,Odisha,East,STR_109,Patna Central Outlet,PRD_E10,LG 27-inch 4K UHD Monitor,Electronics,Monitors,LG,1,28500.0,20.0,22800.0,21000.0,1800.0,Net Banking,Delivered
ORD_00550,2023-10-01,2023-10-04,CUST_0337,Gaurav Malhotra,Male,30,Jaipur,Rajasthan,North,STR_103,Delhi Connaught Hub,PRD_E12,Logitech Mechanical Keyboard,Electronics,Accessories,Logitech,1,6495.0,10.0,5845.5,4500.0,1345.5,Cash on Delivery (COD),Delivered
ORD_00550,2023-10-01,2023-10-04,CUST_0337,Gaurav Malhotra,Male,30,Jaipur,Rajasthan,North,STR_103,Delhi Connaught Hub,PRD_H03,Instant Pot Duo 7-in-1 Cooker,Home & Kitchen,Appliances,Instant Pot,1,9999.0,5.0,9499.05,5500.0,3999.05,Cash on Delivery (COD),Delivered
ORD_00551,2024-11-09,2024-11-12,CUST_0198,Aanya Bhat,Female,29,Pune,Maharashtra,West,STR_110,Ahmedabad SG Highway Store,PRD_F09,6-Seater Solid Oak Dining Set,Furniture,Dining,Durian,1,38000.0,5.0,36100.0,24000.0,12100.0,UPI,Delivered
ORD_00552,2023-10-02,2023-10-05,CUST_0141,Sunita Menon,Female,56,Lucknow,Uttar Pradesh,North,STR_104,Noida Cyber Express,PRD_E07,Sony WH-1000XM5 Headphones,Electronics,Audio,Sony,1,28990.0,0.0,28990.0,20000.0,8990.0,Cash on Delivery (COD),Delivered
ORD_00552,2023-10-02,2023-10-05,CUST_0141,Sunita Menon,Female,56,Lucknow,Uttar Pradesh,North,STR_104,Noida Cyber Express,PRD_H02,Prestige 750W Mixer Grinder,Home & Kitchen,Appliances,Prestige,2,3890.0,0.0,7780.0,4200.0,3580.0,Cash on Delivery (COD),Delivered
ORD_00553,2023-10-02,2023-10-06,CUST_0087,Sara Yadav,Female,48,Pune,Maharashtra,West,STR_102,Pune Tech Hub Outlet,PRD_H01,Philips Air Fryer XL 4.1L,Home & Kitchen,Appliances,Philips,1,8495.0,0.0,8495.0,4800.0,3695.0,Net Banking,Delivered
ORD_00554,2023-10-02,2023-10-06,CUST_0035,Swati Kapoor,Female,34,Kolkata,West Bengal,East,STR_108,Kolkata Park Street Store,PRD_C02,Premium Egyptian Cotton Shirt,Clothing,Formal Wear,Louis Philippe,3,2499.0,0.0,7497.0,2850.0,4647.0,Debit Card,Delivered
ORD_00555,2023-10-31,2023-11-03,CUST_0246,Deepak Pandey,Male,58,Jaipur,Rajasthan,North,STR_104,Noida Cyber Express,PRD_C10,UV Protected Polarized Sunglasses,Clothing,Accessories,Ray-Ban,1,3490.0,15.0,2966.5,1100.0,1866.5,Credit Card,Delivered
ORD_00555,2023-10-31,2023-11-03,CUST_0246,Deepak Pandey,Male,58,Jaipur,Rajasthan,North,STR_104,Noida Cyber Express,PRD_F03,Motorized Standing Desk,Furniture,Desks,ErgoSmart,2,26999.0,5.0,51298.1,36000.0,15298.1,Credit Card,Delivered
ORD_00556,2023-10-03,2023-10-05,CUST_0199,Vijay Bose,Male,49,Surat,Gujarat,West,STR_102,Pune Tech Hub Outlet,PRD_E07,Sony WH-1000XM5 Headphones,Electronics,Audio,Sony,1,28990.0,10.0,26091.0,20000.0,6091.0,Debit Card,Delivered
ORD_00557,2023-10-04,2023-10-06,CUST_0253,Meena Banerjee,Female,25,Patna,Bihar,East,STR_109,Patna Central Outlet,PRD_C08,Puma UltraRide Sneakers,Clothing,Footwear,Puma,1,4999.0,5.0,4749.05,2200.0,2549.05,Net Banking,Delivered
ORD_00558,2023-10-05,2023-10-08,CUST_0314,Sara Mehta,Female,30,New Delhi,Delhi,North,STR_104,Noida Cyber Express,PRD_H02,Prestige 750W Mixer Grinder,Home & Kitchen,Appliances,Prestige,1,3890.0,20.0,3112.0,2100.0,1012.0,Cash on Delivery (COD),Delivered
ORD_00558,2023-10-05,2023-10-08,CUST_0314,Sara Mehta,Female,30,New Delhi,Delhi,North,STR_104,Noida Cyber Express,PRD_E01,MacBook Air M2,Electronics,Laptops,Apple,1,94900.0,0.0,94900.0,72000.0,22900.0,Cash on Delivery (COD),Delivered
ORD_00559,2024-04-25,2024-04-30,CUST_0049,Shaurya Pillai,Male,31,Jaipur,Rajasthan,North,STR_102,Pune Tech Hub Outlet,PRD_C01,Men Slim Fit Formal Blazer,Clothing,Formal Wear,Raymond,1,5999.0,0.0,5999.0,2600.0,3399.0,Credit Card,Delivered
ORD_00560,2023-10-05,2023-10-09,CUST_0242,Riya Patel,Female,58,Gurugram,Haryana,North,STR_104,Noida Cyber Express,PRD_H05,Kent Grand Plus Water Purifier,Home & Kitchen,Appliances,Kent,1,14999.0,20.0,11999.2,9500.0,2499.2,UPI,Delivered
ORD_00561,2023-10-05,2023-10-10,CUST_0183,Shweta Saini,Female,24,Patna,Bihar,East,STR_108,Kolkata Park Street Store,PRD_C08,Puma UltraRide Sneakers,Clothing,Footwear,Puma,1,4999.0,0.0,4999.0,2200.0,2799.0,Cash on Delivery (COD),Delivered
ORD_00561,2023-10-05,2023-10-10,CUST_0183,Shweta Saini,Female,24,Patna,Bihar,East,STR_108,Kolkata Park Street Store,PRD_F07,King Size Engineered Wood Bed,Furniture,Bedroom,Wakefit,1,24999.0,10.0,22499.1,15000.0,7499.1,Cash on Delivery (COD),Delivered
ORD_00562,2023-10-05,2023-10-07,CUST_0135,Aanya Patil,Female,54,Noida,Uttar Pradesh,North,STR_103,Delhi Connaught Hub,PRD_H01,Philips Air Fryer XL 4.1L,Home & Kitchen,Appliances,Philips,1,8495.0,10.0,7645.5,4800.0,2845.5,Cash on Delivery (COD),Returned
ORD_00563,2023-10-21,2023-10-22,CUST_0104,Vikrant Das,Male,56,Guwahati,Assam,East,STR_109,Patna Central Outlet,PRD_E09,boAt Rockerz 450,Electronics,Audio,boAt,2,1499.0,10.0,2698.2,1600.0,1098.2,UPI,Delivered
ORD_00564,2023-10-06,2023-10-11,CUST_0070,Aarav Joshi,Male,61,New Delhi,Delhi,North,STR_104,Noida Cyber Express,PRD_C08,Puma UltraRide Sneakers,Clothing,Footwear,Puma,1,4999.0,0.0,4999.0,2200.0,2799.0,Net Banking,Delivered
ORD_00565,2023-10-06,2023-10-11,CUST_0297,Sunita Malhotra,Female,43,Pune,Maharashtra,West,STR_102,Pune Tech Hub Outlet,PRD_E03,HP Pavilion Gaming Laptop,Electronics,Laptops,HP,1,62000.0,15.0,52700.0,48000.0,4700.0,Net Banking,Delivered
ORD_00566,2024-03-04,2024-03-08,CUST_0197,Reyansh Joshi,Male,45,Bhubaneswar,Odisha,East,STR_103,Delhi Connaught Hub,PRD_C01,Men Slim Fit Formal Blazer,Clothing,Formal Wear,Raymond,1,5999.0,0.0,5999.0,2600.0,3399.0,Credit Card,Delivered
ORD_00567,2023-10-06,2023-10-08,CUST_0053,Aanya Reddy,Female,34,Bengaluru,Karnataka,South,STR_101,Mumbai Flagship Store,PRD_E09,boAt Rockerz 450,Electronics,Audio,boAt,1,1499.0,5.0,1424.05,800.0,624.05,Debit Card,Delivered
ORD_00567,2023-10-06,2023-10-08,CUST_0053,Aanya Reddy,Female,34,Bengaluru,Karnataka,South,STR_101,Mumbai Flagship Store,PRD_C04,Women Silk Embroidered Kurta Set,Clothing,Ethnic Wear,Biba,1,3899.0,10.0,3509.1,1400.0,2109.1,Debit Card,Delivered
ORD_00567,2023-10-06,2023-10-08,CUST_0053,Aanya Reddy,Female,34,Bengaluru,Karnataka,South,STR_101,Mumbai Flagship Store,PRD_H05,Kent Grand Plus Water Purifier,Home & Kitchen,Appliances,Kent,1,14999.0,10.0,13499.1,9500.0,3999.1,Debit Card,Delivered
ORD_00568,2023-10-06,2023-10-08,CUST_0151,Atharva Saxena,Male,39,Gurugram,Haryana,North,STR_106,Hyderabad Hitech Outlet,PRD_E03,HP Pavilion Gaming Laptop,Electronics,Laptops,HP,1,62000.0,5.0,58900.0,48000.0,10900.0,Net Banking,Delivered
ORD_00569,2023-10-06,2023-10-10,CUST_0244,Sunita Bose,Female,29,New Delhi,Delhi,North,STR_103,Delhi Connaught Hub,PRD_H03,Instant Pot Duo 7-in-1 Cooker,Home & Kitchen,Appliances,Instant Pot,1,9999.0,15.0,8499.15,5500.0,2999.15,Cash on Delivery (COD),Delivered
ORD_00569,2023-10-06,2023-10-10,CUST_0244,Sunita Bose,Female,29,New Delhi,Delhi,North,STR_103,Delhi Connaught Hub,PRD_E14,SanDisk 1TB Portable SSD,Electronics,Storage,SanDisk,2,8499.0,0.0,16998.0,12000.0,4998.0,Cash on Delivery (COD),Delivered
ORD_00569,2023-10-06,2023-10-10,CUST_0244,Sunita Bose,Female,29,New Delhi,Delhi,North,STR_103,Delhi Connaught Hub,PRD_E10,LG 27-inch 4K UHD Monitor,Electronics,Monitors,LG,1,28500.0,0.0,28500.0,21000.0,7500.0,Cash on Delivery (COD),Delivered
ORD_00570,2024-07-07,2024-07-12,CUST_0288,Sunil Bose,Male,36,Surat,Gujarat,West,STR_101,Mumbai Flagship Store,PRD_F09,6-Seater Solid Oak Dining Set,Furniture,Dining,Durian,1,38000.0,0.0,38000.0,24000.0,14000.0,Cash on Delivery (COD),Delivered
ORD_00571,2023-11-27,2023-11-28,CUST_0306,Rajesh Das,Male,61,Pune,Maharashtra,West,STR_108,Kolkata Park Street Store,PRD_E12,Logitech Mechanical Keyboard,Electronics,Accessories,Logitech,1,6495.0,5.0,6170.25,4500.0,1670.25,UPI,Delivered
ORD_00572,2023-11-30,2023-12-05,CUST_0096,Ananya Das,Female,39,Ahmedabad,Gujarat,West,STR_101,Mumbai Flagship Store,PRD_F09,6-Seater Solid Oak Dining Set,Furniture,Dining,Durian,1,38000.0,5.0,36100.0,24000.0,12100.0,UPI,Delivered
ORD_00573,2023-10-08,2023-10-13,CUST_0027,Rakesh Sharma,Male,53,Lucknow,Uttar Pradesh,North,STR_108,Kolkata Park Street Store,PRD_E01,MacBook Air M2,Electronics,Laptops,Apple,1,94900.0,15.0,80665.0,72000.0,8665.0,UPI,Delivered
ORD_00574,2024-05-30,2024-06-04,CUST_0258,Rajesh Saxena,Male,46,Patna,Bihar,East,STR_106,Hyderabad Hitech Outlet,PRD_E07,Sony WH-1000XM5 Headphones,Electronics,Audio,Sony,1,28990.0,10.0,26091.0,20000.0,6091.0,Credit Card,Delivered
ORD_00575,2024-03-06,2024-03-07,CUST_0113,Rajendra Rao,Male,57,Mumbai,Maharashtra,West,STR_109,Patna Central Outlet,PRD_C07,Nike Air Zoom Pegasus Running Shoes,Clothing,Footwear,Nike,2,8995.0,10.0,16191.0,8400.0,7791.0,Cash on Delivery (COD),Delivered
ORD_00576,2023-10-09,2023-10-14,CUST_0009,Swati Pandey,Female,50,Pune,Maharashtra,West,STR_110,Ahmedabad SG Highway Store,PRD_F04,Solid Teak Wood Study Table,Furniture,Desks,Urban Ladder,1,14500.0,0.0,14500.0,9000.0,5500.0,Credit Card,Delivered
ORD_00577,2023-10-09,2023-10-10,CUST_0051,Ananya Rao,Female,45,Mumbai,Maharashtra,West,STR_110,Ahmedabad SG Highway Store,PRD_C02,Premium Egyptian Cotton Shirt,Clothing,Formal Wear,Louis Philippe,2,2499.0,0.0,4998.0,1900.0,3098.0,Debit Card,Delivered
ORD_00577,2023-10-09,2023-10-10,CUST_0051,Ananya Rao,Female,45,Mumbai,Maharashtra,West,STR_110,Ahmedabad SG Highway Store,PRD_C01,Men Slim Fit Formal Blazer,Clothing,Formal Wear,Raymond,2,5999.0,10.0,10798.2,5200.0,5598.2,Debit Card,Delivered
ORD_00578,2024-01-20,2024-01-23,CUST_0349,Meera Verma,Female,39,Gurugram,Haryana,North,STR_105,Bengaluru Indiranagar Mall,PRD_F03,Motorized Standing Desk,Furniture,Desks,ErgoSmart,1,26999.0,0.0,26999.0,18000.0,8999.0,UPI,Delivered
ORD_00579,2024-05-13,2024-05-17,CUST_0186,Aadhya Nair,Female,56,Mumbai,Maharashtra,West,STR_110,Ahmedabad SG Highway Store,PRD_F04,Solid Teak Wood Study Table,Furniture,Desks,Urban Ladder,1,14500.0,10.0,13050.0,9000.0,4050.0,Debit Card,Delivered
ORD_00579,2024-05-13,2024-05-17,CUST_0186,Aadhya Nair,Female,56,Mumbai,Maharashtra,West,STR_110,Ahmedabad SG Highway Store,PRD_C01,Men Slim Fit Formal Blazer,Clothing,Formal Wear,Raymond,1,5999.0,0.0,5999.0,2600.0,3399.0,Debit Card,Delivered
ORD_00580,2023-10-10,2023-10-14,CUST_0151,Atharva Saxena,Male,39,Gurugram,Haryana,North,STR_104,Noida Cyber Express,PRD_F10,Geometric Minimalist Bookshelf,Furniture,Storage,Home Centre,1,7999.0,5.0,7599.05,4500.0,3099.05,Credit Card,Delivered
ORD_00580,2023-10-10,2023-10-14,CUST_0151,Atharva Saxena,Male,39,Gurugram,Haryana,North,STR_104,Noida Cyber Express,PRD_E10,LG 27-inch 4K UHD Monitor,Electronics,Monitors,LG,1,28500.0,10.0,25650.0,21000.0,4650.0,Credit Card,Delivered
ORD_00581,2024-05-16,2024-05-18,CUST_0257,Neha Patil,Female,35,Patna,Bihar,East,STR_109,Patna Central Outlet,PRD_C03,Men Tapered Chinos,Clothing,Casual Wear,Allen Solly,2,2199.0,10.0,3958.2,1600.0,2358.2,UPI,Delivered
ORD_00582,2023-10-10,2023-10-15,CUST_0118,Pooja Chauhan,Female,46,Mumbai,Maharashtra,West,STR_110,Ahmedabad SG Highway Store,PRD_C10,UV Protected Polarized Sunglasses,Clothing,Accessories,Ray-Ban,3,3490.0,0.0,10470.0,3300.0,7170.0,UPI,Delivered
ORD_00582,2023-10-10,2023-10-15,CUST_0118,Pooja Chauhan,Female,46,Mumbai,Maharashtra,West,STR_110,Ahmedabad SG Highway Store,PRD_F04,Solid Teak Wood Study Table,Furniture,Desks,Urban Ladder,1,14500.0,0.0,14500.0,9000.0,5500.0,UPI,Delivered
ORD_00583,2024-04-03,2024-04-04,CUST_0309,Saanvi Pillai,Female,40,Chennai,Tamil Nadu,South,STR_106,Hyderabad Hitech Outlet,PRD_F05,3-Seater Velvet Fabric Sofa,Furniture,Living Room,Wakefit,1,34999.0,0.0,34999.0,22000.0,12999.0,UPI,Delivered
ORD_00584,2023-12-27,2023-12-29,CUST_0155,Preeti Bhat,Female,49,Bhubaneswar,Odisha,East,STR_102,Pune Tech Hub Outlet,PRD_C05,Women Designer Georgette Saree,Clothing,Ethnic Wear,FabIndia,2,4999.0,5.0,9498.1,3600.0,5898.1,Credit Card,Delivered
ORD_00584,2023-12-27,2023-12-29,CUST_0155,Preeti Bhat,Female,49,Bhubaneswar,Odisha,East,STR_102,Pune Tech Hub Outlet,PRD_C03,Men Tapered Chinos,Clothing,Casual Wear,Allen Solly,2,2199.0,0.0,4398.0,1600.0,2798.0,Credit Card,Delivered
ORD_00584,2023-12-27,2023-12-29,CUST_0155,Preeti Bhat,Female,49,Bhubaneswar,Odisha,East,STR_102,Pune Tech Hub Outlet,PRD_E13,TP-Link AX3000 Wi-Fi 6 Router,Electronics,Networking,TP-Link,1,4999.0,10.0,4499.1,3200.0,1299.1,Credit Card,Delivered
ORD_00585,2024-03-25,2024-03-28,CUST_0307,Ayaan Joshi,Male,56,Surat,Gujarat,West,STR_110,Ahmedabad SG Highway Store,PRD_E13,TP-Link AX3000 Wi-Fi 6 Router,Electronics,Networking,TP-Link,1,4999.0,0.0,4999.0,3200.0,1799.0,Net Banking,Delivered
ORD_00586,2023-10-13,2023-10-16,CUST_0236,Meena Chauhan,Female,38,Kolkata,West Bengal,East,STR_109,Patna Central Outlet,PRD_F09,6-Seater Solid Oak Dining Set,Furniture,Dining,Durian,1,38000.0,0.0,38000.0,24000.0,14000.0,UPI,Delivered
ORD_00587,2024-01-03,2024-01-04,CUST_0075,Riya Das,Female,27,Jaipur,Rajasthan,North,STR_102,Pune Tech Hub Outlet,PRD_E02,Dell XPS 13,Electronics,Laptops,Dell,1,85000.0,0.0,85000.0,65000.0,20000.0,UPI,Delivered
ORD_00588,2023-10-13,2023-10-17,CUST_0183,Shweta Saini,Female,24,Patna,Bihar,East,STR_109,Patna Central Outlet,PRD_F07,King Size Engineered Wood Bed,Furniture,Bedroom,Wakefit,1,24999.0,0.0,24999.0,15000.0,9999.0,Debit Card,Delivered
ORD_00589,2023-10-14,2023-10-18,CUST_0314,Sara Mehta,Female,30,New Delhi,Delhi,North,STR_104,Noida Cyber Express,PRD_F01,Ergonomic Mesh Office Chair,Furniture,Chairs,Green Soul,1,12999.0,10.0,11699.1,7500.0,4199.1,UPI,Delivered
ORD_00589,2023-10-14,2023-10-18,CUST_0314,Sara Mehta,Female,30,New Delhi,Delhi,North,STR_104,Noida Cyber Express,PRD_E02,Dell XPS 13,Electronics,Laptops,Dell,1,85000.0,5.0,80750.0,65000.0,15750.0,UPI,Delivered
ORD_00589,2023-10-14,2023-10-18,CUST_0314,Sara Mehta,Female,30,New Delhi,Delhi,North,STR_104,Noida Cyber Express,PRD_C03,Men Tapered Chinos,Clothing,Casual Wear,Allen Solly,2,2199.0,0.0,4398.0,1600.0,2798.0,UPI,Delivered
ORD_00590,2023-10-14,2023-10-16,CUST_0092,Sara Patil,Female,32,Kochi,Kerala,South,STR_107,Chennai Express Store,PRD_H04,Dyson V8 Cordless Vacuum Cleaner,Home & Kitchen,Home Care,Dyson,2,29900.0,10.0,53820.0,38000.0,15820.0,Cash on Delivery (COD),Delivered
ORD_00591,2023-10-15,2023-10-19,CUST_0340,Ayaan Kapoor,Male,53,Guwahati,Assam,East,STR_108,Kolkata Park Street Store,PRD_C06,Men Stretch Denim Jeans,Clothing,Casual Wear,Levi's,2,2999.0,5.0,5698.1,2200.0,3498.1,Debit Card,Delivered
ORD_00592,2023-10-15,2023-10-18,CUST_0314,Sara Mehta,Female,30,New Delhi,Delhi,North,STR_107,Chennai Express Store,PRD_F08,4-Door Wardrobe with Mirror,Furniture,Bedroom,Spacewood,1,25500.0,0.0,25500.0,16000.0,9500.0,UPI,Delivered
ORD_00593,2023-11-11,2023-11-12,CUST_0246,Deepak Pandey,Male,58,Jaipur,Rajasthan,North,STR_109,Patna Central Outlet,PRD_C05,Women Designer Georgette Saree,Clothing,Ethnic Wear,FabIndia,1,4999.0,5.0,4749.05,1800.0,2949.05,Credit Card,Delivered
ORD_00593,2023-11-11,2023-11-12,CUST_0246,Deepak Pandey,Male,58,Jaipur,Rajasthan,North,STR_109,Patna Central Outlet,PRD_H04,Dyson V8 Cordless Vacuum Cleaner,Home & Kitchen,Home Care,Dyson,1,29900.0,0.0,29900.0,19000.0,10900.0,Credit Card,Delivered
ORD_00594,2023-10-16,2023-10-20,CUST_0070,Aarav Joshi,Male,61,New Delhi,Delhi,North,STR_104,Noida Cyber Express,PRD_F09,6-Seater Solid Oak Dining Set,Furniture,Dining,Durian,1,38000.0,10.0,34200.0,24000.0,10200.0,UPI,Delivered
ORD_00595,2023-10-16,2023-10-21,CUST_0044,Kiran Deshmukh,Male,62,Pune,Maharashtra,West,STR_101,Mumbai Flagship Store,PRD_C10,UV Protected Polarized Sunglasses,Clothing,Accessories,Ray-Ban,2,3490.0,0.0,6980.0,2200.0,4780.0,Credit Card,Delivered
ORD_00596,2023-10-17,2023-10-19,CUST_0204,Sameer Verma,Male,36,Ahmedabad,Gujarat,West,STR_102,Pune Tech Hub Outlet,PRD_H04,Dyson V8 Cordless Vacuum Cleaner,Home & Kitchen,Home Care,Dyson,1,29900.0,5.0,28405.0,19000.0,9405.0,UPI,Delivered
ORD_00597,2024-05-26,2024-05-27,CUST_0222,Pooja Patel,Female,41,Bengaluru,Karnataka,South,STR_106,Hyderabad Hitech Outlet,PRD_H05,Kent Grand Plus Water Purifier,Home & Kitchen,Appliances,Kent,1,14999.0,10.0,13499.1,9500.0,3999.1,Net Banking,Delivered
ORD_00598,2023-10-17,2023-10-20,CUST_0054,Sameer Verma,Male,24,Hyderabad,Telangana,South,STR_107,Chennai Express Store,PRD_F10,Geometric Minimalist Bookshelf,Furniture,Storage,Home Centre,2,7999.0,0.0,15998.0,9000.0,6998.0,Cash on Delivery (COD),Cancelled
ORD_00599,2023-10-17,2023-10-21,CUST_0324,Rajeev Bose,Male,56,Chennai,Tamil Nadu,South,STR_106,Hyderabad Hitech Outlet,PRD_E13,TP-Link AX3000 Wi-Fi 6 Router,Electronics,Networking,TP-Link,1,4999.0,0.0,4999.0,3200.0,1799.0,Debit Card,Delivered
ORD_00600,2024-07-14,2024-07-15,CUST_0105,Dinesh Chauhan,Male,48,Guwahati,Assam,East,STR_109,Patna Central Outlet,PRD_H03,Instant Pot Duo 7-in-1 Cooker,Home & Kitchen,Appliances,Instant Pot,1,9999.0,15.0,8499.15,5500.0,2999.15,Credit Card,Delivered
ORD_00601,2023-10-18,2023-10-22,CUST_0061,Krishna Sharma,Male,60,Patna,Bihar,East,STR_108,Kolkata Park Street Store,PRD_E11,Logitech MX Master 3S Mouse,Electronics,Accessories,Logitech,1,8995.0,0.0,8995.0,6200.0,2795.0,UPI,Delivered
ORD_00602,2023-12-01,2023-12-05,CUST_0306,Rajesh Das,Male,61,Pune,Maharashtra,West,STR_110,Ahmedabad SG Highway Store,PRD_E06,OnePlus 12,Electronics,Smartphones,OnePlus,1,64999.0,0.0,64999.0,45000.0,19999.0,UPI,Delivered
ORD_00603,2024-09-19,2024-09-21,CUST_0248,Rajendra Kapoor,Male,25,Surat,Gujarat,West,STR_102,Pune Tech Hub Outlet,PRD_F01,Ergonomic Mesh Office Chair,Furniture,Chairs,Green Soul,1,12999.0,0.0,12999.0,7500.0,5499.0,Credit Card,Delivered
ORD_00604,2023-10-19,2023-10-20,CUST_0326,Aadhya Yadav,Female,53,Patna,Bihar,East,STR_108,Kolkata Park Street Store,PRD_H01,Philips Air Fryer XL 4.1L,Home & Kitchen,Appliances,Philips,1,8495.0,5.0,8070.25,4800.0,3270.25,Debit Card,Delivered
ORD_00604,2023-10-19,2023-10-20,CUST_0326,Aadhya Yadav,Female,53,Patna,Bihar,East,STR_108,Kolkata Park Street Store,PRD_F09,6-Seater Solid Oak Dining Set,Furniture,Dining,Durian,1,38000.0,20.0,30400.0,24000.0,6400.0,Debit Card,Delivered
ORD_00605,2023-10-19,2023-10-20,CUST_0322,Karthik Kapoor,Male,47,Guwahati,Assam,East,STR_108,Kolkata Park Street Store,PRD_H01,Philips Air Fryer XL 4.1L,Home & Kitchen,Appliances,Philips,2,8495.0,0.0,16990.0,9600.0,7390.0,Credit Card,Delivered
ORD_00606,2023-10-19,2023-10-21,CUST_0053,Aanya Reddy,Female,34,Bengaluru,Karnataka,South,STR_104,Noida Cyber Express,PRD_E04,iPhone 15 Pro,Electronics,Smartphones,Apple,1,124900.0,5.0,118655.0,95000.0,23655.0,UPI,Delivered
ORD_00607,2024-10-19,2024-10-21,CUST_0193,Preeti Chatterjee,Female,58,Bengaluru,Karnataka,South,STR_106,Hyderabad Hitech Outlet,PRD_H05,Kent Grand Plus Water Purifier,Home & Kitchen,Appliances,Kent,1,14999.0,10.0,13499.1,9500.0,3999.1,UPI,Delivered
ORD_00608,2024-09-08,2024-09-09,CUST_0201,Kiran Bose,Male,25,New Delhi,Delhi,North,STR_104,Noida Cyber Express,PRD_C01,Men Slim Fit Formal Blazer,Clothing,Formal Wear,Raymond,2,5999.0,5.0,11398.1,5200.0,6198.1,Credit Card,Cancelled
ORD_00608,2024-09-08,2024-09-09,CUST_0201,Kiran Bose,Male,25,New Delhi,Delhi,North,STR_104,Noida Cyber Express,PRD_F07,King Size Engineered Wood Bed,Furniture,Bedroom,Wakefit,1,24999.0,5.0,23749.05,15000.0,8749.05,Credit Card,Cancelled
ORD_00609,2023-10-21,2023-10-23,CUST_0051,Ananya Rao,Female,45,Mumbai,Maharashtra,West,STR_101,Mumbai Flagship Store,PRD_C02,Premium Egyptian Cotton Shirt,Clothing,Formal Wear,Louis Philippe,1,2499.0,15.0,2124.15,950.0,1174.15,Credit Card,Delivered
ORD_00609,2023-10-21,2023-10-23,CUST_0051,Ananya Rao,Female,45,Mumbai,Maharashtra,West,STR_101,Mumbai Flagship Store,PRD_E06,OnePlus 12,Electronics,Smartphones,OnePlus,1,64999.0,0.0,64999.0,45000.0,19999.0,Credit Card,Delivered
ORD_00609,2023-10-21,2023-10-23,CUST_0051,Ananya Rao,Female,45,Mumbai,Maharashtra,West,STR_101,Mumbai Flagship Store,PRD_H03,Instant Pot Duo 7-in-1 Cooker,Home & Kitchen,Appliances,Instant Pot,1,9999.0,0.0,9999.0,5500.0,4499.0,Credit Card,Delivered
ORD_00610,2023-11-26,2023-11-28,CUST_0262,Pooja Thakur,Female,58,Pune,Maharashtra,West,STR_104,Noida Cyber Express,PRD_E08,Apple AirPods Pro 2,Electronics,Audio,Apple,1,22900.0,20.0,18320.0,16000.0,2320.0,UPI,Delivered
ORD_00611,2023-10-22,2023-10-25,CUST_0319,Dinesh Chauhan,Male,49,Bengaluru,Karnataka,South,STR_107,Chennai Express Store,PRD_F07,King Size Engineered Wood Bed,Furniture,Bedroom,Wakefit,1,24999.0,5.0,23749.05,15000.0,8749.05,Debit Card,Delivered
ORD_00611,2023-10-22,2023-10-25,CUST_0319,Dinesh Chauhan,Male,49,Bengaluru,Karnataka,South,STR_107,Chennai Express Store,PRD_E14,SanDisk 1TB Portable SSD,Electronics,Storage,SanDisk,1,8499.0,5.0,8074.05,6000.0,2074.05,Debit Card,Delivered
ORD_00612,2023-10-22,2023-10-26,CUST_0259,Atharva Joshi,Male,41,Kolkata,West Bengal,East,STR_109,Patna Central Outlet,PRD_C03,Men Tapered Chinos,Clothing,Casual Wear,Allen Solly,1,2199.0,10.0,1979.1,800.0,1179.1,Cash on Delivery (COD),Returned
ORD_00612,2023-10-22,2023-10-26,CUST_0259,Atharva Joshi,Male,41,Kolkata,West Bengal,East,STR_109,Patna Central Outlet,PRD_E09,boAt Rockerz 450,Electronics,Audio,boAt,1,1499.0,15.0,1274.15,800.0,474.15,Cash on Delivery (COD),Returned
ORD_00613,2023-10-22,2023-10-24,CUST_0267,Priya Pandey,Female,56,Kolkata,West Bengal,East,STR_109,Patna Central Outlet,PRD_E09,boAt Rockerz 450,Electronics,Audio,boAt,1,1499.0,0.0,1499.0,800.0,699.0,Credit Card,Delivered
ORD_00614,2023-10-22,2023-10-27,CUST_0253,Meena Banerjee,Female,25,Patna,Bihar,East,STR_109,Patna Central Outlet,PRD_E12,Logitech Mechanical Keyboard,Electronics,Accessories,Logitech,1,6495.0,5.0,6170.25,4500.0,1670.25,UPI,Delivered
ORD_00615,2023-11-19,2023-11-20,CUST_0262,Pooja Thakur,Female,58,Pune,Maharashtra,West,STR_102,Pune Tech Hub Outlet,PRD_F10,Geometric Minimalist Bookshelf,Furniture,Storage,Home Centre,1,7999.0,5.0,7599.05,4500.0,3099.05,Cash on Delivery (COD),Cancelled
ORD_00616,2024-09-10,2024-09-13,CUST_0164,Aadhya Sharma,Female,49,Kolkata,West Bengal,East,STR_109,Patna Central Outlet,PRD_E01,MacBook Air M2,Electronics,Laptops,Apple,1,94900.0,0.0,94900.0,72000.0,22900.0,Debit Card,Delivered
ORD_00616,2024-09-10,2024-09-13,CUST_0164,Aadhya Sharma,Female,49,Kolkata,West Bengal,East,STR_109,Patna Central Outlet,PRD_C09,Athletic Dry-Fit Tracksuit,Clothing,Activewear,Under Armour,1,3299.0,10.0,2969.1,1200.0,1769.1,Debit Card,Delivered
ORD_00617,2023-10-24,2023-10-29,CUST_0070,Aarav Joshi,Male,61,New Delhi,Delhi,North,STR_104,Noida Cyber Express,PRD_C10,UV Protected Polarized Sunglasses,Clothing,Accessories,Ray-Ban,1,3490.0,15.0,2966.5,1100.0,1866.5,UPI,Delivered
ORD_00617,2023-10-24,2023-10-29,CUST_0070,Aarav Joshi,Male,61,New Delhi,Delhi,North,STR_104,Noida Cyber Express,PRD_F09,6-Seater Solid Oak Dining Set,Furniture,Dining,Durian,1,38000.0,10.0,34200.0,24000.0,10200.0,UPI,Delivered
ORD_00618,2024-01-01,2024-01-05,CUST_0218,Preeti Mishra,Female,59,Jaipur,Rajasthan,North,STR_104,Noida Cyber Express,PRD_F03,Motorized Standing Desk,Furniture,Desks,ErgoSmart,1,26999.0,5.0,25649.05,18000.0,7649.05,Credit Card,Delivered
ORD_00618,2024-01-01,2024-01-05,CUST_0218,Preeti Mishra,Female,59,Jaipur,Rajasthan,North,STR_104,Noida Cyber Express,PRD_E11,Logitech MX Master 3S Mouse,Electronics,Accessories,Logitech,1,8995.0,10.0,8095.5,6200.0,1895.5,Credit Card,Delivered
ORD_00618,2024-01-01,2024-01-05,CUST_0218,Preeti Mishra,Female,59,Jaipur,Rajasthan,North,STR_104,Noida Cyber Express,PRD_E07,Sony WH-1000XM5 Headphones,Electronics,Audio,Sony,1,28990.0,10.0,26091.0,20000.0,6091.0,Credit Card,Delivered
ORD_00619,2024-01-05,2024-01-08,CUST_0075,Riya Das,Female,27,Jaipur,Rajasthan,North,STR_106,Hyderabad Hitech Outlet,PRD_F01,Ergonomic Mesh Office Chair,Furniture,Chairs,Green Soul,1,12999.0,10.0,11699.1,7500.0,4199.1,UPI,Delivered
ORD_00619,2024-01-05,2024-01-08,CUST_0075,Riya Das,Female,27,Jaipur,Rajasthan,North,STR_106,Hyderabad Hitech Outlet,PRD_C10,UV Protected Polarized Sunglasses,Clothing,Accessories,Ray-Ban,1,3490.0,10.0,3141.0,1100.0,2041.0,UPI,Delivered
ORD_00619,2024-01-05,2024-01-08,CUST_0075,Riya Das,Female,27,Jaipur,Rajasthan,North,STR_106,Hyderabad Hitech Outlet,PRD_C08,Puma UltraRide Sneakers,Clothing,Footwear,Puma,1,4999.0,0.0,4999.0,2200.0,2799.0,UPI,Delivered
ORD_00620,2023-10-25,2023-10-28,CUST_0314,Sara Mehta,Female,30,New Delhi,Delhi,North,STR_103,Delhi Connaught Hub,PRD_E01,MacBook Air M2,Electronics,Laptops,Apple,1,94900.0,15.0,80665.0,72000.0,8665.0,UPI,Delivered
ORD_00621,2023-10-25,2023-10-27,CUST_0151,Atharva Saxena,Male,39,Gurugram,Haryana,North,STR_104,Noida Cyber Express,PRD_C02,Premium Egyptian Cotton Shirt,Clothing,Formal Wear,Louis Philippe,4,2499.0,5.0,9496.2,3800.0,5696.2,Credit Card,Delivered
ORD_00622,2023-10-26,2023-10-31,CUST_0039,Aarav Patel,Male,35,Pune,Maharashtra,West,STR_103,Delhi Connaught Hub,PRD_F08,4-Door Wardrobe with Mirror,Furniture,Bedroom,Spacewood,1,25500.0,5.0,24225.0,16000.0,8225.0,Credit Card,Delivered
ORD_00622,2023-10-26,2023-10-31,CUST_0039,Aarav Patel,Male,35,Pune,Maharashtra,West,STR_103,Delhi Connaught Hub,PRD_F02,Executive Leather Boss Chair,Furniture,Chairs,Featherlite,1,18500.0,0.0,18500.0,11000.0,7500.0,Credit Card,Delivered
ORD_00622,2023-10-26,2023-10-31,CUST_0039,Aarav Patel,Male,35,Pune,Maharashtra,West,STR_103,Delhi Connaught Hub,PRD_E01,MacBook Air M2,Electronics,Laptops,Apple,1,94900.0,5.0,90155.0,72000.0,18155.0,Credit Card,Delivered
ORD_00623,2023-10-27,2023-10-29,CUST_0314,Sara Mehta,Female,30,New Delhi,Delhi,North,STR_103,Delhi Connaught Hub,PRD_F07,King Size Engineered Wood Bed,Furniture,Bedroom,Wakefit,1,24999.0,0.0,24999.0,15000.0,9999.0,Debit Card,Delivered
ORD_00624,2023-10-27,2023-10-30,CUST_0135,Aanya Patil,Female,54,Noida,Uttar Pradesh,North,STR_104,Noida Cyber Express,PRD_E04,iPhone 15 Pro,Electronics,Smartphones,Apple,1,124900.0,10.0,112410.0,95000.0,17410.0,UPI,Delivered
ORD_00624,2023-10-27,2023-10-30,CUST_0135,Aanya Patil,Female,54,Noida,Uttar Pradesh,North,STR_104,Noida Cyber Express,PRD_F03,Motorized Standing Desk,Furniture,Desks,ErgoSmart,1,26999.0,10.0,24299.1,18000.0,6299.1,UPI,Delivered
ORD_00624,2023-10-27,2023-10-30,CUST_0135,Aanya Patil,Female,54,Noida,Uttar Pradesh,North,STR_104,Noida Cyber Express,PRD_F07,King Size Engineered Wood Bed,Furniture,Bedroom,Wakefit,1,24999.0,5.0,23749.05,15000.0,8749.05,UPI,Delivered
ORD_00625,2023-10-28,2023-11-01,CUST_0229,Karthik Saxena,Male,27,Chennai,Tamil Nadu,South,STR_103,Delhi Connaught Hub,PRD_H01,Philips Air Fryer XL 4.1L,Home & Kitchen,Appliances,Philips,1,8495.0,0.0,8495.0,4800.0,3695.0,Credit Card,Delivered
ORD_00625,2023-10-28,2023-11-01,CUST_0229,Karthik Saxena,Male,27,Chennai,Tamil Nadu,South,STR_103,Delhi Connaught Hub,PRD_E10,LG 27-inch 4K UHD Monitor,Electronics,Monitors,LG,1,28500.0,0.0,28500.0,21000.0,7500.0,Credit Card,Delivered
ORD_00626,2023-10-30,2023-11-04,CUST_0314,Sara Mehta,Female,30,New Delhi,Delhi,North,STR_104,Noida Cyber Express,PRD_E03,HP Pavilion Gaming Laptop,Electronics,Laptops,HP,1,62000.0,15.0,52700.0,48000.0,4700.0,Net Banking,Delivered
ORD_00627,2024-03-15,2024-03-17,CUST_0012,Kusum Patel,Female,27,Jaipur,Rajasthan,North,STR_104,Noida Cyber Express,PRD_E14,SanDisk 1TB Portable SSD,Electronics,Storage,SanDisk,1,8499.0,15.0,7224.15,6000.0,1224.15,UPI,Delivered
ORD_00627,2024-03-15,2024-03-17,CUST_0012,Kusum Patel,Female,27,Jaipur,Rajasthan,North,STR_104,Noida Cyber Express,PRD_C06,Men Stretch Denim Jeans,Clothing,Casual Wear,Levi's,1,2999.0,15.0,2549.15,1100.0,1449.15,UPI,Delivered
ORD_00627,2024-03-15,2024-03-17,CUST_0012,Kusum Patel,Female,27,Jaipur,Rajasthan,North,STR_104,Noida Cyber Express,PRD_F08,4-Door Wardrobe with Mirror,Furniture,Bedroom,Spacewood,1,25500.0,5.0,24225.0,16000.0,8225.0,UPI,Delivered
ORD_00628,2023-10-30,2023-11-03,CUST_0126,Sneha Gupta,Female,28,Bhubaneswar,Odisha,East,STR_108,Kolkata Park Street Store,PRD_C05,Women Designer Georgette Saree,Clothing,Ethnic Wear,FabIndia,1,4999.0,5.0,4749.05,1800.0,2949.05,UPI,Delivered
ORD_00629,2023-10-31,2023-11-02,CUST_0021,Ajay Menon,Male,44,Kochi,Kerala,South,STR_107,Chennai Express Store,PRD_C08,Puma UltraRide Sneakers,Clothing,Footwear,Puma,4,4999.0,5.0,18996.2,8800.0,10196.2,Cash on Delivery (COD),Delivered
ORD_00630,2023-11-22,2023-11-26,CUST_0306,Rajesh Das,Male,61,Pune,Maharashtra,West,STR_101,Mumbai Flagship Store,PRD_F07,King Size Engineered Wood Bed,Furniture,Bedroom,Wakefit,1,24999.0,0.0,24999.0,15000.0,9999.0,Credit Card,Delivered
ORD_00630,2023-11-22,2023-11-26,CUST_0306,Rajesh Das,Male,61,Pune,Maharashtra,West,STR_101,Mumbai Flagship Store,PRD_C08,Puma UltraRide Sneakers,Clothing,Footwear,Puma,4,4999.0,10.0,17996.4,8800.0,9196.4,Credit Card,Delivered
ORD_00630,2023-11-22,2023-11-26,CUST_0306,Rajesh Das,Male,61,Pune,Maharashtra,West,STR_101,Mumbai Flagship Store,PRD_E13,TP-Link AX3000 Wi-Fi 6 Router,Electronics,Networking,TP-Link,1,4999.0,20.0,3999.2,3200.0,799.2,Credit Card,Delivered
ORD_00631,2023-10-31,2023-11-05,CUST_0053,Aanya Reddy,Female,34,Bengaluru,Karnataka,South,STR_107,Chennai Express Store,PRD_F05,3-Seater Velvet Fabric Sofa,Furniture,Living Room,Wakefit,1,34999.0,5.0,33249.05,22000.0,11249.05,Credit Card,Delivered
ORD_00631,2023-10-31,2023-11-05,CUST_0053,Aanya Reddy,Female,34,Bengaluru,Karnataka,South,STR_107,Chennai Express Store,PRD_H04,Dyson V8 Cordless Vacuum Cleaner,Home & Kitchen,Home Care,Dyson,1,29900.0,5.0,28405.0,19000.0,9405.0,Credit Card,Delivered
ORD_00632,2023-10-31,2023-11-03,CUST_0141,Sunita Menon,Female,56,Lucknow,Uttar Pradesh,North,STR_110,Ahmedabad SG Highway Store,PRD_F06,L-Shape Sectional Luxury Sofa,Furniture,Living Room,Godrej Interio,1,52000.0,10.0,46800.0,34000.0,12800.0,UPI,Delivered
ORD_00633,2024-06-30,2024-07-03,CUST_0212,Preeti Das,Female,25,Noida,Uttar Pradesh,North,STR_104,Noida Cyber Express,PRD_F01,Ergonomic Mesh Office Chair,Furniture,Chairs,Green Soul,2,12999.0,0.0,25998.0,15000.0,10998.0,Debit Card,Delivered
ORD_00634,2023-10-31,2023-11-03,CUST_0253,Meena Banerjee,Female,25,Patna,Bihar,East,STR_106,Hyderabad Hitech Outlet,PRD_E12,Logitech Mechanical Keyboard,Electronics,Accessories,Logitech,1,6495.0,10.0,5845.5,4500.0,1345.5,UPI,Delivered
ORD_00634,2023-10-31,2023-11-03,CUST_0253,Meena Banerjee,Female,25,Patna,Bihar,East,STR_106,Hyderabad Hitech Outlet,PRD_E11,Logitech MX Master 3S Mouse,Electronics,Accessories,Logitech,2,8995.0,10.0,16191.0,12400.0,3791.0,UPI,Delivered
ORD_00635,2024-02-15,2024-02-19,CUST_0329,Ravi Mehta,Male,26,Kochi,Kerala,South,STR_106,Hyderabad Hitech Outlet,PRD_F03,Motorized Standing Desk,Furniture,Desks,ErgoSmart,2,26999.0,20.0,43198.4,36000.0,7198.4,UPI,Delivered
ORD_00635,2024-02-15,2024-02-19,CUST_0329,Ravi Mehta,Male,26,Kochi,Kerala,South,STR_106,Hyderabad Hitech Outlet,PRD_E13,TP-Link AX3000 Wi-Fi 6 Router,Electronics,Networking,TP-Link,1,4999.0,5.0,4749.05,3200.0,1549.05,UPI,Delivered
ORD_00636,2024-09-17,2024-09-22,CUST_0248,Rajendra Kapoor,Male,25,Surat,Gujarat,West,STR_101,Mumbai Flagship Store,PRD_E07,Sony WH-1000XM5 Headphones,Electronics,Audio,Sony,1,28990.0,5.0,27540.5,20000.0,7540.5,Credit Card,Delivered
ORD_00637,2023-11-01,2023-11-02,CUST_0280,Deepa Reddy,Female,37,New Delhi,Delhi,North,STR_106,Hyderabad Hitech Outlet,PRD_C02,Premium Egyptian Cotton Shirt,Clothing,Formal Wear,Louis Philippe,1,2499.0,15.0,2124.15,950.0,1174.15,Credit Card,Delivered
ORD_00637,2023-11-01,2023-11-02,CUST_0280,Deepa Reddy,Female,37,New Delhi,Delhi,North,STR_106,Hyderabad Hitech Outlet,PRD_E14,SanDisk 1TB Portable SSD,Electronics,Storage,SanDisk,1,8499.0,10.0,7649.1,6000.0,1649.1,Credit Card,Delivered
ORD_00637,2023-11-01,2023-11-02,CUST_0280,Deepa Reddy,Female,37,New Delhi,Delhi,North,STR_106,Hyderabad Hitech Outlet,PRD_E11,Logitech MX Master 3S Mouse,Electronics,Accessories,Logitech,2,8995.0,0.0,17990.0,12400.0,5590.0,Credit Card,Delivered
ORD_00638,2023-11-01,2023-11-06,CUST_0243,Kavita Joshi,Female,59,New Delhi,Delhi,North,STR_107,Chennai Express Store,PRD_C04,Women Silk Embroidered Kurta Set,Clothing,Ethnic Wear,Biba,1,3899.0,10.0,3509.1,1400.0,2109.1,Cash on Delivery (COD),Delivered
ORD_00639,2023-11-01,2023-11-05,CUST_0092,Sara Patil,Female,32,Kochi,Kerala,South,STR_102,Pune Tech Hub Outlet,PRD_H03,Instant Pot Duo 7-in-1 Cooker,Home & Kitchen,Appliances,Instant Pot,1,9999.0,0.0,9999.0,5500.0,4499.0,UPI,Delivered
ORD_00640,2023-11-26,2023-11-28,CUST_0306,Rajesh Das,Male,61,Pune,Maharashtra,West,STR_110,Ahmedabad SG Highway Store,PRD_C06,Men Stretch Denim Jeans,Clothing,Casual Wear,Levi's,4,2999.0,20.0,9596.8,4400.0,5196.8,Credit Card,Delivered
ORD_00641,2023-11-01,2023-11-04,CUST_0220,Diya Saini,Female,61,Surat,Gujarat,West,STR_107,Chennai Express Store,PRD_E12,Logitech Mechanical Keyboard,Electronics,Accessories,Logitech,1,6495.0,5.0,6170.25,4500.0,1670.25,Debit Card,Delivered
ORD_00642,2023-11-01,2023-11-05,CUST_0063,Pooja Pillai,Female,25,Chennai,Tamil Nadu,South,STR_108,Kolkata Park Street Store,PRD_E01,MacBook Air M2,Electronics,Laptops,Apple,1,94900.0,5.0,90155.0,72000.0,18155.0,UPI,Delivered
ORD_00642,2023-11-01,2023-11-05,CUST_0063,Pooja Pillai,Female,25,Chennai,Tamil Nadu,South,STR_108,Kolkata Park Street Store,PRD_C05,Women Designer Georgette Saree,Clothing,Ethnic Wear,FabIndia,3,4999.0,0.0,14997.0,5400.0,9597.0,UPI,Delivered
ORD_00643,2023-11-17,2023-11-19,CUST_0262,Pooja Thakur,Female,58,Pune,Maharashtra,West,STR_103,Delhi Connaught Hub,PRD_H04,Dyson V8 Cordless Vacuum Cleaner,Home & Kitchen,Home Care,Dyson,2,29900.0,15.0,50830.0,38000.0,12830.0,UPI,Delivered
ORD_00644,2023-11-01,2023-11-03,CUST_0034,Pooja Das,Female,56,Bhubaneswar,Odisha,East,STR_108,Kolkata Park Street Store,PRD_F06,L-Shape Sectional Luxury Sofa,Furniture,Living Room,Godrej Interio,1,52000.0,0.0,52000.0,34000.0,18000.0,Credit Card,Delivered
ORD_00644,2023-11-01,2023-11-03,CUST_0034,Pooja Das,Female,56,Bhubaneswar,Odisha,East,STR_108,Kolkata Park Street Store,PRD_E01,MacBook Air M2,Electronics,Laptops,Apple,1,94900.0,0.0,94900.0,72000.0,22900.0,Credit Card,Delivered
ORD_00645,2023-11-02,2023-11-03,CUST_0274,Muhammad Gupta,Male,60,Noida,Uttar Pradesh,North,STR_104,Noida Cyber Express,PRD_H05,Kent Grand Plus Water Purifier,Home & Kitchen,Appliances,Kent,1,14999.0,10.0,13499.1,9500.0,3999.1,UPI,Delivered
ORD_00645,2023-11-02,2023-11-03,CUST_0274,Muhammad Gupta,Male,60,Noida,Uttar Pradesh,North,STR_104,Noida Cyber Express,PRD_E08,Apple AirPods Pro 2,Electronics,Audio,Apple,1,22900.0,5.0,21755.0,16000.0,5755.0,UPI,Delivered
ORD_00646,2023-11-02,2023-11-04,CUST_0122,Sunita Mishra,Female,37,Kolkata,West Bengal,East,STR_108,Kolkata Park Street Store,PRD_C02,Premium Egyptian Cotton Shirt,Clothing,Formal Wear,Louis Philippe,1,2499.0,0.0,2499.0,950.0,1549.0,UPI,Delivered
ORD_00647,2023-12-06,2023-12-07,CUST_0194,Aanya Deshmukh,Female,43,Bhubaneswar,Odisha,East,STR_108,Kolkata Park Street Store,PRD_E09,boAt Rockerz 450,Electronics,Audio,boAt,1,1499.0,10.0,1349.1,800.0,549.1,UPI,Delivered
ORD_00648,2024-09-21,2024-09-25,CUST_0248,Rajendra Kapoor,Male,25,Surat,Gujarat,West,STR_102,Pune Tech Hub Outlet,PRD_C03,Men Tapered Chinos,Clothing,Casual Wear,Allen Solly,3,2199.0,5.0,6267.15,2400.0,3867.15,Debit Card,Returned
ORD_00649,2023-11-02,2023-11-06,CUST_0051,Ananya Rao,Female,45,Mumbai,Maharashtra,West,STR_110,Ahmedabad SG Highway Store,PRD_C03,Men Tapered Chinos,Clothing,Casual Wear,Allen Solly,1,2199.0,10.0,1979.1,800.0,1179.1,UPI,Delivered
ORD_00650,2024-08-15,2024-08-17,CUST_0117,Rajesh Das,Male,31,Kochi,Kerala,South,STR_107,Chennai Express Store,PRD_H01,Philips Air Fryer XL 4.1L,Home & Kitchen,Appliances,Philips,1,8495.0,10.0,7645.5,4800.0,2845.5,Debit Card,Delivered
ORD_00651,2023-11-03,2023-11-06,CUST_0070,Aarav Joshi,Male,61,New Delhi,Delhi,North,STR_102,Pune Tech Hub Outlet,PRD_F08,4-Door Wardrobe with Mirror,Furniture,Bedroom,Spacewood,1,25500.0,10.0,22950.0,16000.0,6950.0,Debit Card,Delivered
ORD_00651,2023-11-03,2023-11-06,CUST_0070,Aarav Joshi,Male,61,New Delhi,Delhi,North,STR_102,Pune Tech Hub Outlet,PRD_F05,3-Seater Velvet Fabric Sofa,Furniture,Living Room,Wakefit,1,34999.0,15.0,29749.15,22000.0,7749.15,Debit Card,Delivered
ORD_00652,2023-11-03,2023-11-04,CUST_0090,Aryan Chatterjee,Male,53,Bengaluru,Karnataka,South,STR_105,Bengaluru Indiranagar Mall,PRD_H03,Instant Pot Duo 7-in-1 Cooker,Home & Kitchen,Appliances,Instant Pot,1,9999.0,5.0,9499.05,5500.0,3999.05,Credit Card,Delivered
ORD_00653,2023-11-03,2023-11-06,CUST_0028,Alok Pillai,Male,61,Surat,Gujarat,West,STR_101,Mumbai Flagship Store,PRD_E07,Sony WH-1000XM5 Headphones,Electronics,Audio,Sony,1,28990.0,20.0,23192.0,20000.0,3192.0,UPI,Delivered
ORD_00653,2023-11-03,2023-11-06,CUST_0028,Alok Pillai,Male,61,Surat,Gujarat,West,STR_101,Mumbai Flagship Store,PRD_C07,Nike Air Zoom Pegasus Running Shoes,Clothing,Footwear,Nike,2,8995.0,5.0,17090.5,8400.0,8690.5,UPI,Delivered
ORD_00653,2023-11-03,2023-11-06,CUST_0028,Alok Pillai,Male,61,Surat,Gujarat,West,STR_101,Mumbai Flagship Store,PRD_H03,Instant Pot Duo 7-in-1 Cooker,Home & Kitchen,Appliances,Instant Pot,1,9999.0,0.0,9999.0,5500.0,4499.0,UPI,Delivered
ORD_00654,2023-11-03,2023-11-07,CUST_0161,Ajay Nair,Male,60,Pune,Maharashtra,West,STR_110,Ahmedabad SG Highway Store,PRD_E13,TP-Link AX3000 Wi-Fi 6 Router,Electronics,Networking,TP-Link,1,4999.0,20.0,3999.2,3200.0,799.2,Cash on Delivery (COD),Delivered
ORD_00654,2023-11-03,2023-11-07,CUST_0161,Ajay Nair,Male,60,Pune,Maharashtra,West,STR_110,Ahmedabad SG Highway Store,PRD_F04,Solid Teak Wood Study Table,Furniture,Desks,Urban Ladder,1,14500.0,5.0,13775.0,9000.0,4775.0,Cash on Delivery (COD),Delivered
ORD_00655,2023-11-03,2023-11-05,CUST_0227,Arun Patel,Male,21,Kochi,Kerala,South,STR_107,Chennai Express Store,PRD_E08,Apple AirPods Pro 2,Electronics,Audio,Apple,1,22900.0,5.0,21755.0,16000.0,5755.0,Credit Card,Delivered
ORD_00656,2024-01-21,2024-01-24,CUST_0075,Riya Das,Female,27,Jaipur,Rajasthan,North,STR_103,Delhi Connaught Hub,PRD_F09,6-Seater Solid Oak Dining Set,Furniture,Dining,Durian,1,38000.0,10.0,34200.0,24000.0,10200.0,UPI,Delivered
ORD_00657,2023-11-03,2023-11-08,CUST_0175,Nikhil Saini,Male,38,Patna,Bihar,East,STR_109,Patna Central Outlet,PRD_E03,HP Pavilion Gaming Laptop,Electronics,Laptops,HP,1,62000.0,5.0,58900.0,48000.0,10900.0,UPI,Delivered
ORD_00658,2023-11-04,2023-11-06,CUST_0219,Priya Saini,Female,60,Gurugram,Haryana,North,STR_104,Noida Cyber Express,PRD_C08,Puma UltraRide Sneakers,Clothing,Footwear,Puma,1,4999.0,20.0,3999.2,2200.0,1799.2,Debit Card,Delivered
ORD_00658,2023-11-04,2023-11-06,CUST_0219,Priya Saini,Female,60,Gurugram,Haryana,North,STR_104,Noida Cyber Express,PRD_E07,Sony WH-1000XM5 Headphones,Electronics,Audio,Sony,1,28990.0,10.0,26091.0,20000.0,6091.0,Debit Card,Delivered
ORD_00659,2023-12-08,2023-12-10,CUST_0083,Sunita Iyer,Female,46,Guwahati,Assam,East,STR_108,Kolkata Park Street Store,PRD_E08,Apple AirPods Pro 2,Electronics,Audio,Apple,1,22900.0,5.0,21755.0,16000.0,5755.0,Debit Card,Delivered
ORD_00660,2023-11-04,2023-11-08,CUST_0314,Sara Mehta,Female,30,New Delhi,Delhi,North,STR_107,Chennai Express Store,PRD_C09,Athletic Dry-Fit Tracksuit,Clothing,Activewear,Under Armour,3,3299.0,0.0,9897.0,3600.0,6297.0,UPI,Delivered
ORD_00661,2023-11-04,2023-11-06,CUST_0314,Sara Mehta,Female,30,New Delhi,Delhi,North,STR_103,Delhi Connaught Hub,PRD_E09,boAt Rockerz 450,Electronics,Audio,boAt,1,1499.0,10.0,1349.1,800.0,549.1,Cash on Delivery (COD),Delivered
ORD_00661,2023-11-04,2023-11-06,CUST_0314,Sara Mehta,Female,30,New Delhi,Delhi,North,STR_103,Delhi Connaught Hub,PRD_C02,Premium Egyptian Cotton Shirt,Clothing,Formal Wear,Louis Philippe,1,2499.0,0.0,2499.0,950.0,1549.0,Cash on Delivery (COD),Delivered
ORD_00662,2023-11-04,2023-11-09,CUST_0141,Sunita Menon,Female,56,Lucknow,Uttar Pradesh,North,STR_104,Noida Cyber Express,PRD_E09,boAt Rockerz 450,Electronics,Audio,boAt,1,1499.0,0.0,1499.0,800.0,699.0,Credit Card,Delivered
ORD_00663,2023-11-04,2023-11-07,CUST_0135,Aanya Patil,Female,54,Noida,Uttar Pradesh,North,STR_103,Delhi Connaught Hub,PRD_E05,Samsung Galaxy S24,Electronics,Smartphones,Samsung,1,79999.0,5.0,75999.05,60000.0,15999.05,UPI,Delivered
ORD_00664,2024-02-28,2024-03-02,CUST_0121,Neha Deshmukh,Female,42,Hyderabad,Telangana,South,STR_101,Mumbai Flagship Store,PRD_F04,Solid Teak Wood Study Table,Furniture,Desks,Urban Ladder,1,14500.0,10.0,13050.0,9000.0,4050.0,Debit Card,Returned
ORD_00664,2024-02-28,2024-03-02,CUST_0121,Neha Deshmukh,Female,42,Hyderabad,Telangana,South,STR_101,Mumbai Flagship Store,PRD_C08,Puma UltraRide Sneakers,Clothing,Footwear,Puma,1,4999.0,0.0,4999.0,2200.0,2799.0,Debit Card,Returned
ORD_00664,2024-02-28,2024-03-02,CUST_0121,Neha Deshmukh,Female,42,Hyderabad,Telangana,South,STR_101,Mumbai Flagship Store,PRD_E11,Logitech MX Master 3S Mouse,Electronics,Accessories,Logitech,1,8995.0,15.0,7645.75,6200.0,1445.75,Debit Card,Returned
ORD_00665,2023-11-04,2023-11-09,CUST_0314,Sara Mehta,Female,30,New Delhi,Delhi,North,STR_103,Delhi Connaught Hub,PRD_E01,MacBook Air M2,Electronics,Laptops,Apple,1,94900.0,5.0,90155.0,72000.0,18155.0,Credit Card,Delivered
ORD_00665,2023-11-04,2023-11-09,CUST_0314,Sara Mehta,Female,30,New Delhi,Delhi,North,STR_103,Delhi Connaught Hub,PRD_E06,OnePlus 12,Electronics,Smartphones,OnePlus,1,64999.0,0.0,64999.0,45000.0,19999.0,Credit Card,Delivered
ORD_00666,2023-11-04,2023-11-05,CUST_0274,Muhammad Gupta,Male,60,Noida,Uttar Pradesh,North,STR_103,Delhi Connaught Hub,PRD_F02,Executive Leather Boss Chair,Furniture,Chairs,Featherlite,1,18500.0,0.0,18500.0,11000.0,7500.0,Credit Card,Delivered
ORD_00667,2023-11-05,2023-11-09,CUST_0144,Naveen Pandey,Male,26,Mumbai,Maharashtra,West,STR_102,Pune Tech Hub Outlet,PRD_C10,UV Protected Polarized Sunglasses,Clothing,Accessories,Ray-Ban,1,3490.0,15.0,2966.5,1100.0,1866.5,UPI,Delivered
ORD_00668,2023-12-11,2023-12-14,CUST_0155,Preeti Bhat,Female,49,Bhubaneswar,Odisha,East,STR_109,Patna Central Outlet,PRD_C03,Men Tapered Chinos,Clothing,Casual Wear,Allen Solly,2,2199.0,5.0,4178.1,1600.0,2578.1,Cash on Delivery (COD),Delivered
ORD_00668,2023-12-11,2023-12-14,CUST_0155,Preeti Bhat,Female,49,Bhubaneswar,Odisha,East,STR_109,Patna Central Outlet,PRD_E14,SanDisk 1TB Portable SSD,Electronics,Storage,SanDisk,1,8499.0,10.0,7649.1,6000.0,1649.1,Cash on Delivery (COD),Delivered
ORD_00668,2023-12-11,2023-12-14,CUST_0155,Preeti Bhat,Female,49,Bhubaneswar,Odisha,East,STR_109,Patna Central Outlet,PRD_F03,Motorized Standing Desk,Furniture,Desks,ErgoSmart,1,26999.0,5.0,25649.05,18000.0,7649.05,Cash on Delivery (COD),Delivered
ORD_00669,2023-11-07,2023-11-09,CUST_0070,Aarav Joshi,Male,61,New Delhi,Delhi,North,STR_103,Delhi Connaught Hub,PRD_F02,Executive Leather Boss Chair,Furniture,Chairs,Featherlite,1,18500.0,0.0,18500.0,11000.0,7500.0,UPI,Delivered
ORD_00670,2024-05-10,2024-05-11,CUST_0258,Rajesh Saxena,Male,46,Patna,Bihar,East,STR_109,Patna Central Outlet,PRD_E12,Logitech Mechanical Keyboard,Electronics,Accessories,Logitech,1,6495.0,10.0,5845.5,4500.0,1345.5,Cash on Delivery (COD),Delivered
ORD_00671,2024-06-08,2024-06-10,CUST_0281,Amit Singh,Male,52,Mumbai,Maharashtra,West,STR_110,Ahmedabad SG Highway Store,PRD_C02,Premium Egyptian Cotton Shirt,Clothing,Formal Wear,Louis Philippe,1,2499.0,5.0,2374.05,950.0,1424.05,Credit Card,Delivered
ORD_00672,2023-11-08,2023-11-09,CUST_0302,Alok Gupta,Male,49,Pune,Maharashtra,West,STR_107,Chennai Express Store,PRD_E07,Sony WH-1000XM5 Headphones,Electronics,Audio,Sony,1,28990.0,0.0,28990.0,20000.0,8990.0,UPI,Delivered
ORD_00673,2023-11-08,2023-11-09,CUST_0135,Aanya Patil,Female,54,Noida,Uttar Pradesh,North,STR_103,Delhi Connaught Hub,PRD_C09,Athletic Dry-Fit Tracksuit,Clothing,Activewear,Under Armour,4,3299.0,0.0,13196.0,4800.0,8396.0,UPI,Delivered
ORD_00673,2023-11-08,2023-11-09,CUST_0135,Aanya Patil,Female,54,Noida,Uttar Pradesh,North,STR_103,Delhi Connaught Hub,PRD_H04,Dyson V8 Cordless Vacuum Cleaner,Home & Kitchen,Home Care,Dyson,1,29900.0,0.0,29900.0,19000.0,10900.0,UPI,Delivered
ORD_00674,2024-09-05,2024-09-09,CUST_0248,Rajendra Kapoor,Male,25,Surat,Gujarat,West,STR_106,Hyderabad Hitech Outlet,PRD_E01,MacBook Air M2,Electronics,Laptops,Apple,1,94900.0,15.0,80665.0,72000.0,8665.0,UPI,Delivered
ORD_00675,2024-03-20,2024-03-23,CUST_0197,Reyansh Joshi,Male,45,Bhubaneswar,Odisha,East,STR_108,Kolkata Park Street Store,PRD_H01,Philips Air Fryer XL 4.1L,Home & Kitchen,Appliances,Philips,2,8495.0,10.0,15291.0,9600.0,5691.0,Credit Card,Delivered
ORD_00676,2023-11-09,2023-11-12,CUST_0243,Kavita Joshi,Female,59,New Delhi,Delhi,North,STR_102,Pune Tech Hub Outlet,PRD_F02,Executive Leather Boss Chair,Furniture,Chairs,Featherlite,1,18500.0,5.0,17575.0,11000.0,6575.0,Net Banking,Delivered
ORD_00677,2024-11-03,2024-11-08,CUST_0198,Aanya Bhat,Female,29,Pune,Maharashtra,West,STR_101,Mumbai Flagship Store,PRD_F01,Ergonomic Mesh Office Chair,Furniture,Chairs,Green Soul,1,12999.0,15.0,11049.15,7500.0,3549.15,Debit Card,Delivered
ORD_00678,2023-11-11,2023-11-15,CUST_0274,Muhammad Gupta,Male,60,Noida,Uttar Pradesh,North,STR_101,Mumbai Flagship Store,PRD_H04,Dyson V8 Cordless Vacuum Cleaner,Home & Kitchen,Home Care,Dyson,2,29900.0,10.0,53820.0,38000.0,15820.0,UPI,Delivered
ORD_00679,2024-05-04,2024-05-05,CUST_0257,Neha Patil,Female,35,Patna,Bihar,East,STR_109,Patna Central Outlet,PRD_C08,Puma UltraRide Sneakers,Clothing,Footwear,Puma,2,4999.0,0.0,9998.0,4400.0,5598.0,UPI,Delivered
ORD_00679,2024-05-04,2024-05-05,CUST_0257,Neha Patil,Female,35,Patna,Bihar,East,STR_109,Patna Central Outlet,PRD_E04,iPhone 15 Pro,Electronics,Smartphones,Apple,1,124900.0,0.0,124900.0,95000.0,29900.0,UPI,Delivered
ORD_00680,2023-11-11,2023-11-15,CUST_0183,Shweta Saini,Female,24,Patna,Bihar,East,STR_109,Patna Central Outlet,PRD_H02,Prestige 750W Mixer Grinder,Home & Kitchen,Appliances,Prestige,2,3890.0,5.0,7391.0,4200.0,3191.0,Credit Card,Delivered
ORD_00680,2023-11-11,2023-11-15,CUST_0183,Shweta Saini,Female,24,Patna,Bihar,East,STR_109,Patna Central Outlet,PRD_E07,Sony WH-1000XM5 Headphones,Electronics,Audio,Sony,1,28990.0,15.0,24641.5,20000.0,4641.5,Credit Card,Delivered
ORD_00681,2023-11-11,2023-11-16,CUST_0249,Naveen Mishra,Male,53,Chennai,Tamil Nadu,South,STR_105,Bengaluru Indiranagar Mall,PRD_E02,Dell XPS 13,Electronics,Laptops,Dell,1,85000.0,0.0,85000.0,65000.0,20000.0,UPI,Delivered
ORD_00681,2023-11-11,2023-11-16,CUST_0249,Naveen Mishra,Male,53,Chennai,Tamil Nadu,South,STR_105,Bengaluru Indiranagar Mall,PRD_C08,Puma UltraRide Sneakers,Clothing,Footwear,Puma,1,4999.0,10.0,4499.1,2200.0,2299.1,UPI,Delivered
ORD_00682,2023-11-12,2023-11-13,CUST_0127,Vikrant Banerjee,Male,44,Lucknow,Uttar Pradesh,North,STR_104,Noida Cyber Express,PRD_H04,Dyson V8 Cordless Vacuum Cleaner,Home & Kitchen,Home Care,Dyson,1,29900.0,10.0,26910.0,19000.0,7910.0,Credit Card,Delivered
ORD_00682,2023-11-12,2023-11-13,CUST_0127,Vikrant Banerjee,Male,44,Lucknow,Uttar Pradesh,North,STR_104,Noida Cyber Express,PRD_H01,Philips Air Fryer XL 4.1L,Home & Kitchen,Appliances,Philips,1,8495.0,0.0,8495.0,4800.0,3695.0,Credit Card,Delivered
ORD_00683,2023-11-13,2023-11-17,CUST_0250,Naveen Kapoor,Male,60,Jaipur,Rajasthan,North,STR_103,Delhi Connaught Hub,PRD_E02,Dell XPS 13,Electronics,Laptops,Dell,1,85000.0,0.0,85000.0,65000.0,20000.0,UPI,Delivered
ORD_00683,2023-11-13,2023-11-17,CUST_0250,Naveen Kapoor,Male,60,Jaipur,Rajasthan,North,STR_103,Delhi Connaught Hub,PRD_E11,Logitech MX Master 3S Mouse,Electronics,Accessories,Logitech,1,8995.0,15.0,7645.75,6200.0,1445.75,UPI,Delivered
ORD_00683,2023-11-13,2023-11-17,CUST_0250,Naveen Kapoor,Male,60,Jaipur,Rajasthan,North,STR_103,Delhi Connaught Hub,PRD_E10,LG 27-inch 4K UHD Monitor,Electronics,Monitors,LG,1,28500.0,20.0,22800.0,21000.0,1800.0,UPI,Delivered
ORD_00684,2023-11-13,2023-11-14,CUST_0274,Muhammad Gupta,Male,60,Noida,Uttar Pradesh,North,STR_104,Noida Cyber Express,PRD_C07,Nike Air Zoom Pegasus Running Shoes,Clothing,Footwear,Nike,3,8995.0,0.0,26985.0,12600.0,14385.0,UPI,Delivered
ORD_00685,2023-11-13,2023-11-14,CUST_0253,Meena Banerjee,Female,25,Patna,Bihar,East,STR_106,Hyderabad Hitech Outlet,PRD_F01,Ergonomic Mesh Office Chair,Furniture,Chairs,Green Soul,1,12999.0,0.0,12999.0,7500.0,5499.0,UPI,Delivered
ORD_00685,2023-11-13,2023-11-14,CUST_0253,Meena Banerjee,Female,25,Patna,Bihar,East,STR_106,Hyderabad Hitech Outlet,PRD_E02,Dell XPS 13,Electronics,Laptops,Dell,1,85000.0,10.0,76500.0,65000.0,11500.0,UPI,Delivered
ORD_00686,2023-11-13,2023-11-16,CUST_0070,Aarav Joshi,Male,61,New Delhi,Delhi,North,STR_104,Noida Cyber Express,PRD_H04,Dyson V8 Cordless Vacuum Cleaner,Home & Kitchen,Home Care,Dyson,1,29900.0,5.0,28405.0,19000.0,9405.0,UPI,Delivered
ORD_00686,2023-11-13,2023-11-16,CUST_0070,Aarav Joshi,Male,61,New Delhi,Delhi,North,STR_104,Noida Cyber Express,PRD_F08,4-Door Wardrobe with Mirror,Furniture,Bedroom,Spacewood,1,25500.0,10.0,22950.0,16000.0,6950.0,UPI,Delivered
ORD_00686,2023-11-13,2023-11-16,CUST_0070,Aarav Joshi,Male,61,New Delhi,Delhi,North,STR_104,Noida Cyber Express,PRD_C02,Premium Egyptian Cotton Shirt,Clothing,Formal Wear,Louis Philippe,1,2499.0,10.0,2249.1,950.0,1299.1,UPI,Delivered
ORD_00687,2023-11-13,2023-11-14,CUST_0279,Vikram Chauhan,Male,21,Pune,Maharashtra,West,STR_110,Ahmedabad SG Highway Store,PRD_F07,King Size Engineered Wood Bed,Furniture,Bedroom,Wakefit,1,24999.0,0.0,24999.0,15000.0,9999.0,UPI,Delivered
ORD_00687,2023-11-13,2023-11-14,CUST_0279,Vikram Chauhan,Male,21,Pune,Maharashtra,West,STR_110,Ahmedabad SG Highway Store,PRD_C02,Premium Egyptian Cotton Shirt,Clothing,Formal Wear,Louis Philippe,2,2499.0,10.0,4498.2,1900.0,2598.2,UPI,Delivered
ORD_00687,2023-11-13,2023-11-14,CUST_0279,Vikram Chauhan,Male,21,Pune,Maharashtra,West,STR_110,Ahmedabad SG Highway Store,PRD_E14,SanDisk 1TB Portable SSD,Electronics,Storage,SanDisk,1,8499.0,10.0,7649.1,6000.0,1649.1,UPI,Delivered
ORD_00688,2023-11-13,2023-11-15,CUST_0093,Mohan Thakur,Male,40,Mumbai,Maharashtra,West,STR_101,Mumbai Flagship Store,PRD_E09,boAt Rockerz 450,Electronics,Audio,boAt,1,1499.0,5.0,1424.05,800.0,624.05,Net Banking,Delivered
ORD_00689,2023-11-14,2023-11-18,CUST_0199,Vijay Bose,Male,49,Surat,Gujarat,West,STR_102,Pune Tech Hub Outlet,PRD_F02,Executive Leather Boss Chair,Furniture,Chairs,Featherlite,1,18500.0,0.0,18500.0,11000.0,7500.0,Debit Card,Delivered
ORD_00690,2024-07-10,2024-07-11,CUST_0105,Dinesh Chauhan,Male,48,Guwahati,Assam,East,STR_108,Kolkata Park Street Store,PRD_E13,TP-Link AX3000 Wi-Fi 6 Router,Electronics,Networking,TP-Link,1,4999.0,0.0,4999.0,3200.0,1799.0,UPI,Returned
ORD_00690,2024-07-10,2024-07-11,CUST_0105,Dinesh Chauhan,Male,48,Guwahati,Assam,East,STR_108,Kolkata Park Street Store,PRD_H02,Prestige 750W Mixer Grinder,Home & Kitchen,Appliances,Prestige,1,3890.0,0.0,3890.0,2100.0,1790.0,UPI,Returned
ORD_00691,2023-11-14,2023-11-16,CUST_0293,Saanvi Yadav,Female,32,Gurugram,Haryana,North,STR_110,Ahmedabad SG Highway Store,PRD_E10,LG 27-inch 4K UHD Monitor,Electronics,Monitors,LG,1,28500.0,5.0,27075.0,21000.0,6075.0,UPI,Delivered
ORD_00692,2023-11-15,2023-11-19,CUST_0004,Kavita Kapoor,Female,56,Mumbai,Maharashtra,West,STR_102,Pune Tech Hub Outlet,PRD_C04,Women Silk Embroidered Kurta Set,Clothing,Ethnic Wear,Biba,2,3899.0,0.0,7798.0,2800.0,4998.0,Credit Card,Delivered
ORD_00693,2023-11-15,2023-11-19,CUST_0262,Pooja Thakur,Female,58,Pune,Maharashtra,West,STR_103,Delhi Connaught Hub,PRD_C01,Men Slim Fit Formal Blazer,Clothing,Formal Wear,Raymond,1,5999.0,10.0,5399.1,2600.0,2799.1,UPI,Delivered
ORD_00694,2023-11-15,2023-11-17,CUST_0115,Rajendra Thakur,Male,52,Jaipur,Rajasthan,North,STR_103,Delhi Connaught Hub,PRD_C10,UV Protected Polarized Sunglasses,Clothing,Accessories,Ray-Ban,1,3490.0,5.0,3315.5,1100.0,2215.5,UPI,Delivered
ORD_00694,2023-11-15,2023-11-17,CUST_0115,Rajendra Thakur,Male,52,Jaipur,Rajasthan,North,STR_103,Delhi Connaught Hub,PRD_C04,Women Silk Embroidered Kurta Set,Clothing,Ethnic Wear,Biba,4,3899.0,10.0,14036.4,5600.0,8436.4,UPI,Delivered
ORD_00695,2023-11-15,2023-11-16,CUST_0135,Aanya Patil,Female,54,Noida,Uttar Pradesh,North,STR_104,Noida Cyber Express,PRD_E02,Dell XPS 13,Electronics,Laptops,Dell,1,85000.0,10.0,76500.0,65000.0,11500.0,Credit Card,Delivered
ORD_00696,2023-11-16,2023-11-21,CUST_0325,Nikhil Bose,Male,39,Surat,Gujarat,West,STR_101,Mumbai Flagship Store,PRD_F09,6-Seater Solid Oak Dining Set,Furniture,Dining,Durian,1,38000.0,5.0,36100.0,24000.0,12100.0,UPI,Delivered
ORD_00696,2023-11-16,2023-11-21,CUST_0325,Nikhil Bose,Male,39,Surat,Gujarat,West,STR_101,Mumbai Flagship Store,PRD_H01,Philips Air Fryer XL 4.1L,Home & Kitchen,Appliances,Philips,1,8495.0,10.0,7645.5,4800.0,2845.5,UPI,Delivered
ORD_00697,2024-03-06,2024-03-10,CUST_0271,Shaurya Chatterjee,Male,34,Guwahati,Assam,East,STR_109,Patna Central Outlet,PRD_F05,3-Seater Velvet Fabric Sofa,Furniture,Living Room,Wakefit,1,34999.0,10.0,31499.1,22000.0,9499.1,UPI,Delivered
ORD_00698,2023-11-16,2023-11-19,CUST_0183,Shweta Saini,Female,24,Patna,Bihar,East,STR_109,Patna Central Outlet,PRD_H03,Instant Pot Duo 7-in-1 Cooker,Home & Kitchen,Appliances,Instant Pot,2,9999.0,0.0,19998.0,11000.0,8998.0,Debit Card,Delivered
ORD_00698,2023-11-16,2023-11-19,CUST_0183,Shweta Saini,Female,24,Patna,Bihar,East,STR_109,Patna Central Outlet,PRD_C01,Men Slim Fit Formal Blazer,Clothing,Formal Wear,Raymond,1,5999.0,5.0,5699.05,2600.0,3099.05,Debit Card,Delivered
ORD_00699,2023-11-16,2023-11-18,CUST_0279,Vikram Chauhan,Male,21,Pune,Maharashtra,West,STR_110,Ahmedabad SG Highway Store,PRD_E08,Apple AirPods Pro 2,Electronics,Audio,Apple,1,22900.0,5.0,21755.0,16000.0,5755.0,Cash on Delivery (COD),Returned
ORD_00699,2023-11-16,2023-11-18,CUST_0279,Vikram Chauhan,Male,21,Pune,Maharashtra,West,STR_110,Ahmedabad SG Highway Store,PRD_E04,iPhone 15 Pro,Electronics,Smartphones,Apple,1,124900.0,5.0,118655.0,95000.0,23655.0,Cash on Delivery (COD),Returned
ORD_00699,2023-11-16,2023-11-18,CUST_0279,Vikram Chauhan,Male,21,Pune,Maharashtra,West,STR_110,Ahmedabad SG Highway Store,PRD_E06,OnePlus 12,Electronics,Smartphones,OnePlus,1,64999.0,0.0,64999.0,45000.0,19999.0,Cash on Delivery (COD),Returned
ORD_00700,2023-11-17,2023-11-18,CUST_0058,Reyansh Chauhan,Male,47,Ahmedabad,Gujarat,West,STR_109,Patna Central Outlet,PRD_C01,Men Slim Fit Formal Blazer,Clothing,Formal Wear,Raymond,2,5999.0,20.0,9598.4,5200.0,4398.4,Credit Card,Delivered
ORD_00701,2024-05-01,2024-05-04,CUST_0305,Arun Iyer,Male,45,Bengaluru,Karnataka,South,STR_106,Hyderabad Hitech Outlet,PRD_E05,Samsung Galaxy S24,Electronics,Smartphones,Samsung,1,79999.0,15.0,67999.15,60000.0,7999.15,Credit Card,Cancelled
ORD_00702,2024-01-18,2024-01-23,CUST_0221,Anita Pandey,Female,23,Patna,Bihar,East,STR_109,Patna Central Outlet,PRD_E08,Apple AirPods Pro 2,Electronics,Audio,Apple,1,22900.0,0.0,22900.0,16000.0,6900.0,UPI,Delivered
ORD_00703,2023-11-18,2023-11-20,CUST_0325,Nikhil Bose,Male,39,Surat,Gujarat,West,STR_101,Mumbai Flagship Store,PRD_E05,Samsung Galaxy S24,Electronics,Smartphones,Samsung,1,79999.0,20.0,63999.2,60000.0,3999.2,Debit Card,Delivered
ORD_00704,2024-03-25,2024-03-30,CUST_0114,Rajeev Sharma,Male,40,Chennai,Tamil Nadu,South,STR_107,Chennai Express Store,PRD_C04,Women Silk Embroidered Kurta Set,Clothing,Ethnic Wear,Biba,2,3899.0,10.0,7018.2,2800.0,4218.2,UPI,Delivered
ORD_00705,2024-09-15,2024-09-17,CUST_0248,Rajendra Kapoor,Male,25,Surat,Gujarat,West,STR_102,Pune Tech Hub Outlet,PRD_E07,Sony WH-1000XM5 Headphones,Electronics,Audio,Sony,1,28990.0,10.0,26091.0,20000.0,6091.0,UPI,Returned
ORD_00706,2024-05-25,2024-05-29,CUST_0046,Sara Reddy,Female,29,Patna,Bihar,East,STR_109,Patna Central Outlet,PRD_C06,Men Stretch Denim Jeans,Clothing,Casual Wear,Levi's,1,2999.0,0.0,2999.0,1100.0,1899.0,Credit Card,Delivered
ORD_00707,2024-07-28,2024-08-02,CUST_0105,Dinesh Chauhan,Male,48,Guwahati,Assam,East,STR_102,Pune Tech Hub Outlet,PRD_C03,Men Tapered Chinos,Clothing,Casual Wear,Allen Solly,1,2199.0,0.0,2199.0,800.0,1399.0,Cash on Delivery (COD),Delivered
ORD_00707,2024-07-28,2024-08-02,CUST_0105,Dinesh Chauhan,Male,48,Guwahati,Assam,East,STR_102,Pune Tech Hub Outlet,PRD_E10,LG 27-inch 4K UHD Monitor,Electronics,Monitors,LG,1,28500.0,0.0,28500.0,21000.0,7500.0,Cash on Delivery (COD),Delivered
ORD_00708,2023-11-19,2023-11-21,CUST_0262,Pooja Thakur,Female,58,Pune,Maharashtra,West,STR_102,Pune Tech Hub Outlet,PRD_F06,L-Shape Sectional Luxury Sofa,Furniture,Living Room,Godrej Interio,2,52000.0,5.0,98800.0,68000.0,30800.0,UPI,Delivered
ORD_00709,2023-11-19,2023-11-23,CUST_0227,Arun Patel,Male,21,Kochi,Kerala,South,STR_109,Patna Central Outlet,PRD_E04,iPhone 15 Pro,Electronics,Smartphones,Apple,1,124900.0,20.0,99920.0,95000.0,4920.0,Credit Card,Delivered
ORD_00710,2023-11-19,2023-11-23,CUST_0325,Nikhil Bose,Male,39,Surat,Gujarat,West,STR_110,Ahmedabad SG Highway Store,PRD_E10,LG 27-inch 4K UHD Monitor,Electronics,Monitors,LG,1,28500.0,10.0,25650.0,21000.0,4650.0,UPI,Delivered
ORD_00711,2023-11-20,2023-11-23,CUST_0053,Aanya Reddy,Female,34,Bengaluru,Karnataka,South,STR_106,Hyderabad Hitech Outlet,PRD_F01,Ergonomic Mesh Office Chair,Furniture,Chairs,Green Soul,2,12999.0,10.0,23398.2,15000.0,8398.2,Debit Card,Delivered
ORD_00712,2024-07-18,2024-07-22,CUST_0105,Dinesh Chauhan,Male,48,Guwahati,Assam,East,STR_108,Kolkata Park Street Store,PRD_E08,Apple AirPods Pro 2,Electronics,Audio,Apple,1,22900.0,15.0,19465.0,16000.0,3465.0,UPI,Delivered
ORD_00713,2023-11-20,2023-11-21,CUST_0076,Kiran Chauhan,Male,36,New Delhi,Delhi,North,STR_110,Ahmedabad SG Highway Store,PRD_F03,Motorized Standing Desk,Furniture,Desks,ErgoSmart,1,26999.0,10.0,24299.1,18000.0,6299.1,Net Banking,Delivered
ORD_00714,2023-11-21,2023-11-26,CUST_0227,Arun Patel,Male,21,Kochi,Kerala,South,STR_107,Chennai Express Store,PRD_E04,iPhone 15 Pro,Electronics,Smartphones,Apple,1,124900.0,0.0,124900.0,95000.0,29900.0,UPI,Delivered
ORD_00714,2023-11-21,2023-11-26,CUST_0227,Arun Patel,Male,21,Kochi,Kerala,South,STR_107,Chennai Express Store,PRD_C04,Women Silk Embroidered Kurta Set,Clothing,Ethnic Wear,Biba,4,3899.0,5.0,14816.2,5600.0,9216.2,UPI,Delivered
ORD_00715,2023-11-21,2023-11-25,CUST_0262,Pooja Thakur,Female,58,Pune,Maharashtra,West,STR_102,Pune Tech Hub Outlet,PRD_H03,Instant Pot Duo 7-in-1 Cooker,Home & Kitchen,Appliances,Instant Pot,2,9999.0,20.0,15998.4,11000.0,4998.4,Net Banking,Delivered
ORD_00716,2023-11-22,2023-11-26,CUST_0317,Aanya Kumar,Female,60,Noida,Uttar Pradesh,North,STR_104,Noida Cyber Express,PRD_E13,TP-Link AX3000 Wi-Fi 6 Router,Electronics,Networking,TP-Link,1,4999.0,0.0,4999.0,3200.0,1799.0,Credit Card,Delivered
ORD_00717,2023-11-22,2023-11-26,CUST_0081,Anita Saxena,Female,35,Jaipur,Rajasthan,North,STR_103,Delhi Connaught Hub,PRD_C02,Premium Egyptian Cotton Shirt,Clothing,Formal Wear,Louis Philippe,1,2499.0,10.0,2249.1,950.0,1299.1,Debit Card,Delivered
ORD_00718,2023-11-23,2023-11-24,CUST_0241,Muhammad Pandey,Male,36,Hyderabad,Telangana,South,STR_105,Bengaluru Indiranagar Mall,PRD_F06,L-Shape Sectional Luxury Sofa,Furniture,Living Room,Godrej Interio,1,52000.0,15.0,44200.0,34000.0,10200.0,UPI,Delivered
ORD_00719,2023-11-23,2023-11-28,CUST_0250,Naveen Kapoor,Male,60,Jaipur,Rajasthan,North,STR_102,Pune Tech Hub Outlet,PRD_C07,Nike Air Zoom Pegasus Running Shoes,Clothing,Footwear,Nike,2,8995.0,10.0,16191.0,8400.0,7791.0,Credit Card,Delivered
ORD_00720,2023-12-27,2023-12-29,CUST_0155,Preeti Bhat,Female,49,Bhubaneswar,Odisha,East,STR_108,Kolkata Park Street Store,PRD_E13,TP-Link AX3000 Wi-Fi 6 Router,Electronics,Networking,TP-Link,1,4999.0,0.0,4999.0,3200.0,1799.0,UPI,Delivered
ORD_00721,2023-11-23,2023-11-26,CUST_0293,Saanvi Yadav,Female,32,Gurugram,Haryana,North,STR_101,Mumbai Flagship Store,PRD_E02,Dell XPS 13,Electronics,Laptops,Dell,1,85000.0,20.0,68000.0,65000.0,3000.0,Cash on Delivery (COD),Delivered
ORD_00722,2023-11-24,2023-11-28,CUST_0166,Rakesh Patel,Male,37,Jaipur,Rajasthan,North,STR_103,Delhi Connaught Hub,PRD_C09,Athletic Dry-Fit Tracksuit,Clothing,Activewear,Under Armour,1,3299.0,0.0,3299.0,1200.0,2099.0,UPI,Returned
ORD_00722,2023-11-24,2023-11-28,CUST_0166,Rakesh Patel,Male,37,Jaipur,Rajasthan,North,STR_103,Delhi Connaught Hub,PRD_E03,HP Pavilion Gaming Laptop,Electronics,Laptops,HP,1,62000.0,0.0,62000.0,48000.0,14000.0,UPI,Returned
ORD_00723,2023-12-16,2023-12-21,CUST_0155,Preeti Bhat,Female,49,Bhubaneswar,Odisha,East,STR_103,Delhi Connaught Hub,PRD_C09,Athletic Dry-Fit Tracksuit,Clothing,Activewear,Under Armour,1,3299.0,15.0,2804.15,1200.0,1604.15,Net Banking,Delivered
ORD_00724,2023-12-28,2024-01-01,CUST_0008,Shaurya Rao,Male,43,Surat,Gujarat,West,STR_110,Ahmedabad SG Highway Store,PRD_F04,Solid Teak Wood Study Table,Furniture,Desks,Urban Ladder,1,14500.0,5.0,13775.0,9000.0,4775.0,Cash on Delivery (COD),Delivered
ORD_00725,2024-02-21,2024-02-23,CUST_0012,Kusum Patel,Female,27,Jaipur,Rajasthan,North,STR_110,Ahmedabad SG Highway Store,PRD_E01,MacBook Air M2,Electronics,Laptops,Apple,1,94900.0,0.0,94900.0,72000.0,22900.0,Debit Card,Delivered
ORD_00726,2023-11-25,2023-11-28,CUST_0151,Atharva Saxena,Male,39,Gurugram,Haryana,North,STR_103,Delhi Connaught Hub,PRD_H01,Philips Air Fryer XL 4.1L,Home & Kitchen,Appliances,Philips,1,8495.0,0.0,8495.0,4800.0,3695.0,UPI,Delivered
ORD_00726,2023-11-25,2023-11-28,CUST_0151,Atharva Saxena,Male,39,Gurugram,Haryana,North,STR_103,Delhi Connaught Hub,PRD_F04,Solid Teak Wood Study Table,Furniture,Desks,Urban Ladder,1,14500.0,5.0,13775.0,9000.0,4775.0,UPI,Delivered
ORD_00727,2023-11-25,2023-11-26,CUST_0249,Naveen Mishra,Male,53,Chennai,Tamil Nadu,South,STR_105,Bengaluru Indiranagar Mall,PRD_H02,Prestige 750W Mixer Grinder,Home & Kitchen,Appliances,Prestige,1,3890.0,0.0,3890.0,2100.0,1790.0,Debit Card,Delivered
ORD_00728,2023-11-25,2023-11-29,CUST_0347,Anika Verma,Female,23,Gurugram,Haryana,North,STR_107,Chennai Express Store,PRD_C09,Athletic Dry-Fit Tracksuit,Clothing,Activewear,Under Armour,1,3299.0,0.0,3299.0,1200.0,2099.0,Net Banking,Delivered
ORD_00729,2024-07-12,2024-07-16,CUST_0184,Rashmi Thakur,Female,39,New Delhi,Delhi,North,STR_104,Noida Cyber Express,PRD_H05,Kent Grand Plus Water Purifier,Home & Kitchen,Appliances,Kent,1,14999.0,20.0,11999.2,9500.0,2499.2,Debit Card,Delivered
ORD_00730,2024-08-11,2024-08-13,CUST_0119,Ishaan Saini,Male,29,Kolkata,West Bengal,East,STR_108,Kolkata Park Street Store,PRD_F03,Motorized Standing Desk,Furniture,Desks,ErgoSmart,1,26999.0,0.0,26999.0,18000.0,8999.0,Credit Card,Delivered
ORD_00731,2024-06-29,2024-07-01,CUST_0281,Amit Singh,Male,52,Mumbai,Maharashtra,West,STR_107,Chennai Express Store,PRD_E05,Samsung Galaxy S24,Electronics,Smartphones,Samsung,1,79999.0,0.0,79999.0,60000.0,19999.0,Cash on Delivery (COD),Returned
ORD_00731,2024-06-29,2024-07-01,CUST_0281,Amit Singh,Male,52,Mumbai,Maharashtra,West,STR_107,Chennai Express Store,PRD_F03,Motorized Standing Desk,Furniture,Desks,ErgoSmart,1,26999.0,0.0,26999.0,18000.0,8999.0,Cash on Delivery (COD),Returned
ORD_00731,2024-06-29,2024-07-01,CUST_0281,Amit Singh,Male,52,Mumbai,Maharashtra,West,STR_107,Chennai Express Store,PRD_E14,SanDisk 1TB Portable SSD,Electronics,Storage,SanDisk,2,8499.0,10.0,15298.2,12000.0,3298.2,Cash on Delivery (COD),Returned
ORD_00732,2024-03-15,2024-03-18,CUST_0012,Kusum Patel,Female,27,Jaipur,Rajasthan,North,STR_102,Pune Tech Hub Outlet,PRD_H02,Prestige 750W Mixer Grinder,Home & Kitchen,Appliances,Prestige,1,3890.0,0.0,3890.0,2100.0,1790.0,UPI,Delivered
ORD_00732,2024-03-15,2024-03-18,CUST_0012,Kusum Patel,Female,27,Jaipur,Rajasthan,North,STR_102,Pune Tech Hub Outlet,PRD_H03,Instant Pot Duo 7-in-1 Cooker,Home & Kitchen,Appliances,Instant Pot,1,9999.0,0.0,9999.0,5500.0,4499.0,UPI,Delivered
ORD_00733,2023-11-27,2023-11-28,CUST_0089,Ayaan Das,Male,60,Hyderabad,Telangana,South,STR_102,Pune Tech Hub Outlet,PRD_F08,4-Door Wardrobe with Mirror,Furniture,Bedroom,Spacewood,1,25500.0,5.0,24225.0,16000.0,8225.0,Credit Card,Delivered
ORD_00733,2023-11-27,2023-11-28,CUST_0089,Ayaan Das,Male,60,Hyderabad,Telangana,South,STR_102,Pune Tech Hub Outlet,PRD_H02,Prestige 750W Mixer Grinder,Home & Kitchen,Appliances,Prestige,1,3890.0,15.0,3306.5,2100.0,1206.5,Credit Card,Delivered
ORD_00734,2023-11-27,2023-12-01,CUST_0241,Muhammad Pandey,Male,36,Hyderabad,Telangana,South,STR_106,Hyderabad Hitech Outlet,PRD_E08,Apple AirPods Pro 2,Electronics,Audio,Apple,1,22900.0,10.0,20610.0,16000.0,4610.0,Credit Card,Delivered
ORD_00735,2024-09-23,2024-09-28,CUST_0248,Rajendra Kapoor,Male,25,Surat,Gujarat,West,STR_110,Ahmedabad SG Highway Store,PRD_C05,Women Designer Georgette Saree,Clothing,Ethnic Wear,FabIndia,1,4999.0,10.0,4499.1,1800.0,2699.1,Credit Card,Delivered
ORD_00735,2024-09-23,2024-09-28,CUST_0248,Rajendra Kapoor,Male,25,Surat,Gujarat,West,STR_110,Ahmedabad SG Highway Store,PRD_E04,iPhone 15 Pro,Electronics,Smartphones,Apple,1,124900.0,5.0,118655.0,95000.0,23655.0,Credit Card,Delivered
ORD_00735,2024-09-23,2024-09-28,CUST_0248,Rajendra Kapoor,Male,25,Surat,Gujarat,West,STR_110,Ahmedabad SG Highway Store,PRD_E05,Samsung Galaxy S24,Electronics,Smartphones,Samsung,1,79999.0,0.0,79999.0,60000.0,19999.0,Credit Card,Delivered
ORD_00736,2024-10-02,2024-10-07,CUST_0248,Rajendra Kapoor,Male,25,Surat,Gujarat,West,STR_101,Mumbai Flagship Store,PRD_E05,Samsung Galaxy S24,Electronics,Smartphones,Samsung,1,79999.0,5.0,75999.05,60000.0,15999.05,UPI,Delivered
ORD_00736,2024-10-02,2024-10-07,CUST_0248,Rajendra Kapoor,Male,25,Surat,Gujarat,West,STR_101,Mumbai Flagship Store,PRD_F01,Ergonomic Mesh Office Chair,Furniture,Chairs,Green Soul,1,12999.0,0.0,12999.0,7500.0,5499.0,UPI,Delivered
ORD_00737,2024-05-17,2024-05-22,CUST_0222,Pooja Patel,Female,41,Bengaluru,Karnataka,South,STR_107,Chennai Express Store,PRD_H02,Prestige 750W Mixer Grinder,Home & Kitchen,Appliances,Prestige,1,3890.0,15.0,3306.5,2100.0,1206.5,UPI,Delivered
ORD_00738,2023-11-28,2023-11-30,CUST_0034,Pooja Das,Female,56,Bhubaneswar,Odisha,East,STR_104,Noida Cyber Express,PRD_C10,UV Protected Polarized Sunglasses,Clothing,Accessories,Ray-Ban,4,3490.0,20.0,11168.0,4400.0,6768.0,Debit Card,Delivered
ORD_00739,2024-05-02,2024-05-04,CUST_0257,Neha Patil,Female,35,Patna,Bihar,East,STR_108,Kolkata Park Street Store,PRD_F09,6-Seater Solid Oak Dining Set,Furniture,Dining,Durian,1,38000.0,10.0,34200.0,24000.0,10200.0,Credit Card,Delivered
ORD_00740,2023-11-30,2023-12-05,CUST_0140,Meena Reddy,Female,37,Chennai,Tamil Nadu,South,STR_106,Hyderabad Hitech Outlet,PRD_H03,Instant Pot Duo 7-in-1 Cooker,Home & Kitchen,Appliances,Instant Pot,1,9999.0,5.0,9499.05,5500.0,3999.05,UPI,Delivered
ORD_00740,2023-11-30,2023-12-05,CUST_0140,Meena Reddy,Female,37,Chennai,Tamil Nadu,South,STR_106,Hyderabad Hitech Outlet,PRD_C08,Puma UltraRide Sneakers,Clothing,Footwear,Puma,3,4999.0,5.0,14247.15,6600.0,7647.15,UPI,Delivered
ORD_00740,2023-11-30,2023-12-05,CUST_0140,Meena Reddy,Female,37,Chennai,Tamil Nadu,South,STR_106,Hyderabad Hitech Outlet,PRD_C10,UV Protected Polarized Sunglasses,Clothing,Accessories,Ray-Ban,2,3490.0,15.0,5933.0,2200.0,3733.0,UPI,Delivered
ORD_00741,2024-03-17,2024-03-21,CUST_0012,Kusum Patel,Female,27,Jaipur,Rajasthan,North,STR_104,Noida Cyber Express,PRD_H04,Dyson V8 Cordless Vacuum Cleaner,Home & Kitchen,Home Care,Dyson,2,29900.0,10.0,53820.0,38000.0,15820.0,Credit Card,Delivered
ORD_00742,2024-05-27,2024-05-29,CUST_0234,Sandeep Deshmukh,Male,55,Chennai,Tamil Nadu,South,STR_109,Patna Central Outlet,PRD_C07,Nike Air Zoom Pegasus Running Shoes,Clothing,Footwear,Nike,1,8995.0,5.0,8545.25,4200.0,4345.25,Cash on Delivery (COD),Delivered
ORD_00743,2023-12-01,2023-12-04,CUST_0106,Aadhya Chatterjee,Female,49,Bhubaneswar,Odisha,East,STR_108,Kolkata Park Street Store,PRD_H02,Prestige 750W Mixer Grinder,Home & Kitchen,Appliances,Prestige,2,3890.0,0.0,7780.0,4200.0,3580.0,UPI,Delivered
ORD_00744,2023-12-01,2023-12-03,CUST_0128,Rudra Mishra,Male,40,Noida,Uttar Pradesh,North,STR_104,Noida Cyber Express,PRD_F03,Motorized Standing Desk,Furniture,Desks,ErgoSmart,1,26999.0,0.0,26999.0,18000.0,8999.0,Net Banking,Delivered
ORD_00745,2023-12-01,2023-12-06,CUST_0268,Rashmi Sharma,Female,38,Noida,Uttar Pradesh,North,STR_103,Delhi Connaught Hub,PRD_C09,Athletic Dry-Fit Tracksuit,Clothing,Activewear,Under Armour,1,3299.0,15.0,2804.15,1200.0,1604.15,Credit Card,Delivered
ORD_00746,2023-12-02,2023-12-07,CUST_0227,Arun Patel,Male,21,Kochi,Kerala,South,STR_105,Bengaluru Indiranagar Mall,PRD_E01,MacBook Air M2,Electronics,Laptops,Apple,1,94900.0,15.0,80665.0,72000.0,8665.0,UPI,Returned
ORD_00747,2023-12-02,2023-12-07,CUST_0262,Pooja Thakur,Female,58,Pune,Maharashtra,West,STR_102,Pune Tech Hub Outlet,PRD_F06,L-Shape Sectional Luxury Sofa,Furniture,Living Room,Godrej Interio,1,52000.0,5.0,49400.0,34000.0,15400.0,Credit Card,Delivered
ORD_00747,2023-12-02,2023-12-07,CUST_0262,Pooja Thakur,Female,58,Pune,Maharashtra,West,STR_102,Pune Tech Hub Outlet,PRD_C06,Men Stretch Denim Jeans,Clothing,Casual Wear,Levi's,1,2999.0,0.0,2999.0,1100.0,1899.0,Credit Card,Delivered
ORD_00748,2023-12-03,2023-12-08,CUST_0026,Rajesh Singh,Male,48,Bengaluru,Karnataka,South,STR_105,Bengaluru Indiranagar Mall,PRD_H03,Instant Pot Duo 7-in-1 Cooker,Home & Kitchen,Appliances,Instant Pot,1,9999.0,10.0,8999.1,5500.0,3499.1,Credit Card,Delivered
ORD_00748,2023-12-03,2023-12-08,CUST_0026,Rajesh Singh,Male,48,Bengaluru,Karnataka,South,STR_105,Bengaluru Indiranagar Mall,PRD_E04,iPhone 15 Pro,Electronics,Smartphones,Apple,1,124900.0,0.0,124900.0,95000.0,29900.0,Credit Card,Delivered
ORD_00749,2023-12-03,2023-12-05,CUST_0243,Kavita Joshi,Female,59,New Delhi,Delhi,North,STR_104,Noida Cyber Express,PRD_E05,Samsung Galaxy S24,Electronics,Smartphones,Samsung,1,79999.0,5.0,75999.05,60000.0,15999.05,Debit Card,Delivered
ORD_00750,2023-12-03,2023-12-06,CUST_0227,Arun Patel,Male,21,Kochi,Kerala,South,STR_105,Bengaluru Indiranagar Mall,PRD_C01,Men Slim Fit Formal Blazer,Clothing,Formal Wear,Raymond,1,5999.0,0.0,5999.0,2600.0,3399.0,UPI,Delivered
ORD_00751,2024-02-21,2024-02-25,CUST_0272,Rajendra Deshmukh,Male,31,Hyderabad,Telangana,South,STR_107,Chennai Express Store,PRD_E10,LG 27-inch 4K UHD Monitor,Electronics,Monitors,LG,1,28500.0,5.0,27075.0,21000.0,6075.0,Credit Card,Delivered
ORD_00752,2023-12-05,2023-12-09,CUST_0246,Deepak Pandey,Male,58,Jaipur,Rajasthan,North,STR_104,Noida Cyber Express,PRD_C08,Puma UltraRide Sneakers,Clothing,Footwear,Puma,1,4999.0,15.0,4249.15,2200.0,2049.15,Credit Card,Delivered
ORD_00753,2023-12-05,2023-12-09,CUST_0035,Swati Kapoor,Female,34,Kolkata,West Bengal,East,STR_109,Patna Central Outlet,PRD_F09,6-Seater Solid Oak Dining Set,Furniture,Dining,Durian,1,38000.0,5.0,36100.0,24000.0,12100.0,Debit Card,Delivered
ORD_00754,2024-02-13,2024-02-17,CUST_0272,Rajendra Deshmukh,Male,31,Hyderabad,Telangana,South,STR_105,Bengaluru Indiranagar Mall,PRD_H02,Prestige 750W Mixer Grinder,Home & Kitchen,Appliances,Prestige,1,3890.0,5.0,3695.5,2100.0,1595.5,Net Banking,Delivered
ORD_00755,2023-12-06,2023-12-07,CUST_0268,Rashmi Sharma,Female,38,Noida,Uttar Pradesh,North,STR_103,Delhi Connaught Hub,PRD_E01,MacBook Air M2,Electronics,Laptops,Apple,1,94900.0,5.0,90155.0,72000.0,18155.0,Credit Card,Delivered
ORD_00756,2023-12-06,2023-12-08,CUST_0199,Vijay Bose,Male,49,Surat,Gujarat,West,STR_110,Ahmedabad SG Highway Store,PRD_E04,iPhone 15 Pro,Electronics,Smartphones,Apple,1,124900.0,10.0,112410.0,95000.0,17410.0,UPI,Delivered
ORD_00756,2023-12-06,2023-12-08,CUST_0199,Vijay Bose,Male,49,Surat,Gujarat,West,STR_110,Ahmedabad SG Highway Store,PRD_E11,Logitech MX Master 3S Mouse,Electronics,Accessories,Logitech,1,8995.0,5.0,8545.25,6200.0,2345.25,UPI,Delivered
ORD_00757,2024-10-20,2024-10-21,CUST_0193,Preeti Chatterjee,Female,58,Bengaluru,Karnataka,South,STR_106,Hyderabad Hitech Outlet,PRD_C04,Women Silk Embroidered Kurta Set,Clothing,Ethnic Wear,Biba,2,3899.0,0.0,7798.0,2800.0,4998.0,Credit Card,Delivered
ORD_00758,2023-12-06,2023-12-11,CUST_0267,Priya Pandey,Female,56,Kolkata,West Bengal,East,STR_109,Patna Central Outlet,PRD_C01,Men Slim Fit Formal Blazer,Clothing,Formal Wear,Raymond,1,5999.0,0.0,5999.0,2600.0,3399.0,Debit Card,Delivered
ORD_00759,2024-09-13,2024-09-14,CUST_0248,Rajendra Kapoor,Male,25,Surat,Gujarat,West,STR_105,Bengaluru Indiranagar Mall,PRD_E10,LG 27-inch 4K UHD Monitor,Electronics,Monitors,LG,1,28500.0,0.0,28500.0,21000.0,7500.0,UPI,Delivered
ORD_00760,2024-09-29,2024-10-04,CUST_0248,Rajendra Kapoor,Male,25,Surat,Gujarat,West,STR_101,Mumbai Flagship Store,PRD_C10,UV Protected Polarized Sunglasses,Clothing,Accessories,Ray-Ban,1,3490.0,10.0,3141.0,1100.0,2041.0,Credit Card,Delivered
ORD_00761,2023-12-07,2023-12-12,CUST_0140,Meena Reddy,Female,37,Chennai,Tamil Nadu,South,STR_107,Chennai Express Store,PRD_F07,King Size Engineered Wood Bed,Furniture,Bedroom,Wakefit,1,24999.0,5.0,23749.05,15000.0,8749.05,UPI,Delivered
ORD_00761,2023-12-07,2023-12-12,CUST_0140,Meena Reddy,Female,37,Chennai,Tamil Nadu,South,STR_107,Chennai Express Store,PRD_C05,Women Designer Georgette Saree,Clothing,Ethnic Wear,FabIndia,1,4999.0,0.0,4999.0,1800.0,3199.0,UPI,Delivered
ORD_00762,2023-12-07,2023-12-10,CUST_0262,Pooja Thakur,Female,58,Pune,Maharashtra,West,STR_110,Ahmedabad SG Highway Store,PRD_E06,OnePlus 12,Electronics,Smartphones,OnePlus,1,64999.0,0.0,64999.0,45000.0,19999.0,Cash on Delivery (COD),Returned
ORD_00763,2023-12-07,2023-12-11,CUST_0242,Riya Patel,Female,58,Gurugram,Haryana,North,STR_101,Mumbai Flagship Store,PRD_E07,Sony WH-1000XM5 Headphones,Electronics,Audio,Sony,1,28990.0,0.0,28990.0,20000.0,8990.0,UPI,Delivered
ORD_00764,2024-04-08,2024-04-11,CUST_0114,Rajeev Sharma,Male,40,Chennai,Tamil Nadu,South,STR_109,Patna Central Outlet,PRD_E05,Samsung Galaxy S24,Electronics,Smartphones,Samsung,1,79999.0,5.0,75999.05,60000.0,15999.05,UPI,Delivered
ORD_00765,2023-12-08,2023-12-11,CUST_0204,Sameer Verma,Male,36,Ahmedabad,Gujarat,West,STR_102,Pune Tech Hub Outlet,PRD_E12,Logitech Mechanical Keyboard,Electronics,Accessories,Logitech,1,6495.0,20.0,5196.0,4500.0,696.0,Credit Card,Delivered
ORD_00766,2023-12-08,2023-12-12,CUST_0304,Reyansh Mehta,Male,49,Patna,Bihar,East,STR_108,Kolkata Park Street Store,PRD_F07,King Size Engineered Wood Bed,Furniture,Bedroom,Wakefit,1,24999.0,5.0,23749.05,15000.0,8749.05,Debit Card,Delivered
ORD_00767,2023-12-08,2023-12-11,CUST_0232,Rudra Gupta,Male,23,Pune,Maharashtra,West,STR_110,Ahmedabad SG Highway Store,PRD_E08,Apple AirPods Pro 2,Electronics,Audio,Apple,1,22900.0,0.0,22900.0,16000.0,6900.0,UPI,Delivered
ORD_00768,2023-12-08,2023-12-13,CUST_0002,Diya Chatterjee,Female,55,Surat,Gujarat,West,STR_110,Ahmedabad SG Highway Store,PRD_C09,Athletic Dry-Fit Tracksuit,Clothing,Activewear,Under Armour,2,3299.0,20.0,5278.4,2400.0,2878.4,Credit Card,Delivered
ORD_00769,2023-12-09,2023-12-11,CUST_0155,Preeti Bhat,Female,49,Bhubaneswar,Odisha,East,STR_104,Noida Cyber Express,PRD_F03,Motorized Standing Desk,Furniture,Desks,ErgoSmart,1,26999.0,20.0,21599.2,18000.0,3599.2,Debit Card,Delivered
ORD_00770,2023-12-10,2023-12-11,CUST_0127,Vikrant Banerjee,Male,44,Lucknow,Uttar Pradesh,North,STR_104,Noida Cyber Express,PRD_C10,UV Protected Polarized Sunglasses,Clothing,Accessories,Ray-Ban,3,3490.0,0.0,10470.0,3300.0,7170.0,Credit Card,Delivered
ORD_00771,2024-07-23,2024-07-28,CUST_0212,Preeti Das,Female,25,Noida,Uttar Pradesh,North,STR_103,Delhi Connaught Hub,PRD_E14,SanDisk 1TB Portable SSD,Electronics,Storage,SanDisk,1,8499.0,5.0,8074.05,6000.0,2074.05,UPI,Delivered
ORD_00771,2024-07-23,2024-07-28,CUST_0212,Preeti Das,Female,25,Noida,Uttar Pradesh,North,STR_103,Delhi Connaught Hub,PRD_C06,Men Stretch Denim Jeans,Clothing,Casual Wear,Levi's,1,2999.0,20.0,2399.2,1100.0,1299.2,UPI,Delivered
ORD_00771,2024-07-23,2024-07-28,CUST_0212,Preeti Das,Female,25,Noida,Uttar Pradesh,North,STR_103,Delhi Connaught Hub,PRD_F01,Ergonomic Mesh Office Chair,Furniture,Chairs,Green Soul,1,12999.0,0.0,12999.0,7500.0,5499.0,UPI,Delivered
ORD_00772,2024-09-08,2024-09-11,CUST_0095,Dinesh Das,Male,53,Gurugram,Haryana,North,STR_104,Noida Cyber Express,PRD_C07,Nike Air Zoom Pegasus Running Shoes,Clothing,Footwear,Nike,1,8995.0,10.0,8095.5,4200.0,3895.5,UPI,Delivered
ORD_00773,2023-12-10,2023-12-12,CUST_0151,Atharva Saxena,Male,39,Gurugram,Haryana,North,STR_103,Delhi Connaught Hub,PRD_E11,Logitech MX Master 3S Mouse,Electronics,Accessories,Logitech,1,8995.0,0.0,8995.0,6200.0,2795.0,UPI,Delivered
ORD_00774,2024-01-30,2024-02-02,CUST_0074,Reyansh Nair,Male,23,Chennai,Tamil Nadu,South,STR_106,Hyderabad Hitech Outlet,PRD_F01,Ergonomic Mesh Office Chair,Furniture,Chairs,Green Soul,1,12999.0,0.0,12999.0,7500.0,5499.0,Debit Card,Delivered
ORD_00775,2024-02-02,2024-02-03,CUST_0010,Karthik Patel,Male,61,Bengaluru,Karnataka,South,STR_101,Mumbai Flagship Store,PRD_F05,3-Seater Velvet Fabric Sofa,Furniture,Living Room,Wakefit,1,34999.0,15.0,29749.15,22000.0,7749.15,Credit Card,Delivered
ORD_00776,2023-12-11,2023-12-16,CUST_0262,Pooja Thakur,Female,58,Pune,Maharashtra,West,STR_106,Hyderabad Hitech Outlet,PRD_E06,OnePlus 12,Electronics,Smartphones,OnePlus,1,64999.0,0.0,64999.0,45000.0,19999.0,UPI,Delivered
ORD_00777,2024-02-11,2024-02-16,CUST_0221,Anita Pandey,Female,23,Patna,Bihar,East,STR_105,Bengaluru Indiranagar Mall,PRD_E10,LG 27-inch 4K UHD Monitor,Electronics,Monitors,LG,1,28500.0,0.0,28500.0,21000.0,7500.0,Credit Card,Delivered
ORD_00777,2024-02-11,2024-02-16,CUST_0221,Anita Pandey,Female,23,Patna,Bihar,East,STR_105,Bengaluru Indiranagar Mall,PRD_F03,Motorized Standing Desk,Furniture,Desks,ErgoSmart,1,26999.0,0.0,26999.0,18000.0,8999.0,Credit Card,Delivered
ORD_00777,2024-02-11,2024-02-16,CUST_0221,Anita Pandey,Female,23,Patna,Bihar,East,STR_105,Bengaluru Indiranagar Mall,PRD_E08,Apple AirPods Pro 2,Electronics,Audio,Apple,1,22900.0,0.0,22900.0,16000.0,6900.0,Credit Card,Delivered
ORD_00778,2023-12-12,2023-12-17,CUST_0242,Riya Patel,Female,58,Gurugram,Haryana,North,STR_103,Delhi Connaught Hub,PRD_E01,MacBook Air M2,Electronics,Laptops,Apple,1,94900.0,0.0,94900.0,72000.0,22900.0,Credit Card,Delivered
ORD_00779,2023-12-13,2023-12-16,CUST_0042,Mahesh Mehta,Male,47,Bhubaneswar,Odisha,East,STR_109,Patna Central Outlet,PRD_E02,Dell XPS 13,Electronics,Laptops,Dell,1,85000.0,5.0,80750.0,65000.0,15750.0,Credit Card,Delivered
ORD_00779,2023-12-13,2023-12-16,CUST_0042,Mahesh Mehta,Male,47,Bhubaneswar,Odisha,East,STR_109,Patna Central Outlet,PRD_C08,Puma UltraRide Sneakers,Clothing,Footwear,Puma,2,4999.0,20.0,7998.4,4400.0,3598.4,Credit Card,Delivered
ORD_00780,2023-12-13,2023-12-15,CUST_0034,Pooja Das,Female,56,Bhubaneswar,Odisha,East,STR_108,Kolkata Park Street Store,PRD_E09,boAt Rockerz 450,Electronics,Audio,boAt,2,1499.0,0.0,2998.0,1600.0,1398.0,UPI,Delivered
ORD_00780,2023-12-13,2023-12-15,CUST_0034,Pooja Das,Female,56,Bhubaneswar,Odisha,East,STR_108,Kolkata Park Street Store,PRD_E14,SanDisk 1TB Portable SSD,Electronics,Storage,SanDisk,1,8499.0,0.0,8499.0,6000.0,2499.0,UPI,Delivered
ORD_00781,2023-12-14,2023-12-19,CUST_0220,Diya Saini,Female,61,Surat,Gujarat,West,STR_102,Pune Tech Hub Outlet,PRD_H01,Philips Air Fryer XL 4.1L,Home & Kitchen,Appliances,Philips,1,8495.0,5.0,8070.25,4800.0,3270.25,UPI,Returned
ORD_00782,2023-12-14,2023-12-19,CUST_0246,Deepak Pandey,Male,58,Jaipur,Rajasthan,North,STR_103,Delhi Connaught Hub,PRD_E14,SanDisk 1TB Portable SSD,Electronics,Storage,SanDisk,1,8499.0,0.0,8499.0,6000.0,2499.0,Credit Card,Delivered
ORD_00783,2023-12-15,2023-12-17,CUST_0304,Reyansh Mehta,Male,49,Patna,Bihar,East,STR_108,Kolkata Park Street Store,PRD_H03,Instant Pot Duo 7-in-1 Cooker,Home & Kitchen,Appliances,Instant Pot,1,9999.0,5.0,9499.05,5500.0,3999.05,UPI,Delivered
ORD_00784,2023-12-16,2023-12-19,CUST_0242,Riya Patel,Female,58,Gurugram,Haryana,North,STR_103,Delhi Connaught Hub,PRD_H04,Dyson V8 Cordless Vacuum Cleaner,Home & Kitchen,Home Care,Dyson,1,29900.0,0.0,29900.0,19000.0,10900.0,Credit Card,Delivered
ORD_00785,2023-12-16,2023-12-21,CUST_0155,Preeti Bhat,Female,49,Bhubaneswar,Odisha,East,STR_108,Kolkata Park Street Store,PRD_C07,Nike Air Zoom Pegasus Running Shoes,Clothing,Footwear,Nike,1,8995.0,10.0,8095.5,4200.0,3895.5,Debit Card,Cancelled
ORD_00786,2023-12-16,2023-12-21,CUST_0325,Nikhil Bose,Male,39,Surat,Gujarat,West,STR_101,Mumbai Flagship Store,PRD_F10,Geometric Minimalist Bookshelf,Furniture,Storage,Home Centre,1,7999.0,10.0,7199.1,4500.0,2699.1,UPI,Delivered
ORD_00786,2023-12-16,2023-12-21,CUST_0325,Nikhil Bose,Male,39,Surat,Gujarat,West,STR_101,Mumbai Flagship Store,PRD_E14,SanDisk 1TB Portable SSD,Electronics,Storage,SanDisk,1,8499.0,5.0,8074.05,6000.0,2074.05,UPI,Delivered
ORD_00787,2023-12-17,2023-12-20,CUST_0081,Anita Saxena,Female,35,Jaipur,Rajasthan,North,STR_104,Noida Cyber Express,PRD_H01,Philips Air Fryer XL 4.1L,Home & Kitchen,Appliances,Philips,1,8495.0,15.0,7220.75,4800.0,2420.75,Debit Card,Delivered
ORD_00788,2023-12-17,2023-12-22,CUST_0268,Rashmi Sharma,Female,38,Noida,Uttar Pradesh,North,STR_104,Noida Cyber Express,PRD_F01,Ergonomic Mesh Office Chair,Furniture,Chairs,Green Soul,1,12999.0,0.0,12999.0,7500.0,5499.0,Net Banking,Returned
ORD_00789,2024-01-02,2024-01-05,CUST_0075,Riya Das,Female,27,Jaipur,Rajasthan,North,STR_104,Noida Cyber Express,PRD_E10,LG 27-inch 4K UHD Monitor,Electronics,Monitors,LG,1,28500.0,0.0,28500.0,21000.0,7500.0,Credit Card,Delivered
ORD_00790,2023-12-18,2023-12-19,CUST_0179,Mohan Saxena,Male,50,Pune,Maharashtra,West,STR_110,Ahmedabad SG Highway Store,PRD_F08,4-Door Wardrobe with Mirror,Furniture,Bedroom,Spacewood,1,25500.0,0.0,25500.0,16000.0,9500.0,Debit Card,Delivered
ORD_00791,2023-12-18,2023-12-21,CUST_0229,Karthik Saxena,Male,27,Chennai,Tamil Nadu,South,STR_105,Bengaluru Indiranagar Mall,PRD_C02,Premium Egyptian Cotton Shirt,Clothing,Formal Wear,Louis Philippe,1,2499.0,20.0,1999.2,950.0,1049.2,Credit Card,Delivered
ORD_00792,2023-12-19,2023-12-22,CUST_0102,Priya Kumar,Female,50,Guwahati,Assam,East,STR_103,Delhi Connaught Hub,PRD_C05,Women Designer Georgette Saree,Clothing,Ethnic Wear,FabIndia,1,4999.0,0.0,4999.0,1800.0,3199.0,UPI,Delivered
ORD_00793,2023-12-19,2023-12-23,CUST_0262,Pooja Thakur,Female,58,Pune,Maharashtra,West,STR_107,Chennai Express Store,PRD_C03,Men Tapered Chinos,Clothing,Casual Wear,Allen Solly,3,2199.0,0.0,6597.0,2400.0,4197.0,Credit Card,Delivered
ORD_00794,2023-12-19,2023-12-21,CUST_0297,Sunita Malhotra,Female,43,Pune,Maharashtra,West,STR_102,Pune Tech Hub Outlet,PRD_F08,4-Door Wardrobe with Mirror,Furniture,Bedroom,Spacewood,1,25500.0,10.0,22950.0,16000.0,6950.0,Cash on Delivery (COD),Delivered
ORD_00795,2023-12-19,2023-12-20,CUST_0035,Swati Kapoor,Female,34,Kolkata,West Bengal,East,STR_108,Kolkata Park Street Store,PRD_F08,4-Door Wardrobe with Mirror,Furniture,Bedroom,Spacewood,2,25500.0,15.0,43350.0,32000.0,11350.0,Credit Card,Delivered
ORD_00796,2024-11-24,2024-11-29,CUST_0198,Aanya Bhat,Female,29,Pune,Maharashtra,West,STR_110,Ahmedabad SG Highway Store,PRD_C09,Athletic Dry-Fit Tracksuit,Clothing,Activewear,Under Armour,2,3299.0,15.0,5608.3,2400.0,3208.3,UPI,Delivered
ORD_00797,2024-01-15,2024-01-17,CUST_0075,Riya Das,Female,27,Jaipur,Rajasthan,North,STR_104,Noida Cyber Express,PRD_E06,OnePlus 12,Electronics,Smartphones,OnePlus,1,64999.0,0.0,64999.0,45000.0,19999.0,Credit Card,Delivered
ORD_00798,2023-12-19,2023-12-21,CUST_0232,Rudra Gupta,Male,23,Pune,Maharashtra,West,STR_110,Ahmedabad SG Highway Store,PRD_F07,King Size Engineered Wood Bed,Furniture,Bedroom,Wakefit,2,24999.0,5.0,47498.1,30000.0,17498.1,UPI,Delivered
ORD_00799,2023-12-20,2023-12-24,CUST_0151,Atharva Saxena,Male,39,Gurugram,Haryana,North,STR_104,Noida Cyber Express,PRD_C10,UV Protected Polarized Sunglasses,Clothing,Accessories,Ray-Ban,2,3490.0,5.0,6631.0,2200.0,4431.0,Credit Card,Delivered
ORD_00800,2023-12-20,2023-12-22,CUST_0262,Pooja Thakur,Female,58,Pune,Maharashtra,West,STR_102,Pune Tech Hub Outlet,PRD_H05,Kent Grand Plus Water Purifier,Home & Kitchen,Appliances,Kent,1,14999.0,0.0,14999.0,9500.0,5499.0,Debit Card,Delivered
ORD_00800,2023-12-20,2023-12-22,CUST_0262,Pooja Thakur,Female,58,Pune,Maharashtra,West,STR_102,Pune Tech Hub Outlet,PRD_C02,Premium Egyptian Cotton Shirt,Clothing,Formal Wear,Louis Philippe,4,2499.0,5.0,9496.2,3800.0,5696.2,Debit Card,Delivered
ORD_00801,2023-12-20,2023-12-23,CUST_0227,Arun Patel,Male,21,Kochi,Kerala,South,STR_107,Chennai Express Store,PRD_F08,4-Door Wardrobe with Mirror,Furniture,Bedroom,Spacewood,1,25500.0,5.0,24225.0,16000.0,8225.0,Credit Card,Returned
ORD_00802,2023-12-20,2023-12-21,CUST_0278,Pranav Das,Male,23,Bengaluru,Karnataka,South,STR_105,Bengaluru Indiranagar Mall,PRD_C05,Women Designer Georgette Saree,Clothing,Ethnic Wear,FabIndia,1,4999.0,10.0,4499.1,1800.0,2699.1,Cash on Delivery (COD),Delivered
ORD_00803,2024-08-07,2024-08-08,CUST_0036,Anita Rao,Female,49,Chennai,Tamil Nadu,South,STR_106,Hyderabad Hitech Outlet,PRD_E04,iPhone 15 Pro,Electronics,Smartphones,Apple,1,124900.0,0.0,124900.0,95000.0,29900.0,Cash on Delivery (COD),Returned
ORD_00804,2024-03-25,2024-03-28,CUST_0086,Sunil Chauhan,Male,28,Guwahati,Assam,East,STR_108,Kolkata Park Street Store,PRD_C09,Athletic Dry-Fit Tracksuit,Clothing,Activewear,Under Armour,3,3299.0,0.0,9897.0,3600.0,6297.0,UPI,Delivered
ORD_00805,2023-12-21,2023-12-25,CUST_0051,Ananya Rao,Female,45,Mumbai,Maharashtra,West,STR_101,Mumbai Flagship Store,PRD_C05,Women Designer Georgette Saree,Clothing,Ethnic Wear,FabIndia,1,4999.0,15.0,4249.15,1800.0,2449.15,Credit Card,Delivered
ORD_00806,2024-01-16,2024-01-17,CUST_0215,Rajeev Singh,Male,45,Jaipur,Rajasthan,North,STR_104,Noida Cyber Express,PRD_E03,HP Pavilion Gaming Laptop,Electronics,Laptops,HP,1,62000.0,0.0,62000.0,48000.0,14000.0,Credit Card,Delivered
ORD_00807,2023-12-22,2023-12-27,CUST_0306,Rajesh Das,Male,61,Pune,Maharashtra,West,STR_110,Ahmedabad SG Highway Store,PRD_F02,Executive Leather Boss Chair,Furniture,Chairs,Featherlite,1,18500.0,0.0,18500.0,11000.0,7500.0,Cash on Delivery (COD),Delivered
ORD_00808,2024-09-26,2024-09-27,CUST_0248,Rajendra Kapoor,Male,25,Surat,Gujarat,West,STR_102,Pune Tech Hub Outlet,PRD_F10,Geometric Minimalist Bookshelf,Furniture,Storage,Home Centre,1,7999.0,0.0,7999.0,4500.0,3499.0,UPI,Returned
ORD_00809,2024-01-06,2024-01-07,CUST_0075,Riya Das,Female,27,Jaipur,Rajasthan,North,STR_109,Patna Central Outlet,PRD_E10,LG 27-inch 4K UHD Monitor,Electronics,Monitors,LG,1,28500.0,5.0,27075.0,21000.0,6075.0,UPI,Delivered
ORD_00809,2024-01-06,2024-01-07,CUST_0075,Riya Das,Female,27,Jaipur,Rajasthan,North,STR_109,Patna Central Outlet,PRD_F02,Executive Leather Boss Chair,Furniture,Chairs,Featherlite,1,18500.0,10.0,16650.0,11000.0,5650.0,UPI,Delivered
ORD_00810,2023-12-22,2023-12-25,CUST_0063,Pooja Pillai,Female,25,Chennai,Tamil Nadu,South,STR_101,Mumbai Flagship Store,PRD_F08,4-Door Wardrobe with Mirror,Furniture,Bedroom,Spacewood,1,25500.0,10.0,22950.0,16000.0,6950.0,Credit Card,Delivered
ORD_00810,2023-12-22,2023-12-25,CUST_0063,Pooja Pillai,Female,25,Chennai,Tamil Nadu,South,STR_101,Mumbai Flagship Store,PRD_H05,Kent Grand Plus Water Purifier,Home & Kitchen,Appliances,Kent,1,14999.0,10.0,13499.1,9500.0,3999.1,Credit Card,Delivered
ORD_00811,2024-01-30,2024-02-03,CUST_0272,Rajendra Deshmukh,Male,31,Hyderabad,Telangana,South,STR_107,Chennai Express Store,PRD_F07,King Size Engineered Wood Bed,Furniture,Bedroom,Wakefit,1,24999.0,15.0,21249.15,15000.0,6249.15,UPI,Delivered
ORD_00811,2024-01-30,2024-02-03,CUST_0272,Rajendra Deshmukh,Male,31,Hyderabad,Telangana,South,STR_107,Chennai Express Store,PRD_E09,boAt Rockerz 450,Electronics,Audio,boAt,1,1499.0,10.0,1349.1,800.0,549.1,UPI,Delivered
ORD_00812,2023-12-22,2023-12-23,CUST_0243,Kavita Joshi,Female,59,New Delhi,Delhi,North,STR_104,Noida Cyber Express,PRD_E10,LG 27-inch 4K UHD Monitor,Electronics,Monitors,LG,1,28500.0,10.0,25650.0,21000.0,4650.0,UPI,Delivered
ORD_00812,2023-12-22,2023-12-23,CUST_0243,Kavita Joshi,Female,59,New Delhi,Delhi,North,STR_104,Noida Cyber Express,PRD_F09,6-Seater Solid Oak Dining Set,Furniture,Dining,Durian,1,38000.0,0.0,38000.0,24000.0,14000.0,UPI,Delivered
ORD_00813,2023-12-22,2023-12-24,CUST_0053,Aanya Reddy,Female,34,Bengaluru,Karnataka,South,STR_107,Chennai Express Store,PRD_H03,Instant Pot Duo 7-in-1 Cooker,Home & Kitchen,Appliances,Instant Pot,2,9999.0,5.0,18998.1,11000.0,7998.1,UPI,Returned
ORD_00814,2024-03-26,2024-03-31,CUST_0341,Sandeep Bose,Male,23,Bhubaneswar,Odisha,East,STR_109,Patna Central Outlet,PRD_E11,Logitech MX Master 3S Mouse,Electronics,Accessories,Logitech,1,8995.0,5.0,8545.25,6200.0,2345.25,Debit Card,Delivered
ORD_00815,2023-12-23,2023-12-25,CUST_0183,Shweta Saini,Female,24,Patna,Bihar,East,STR_109,Patna Central Outlet,PRD_C01,Men Slim Fit Formal Blazer,Clothing,Formal Wear,Raymond,2,5999.0,10.0,10798.2,5200.0,5598.2,Net Banking,Delivered
ORD_00815,2023-12-23,2023-12-25,CUST_0183,Shweta Saini,Female,24,Patna,Bihar,East,STR_109,Patna Central Outlet,PRD_H01,Philips Air Fryer XL 4.1L,Home & Kitchen,Appliances,Philips,2,8495.0,5.0,16140.5,9600.0,6540.5,Net Banking,Delivered
ORD_00816,2023-12-23,2023-12-26,CUST_0035,Swati Kapoor,Female,34,Kolkata,West Bengal,East,STR_108,Kolkata Park Street Store,PRD_C06,Men Stretch Denim Jeans,Clothing,Casual Wear,Levi's,2,2999.0,10.0,5398.2,2200.0,3198.2,Debit Card,Delivered
ORD_00817,2023-12-23,2023-12-28,CUST_0179,Mohan Saxena,Male,50,Pune,Maharashtra,West,STR_101,Mumbai Flagship Store,PRD_C06,Men Stretch Denim Jeans,Clothing,Casual Wear,Levi's,2,2999.0,5.0,5698.1,2200.0,3498.1,UPI,Delivered
ORD_00818,2023-12-23,2023-12-24,CUST_0135,Aanya Patil,Female,54,Noida,Uttar Pradesh,North,STR_103,Delhi Connaught Hub,PRD_C07,Nike Air Zoom Pegasus Running Shoes,Clothing,Footwear,Nike,1,8995.0,0.0,8995.0,4200.0,4795.0,UPI,Delivered
ORD_00818,2023-12-23,2023-12-24,CUST_0135,Aanya Patil,Female,54,Noida,Uttar Pradesh,North,STR_103,Delhi Connaught Hub,PRD_C10,UV Protected Polarized Sunglasses,Clothing,Accessories,Ray-Ban,2,3490.0,10.0,6282.0,2200.0,4082.0,UPI,Delivered
ORD_00818,2023-12-23,2023-12-24,CUST_0135,Aanya Patil,Female,54,Noida,Uttar Pradesh,North,STR_103,Delhi Connaught Hub,PRD_F01,Ergonomic Mesh Office Chair,Furniture,Chairs,Green Soul,2,12999.0,0.0,25998.0,15000.0,10998.0,UPI,Delivered
ORD_00819,2023-12-23,2023-12-28,CUST_0249,Naveen Mishra,Male,53,Chennai,Tamil Nadu,South,STR_106,Hyderabad Hitech Outlet,PRD_F05,3-Seater Velvet Fabric Sofa,Furniture,Living Room,Wakefit,2,34999.0,5.0,66498.1,44000.0,22498.1,UPI,Delivered
ORD_00820,2024-04-06,2024-04-08,CUST_0116,Rashmi Patil,Female,22,Bhubaneswar,Odisha,East,STR_109,Patna Central Outlet,PRD_C04,Women Silk Embroidered Kurta Set,Clothing,Ethnic Wear,Biba,1,3899.0,20.0,3119.2,1400.0,1719.2,Cash on Delivery (COD),Delivered
ORD_00820,2024-04-06,2024-04-08,CUST_0116,Rashmi Patil,Female,22,Bhubaneswar,Odisha,East,STR_109,Patna Central Outlet,PRD_C07,Nike Air Zoom Pegasus Running Shoes,Clothing,Footwear,Nike,1,8995.0,0.0,8995.0,4200.0,4795.0,Cash on Delivery (COD),Delivered
ORD_00820,2024-04-06,2024-04-08,CUST_0116,Rashmi Patil,Female,22,Bhubaneswar,Odisha,East,STR_109,Patna Central Outlet,PRD_E13,TP-Link AX3000 Wi-Fi 6 Router,Electronics,Networking,TP-Link,1,4999.0,5.0,4749.05,3200.0,1549.05,Cash on Delivery (COD),Delivered
ORD_00821,2023-12-24,2023-12-29,CUST_0155,Preeti Bhat,Female,49,Bhubaneswar,Odisha,East,STR_108,Kolkata Park Street Store,PRD_E05,Samsung Galaxy S24,Electronics,Smartphones,Samsung,1,79999.0,10.0,71999.1,60000.0,11999.1,Debit Card,Delivered
ORD_00822,2024-03-12,2024-03-17,CUST_0116,Rashmi Patil,Female,22,Bhubaneswar,Odisha,East,STR_108,Kolkata Park Street Store,PRD_E08,Apple AirPods Pro 2,Electronics,Audio,Apple,1,22900.0,0.0,22900.0,16000.0,6900.0,UPI,Delivered
ORD_00823,2023-12-24,2023-12-26,CUST_0063,Pooja Pillai,Female,25,Chennai,Tamil Nadu,South,STR_107,Chennai Express Store,PRD_F09,6-Seater Solid Oak Dining Set,Furniture,Dining,Durian,1,38000.0,5.0,36100.0,24000.0,12100.0,UPI,Returned
ORD_00824,2024-10-20,2024-10-25,CUST_0277,Suresh Patil,Male,39,Surat,Gujarat,West,STR_101,Mumbai Flagship Store,PRD_E08,Apple AirPods Pro 2,Electronics,Audio,Apple,1,22900.0,10.0,20610.0,16000.0,4610.0,UPI,Delivered
ORD_00824,2024-10-20,2024-10-25,CUST_0277,Suresh Patil,Male,39,Surat,Gujarat,West,STR_101,Mumbai Flagship Store,PRD_E13,TP-Link AX3000 Wi-Fi 6 Router,Electronics,Networking,TP-Link,1,4999.0,10.0,4499.1,3200.0,1299.1,UPI,Delivered
ORD_00824,2024-10-20,2024-10-25,CUST_0277,Suresh Patil,Male,39,Surat,Gujarat,West,STR_101,Mumbai Flagship Store,PRD_E02,Dell XPS 13,Electronics,Laptops,Dell,1,85000.0,5.0,80750.0,65000.0,15750.0,UPI,Delivered
ORD_00825,2023-12-26,2023-12-27,CUST_0135,Aanya Patil,Female,54,Noida,Uttar Pradesh,North,STR_103,Delhi Connaught Hub,PRD_E05,Samsung Galaxy S24,Electronics,Smartphones,Samsung,1,79999.0,5.0,75999.05,60000.0,15999.05,Credit Card,Returned
ORD_00825,2023-12-26,2023-12-27,CUST_0135,Aanya Patil,Female,54,Noida,Uttar Pradesh,North,STR_103,Delhi Connaught Hub,PRD_H04,Dyson V8 Cordless Vacuum Cleaner,Home & Kitchen,Home Care,Dyson,1,29900.0,20.0,23920.0,19000.0,4920.0,Credit Card,Returned
ORD_00826,2023-12-26,2023-12-29,CUST_0241,Muhammad Pandey,Male,36,Hyderabad,Telangana,South,STR_105,Bengaluru Indiranagar Mall,PRD_C04,Women Silk Embroidered Kurta Set,Clothing,Ethnic Wear,Biba,1,3899.0,15.0,3314.15,1400.0,1914.15,Credit Card,Delivered
ORD_00827,2024-09-29,2024-10-03,CUST_0052,Rakesh Nair,Male,56,Kolkata,West Bengal,East,STR_108,Kolkata Park Street Store,PRD_E01,MacBook Air M2,Electronics,Laptops,Apple,1,94900.0,20.0,75920.0,72000.0,3920.0,Credit Card,Delivered
ORD_00828,2024-05-08,2024-05-10,CUST_0257,Neha Patil,Female,35,Patna,Bihar,East,STR_109,Patna Central Outlet,PRD_E12,Logitech Mechanical Keyboard,Electronics,Accessories,Logitech,1,6495.0,5.0,6170.25,4500.0,1670.25,Debit Card,Delivered
ORD_00829,2023-12-27,2023-12-28,CUST_0249,Naveen Mishra,Male,53,Chennai,Tamil Nadu,South,STR_107,Chennai Express Store,PRD_E10,LG 27-inch 4K UHD Monitor,Electronics,Monitors,LG,1,28500.0,10.0,25650.0,21000.0,4650.0,UPI,Delivered
ORD_00829,2023-12-27,2023-12-28,CUST_0249,Naveen Mishra,Male,53,Chennai,Tamil Nadu,South,STR_107,Chennai Express Store,PRD_F03,Motorized Standing Desk,Furniture,Desks,ErgoSmart,1,26999.0,0.0,26999.0,18000.0,8999.0,UPI,Delivered
ORD_00829,2023-12-27,2023-12-28,CUST_0249,Naveen Mishra,Male,53,Chennai,Tamil Nadu,South,STR_107,Chennai Express Store,PRD_C08,Puma UltraRide Sneakers,Clothing,Footwear,Puma,1,4999.0,0.0,4999.0,2200.0,2799.0,UPI,Delivered
ORD_00830,2024-07-03,2024-07-06,CUST_0212,Preeti Das,Female,25,Noida,Uttar Pradesh,North,STR_103,Delhi Connaught Hub,PRD_F10,Geometric Minimalist Bookshelf,Furniture,Storage,Home Centre,1,7999.0,0.0,7999.0,4500.0,3499.0,Debit Card,Returned
ORD_00831,2023-12-28,2024-01-02,CUST_0108,Sneha Yadav,Female,25,Patna,Bihar,East,STR_109,Patna Central Outlet,PRD_F08,4-Door Wardrobe with Mirror,Furniture,Bedroom,Spacewood,1,25500.0,0.0,25500.0,16000.0,9500.0,Credit Card,Delivered
ORD_00832,2024-05-15,2024-05-18,CUST_0257,Neha Patil,Female,35,Patna,Bihar,East,STR_108,Kolkata Park Street Store,PRD_F05,3-Seater Velvet Fabric Sofa,Furniture,Living Room,Wakefit,1,34999.0,5.0,33249.05,22000.0,11249.05,Net Banking,Delivered
ORD_00832,2024-05-15,2024-05-18,CUST_0257,Neha Patil,Female,35,Patna,Bihar,East,STR_108,Kolkata Park Street Store,PRD_E05,Samsung Galaxy S24,Electronics,Smartphones,Samsung,1,79999.0,0.0,79999.0,60000.0,19999.0,Net Banking,Delivered
ORD_00833,2023-12-29,2024-01-01,CUST_0078,Vijay Pandey,Male,36,Kolkata,West Bengal,East,STR_108,Kolkata Park Street Store,PRD_F10,Geometric Minimalist Bookshelf,Furniture,Storage,Home Centre,1,7999.0,20.0,6399.2,4500.0,1899.2,UPI,Delivered
ORD_00834,2023-12-29,2024-01-02,CUST_0002,Diya Chatterjee,Female,55,Surat,Gujarat,West,STR_109,Patna Central Outlet,PRD_E12,Logitech Mechanical Keyboard,Electronics,Accessories,Logitech,1,6495.0,10.0,5845.5,4500.0,1345.5,UPI,Delivered
ORD_00835,2024-02-06,2024-02-09,CUST_0010,Karthik Patel,Male,61,Bengaluru,Karnataka,South,STR_105,Bengaluru Indiranagar Mall,PRD_H05,Kent Grand Plus Water Purifier,Home & Kitchen,Appliances,Kent,1,14999.0,10.0,13499.1,9500.0,3999.1,Credit Card,Returned
ORD_00836,2023-12-30,2024-01-02,CUST_0249,Naveen Mishra,Male,53,Chennai,Tamil Nadu,South,STR_105,Bengaluru Indiranagar Mall,PRD_C07,Nike Air Zoom Pegasus Running Shoes,Clothing,Footwear,Nike,1,8995.0,0.0,8995.0,4200.0,4795.0,Cash on Delivery (COD),Delivered
ORD_00837,2023-12-30,2023-12-31,CUST_0093,Mohan Thakur,Male,40,Mumbai,Maharashtra,West,STR_110,Ahmedabad SG Highway Store,PRD_F02,Executive Leather Boss Chair,Furniture,Chairs,Featherlite,2,18500.0,20.0,29600.0,22000.0,7600.0,UPI,Delivered
ORD_00838,2024-10-22,2024-10-25,CUST_0143,Meena Thakur,Female,51,Jaipur,Rajasthan,North,STR_103,Delhi Connaught Hub,PRD_C01,Men Slim Fit Formal Blazer,Clothing,Formal Wear,Raymond,1,5999.0,0.0,5999.0,2600.0,3399.0,UPI,Delivered
ORD_00838,2024-10-22,2024-10-25,CUST_0143,Meena Thakur,Female,51,Jaipur,Rajasthan,North,STR_103,Delhi Connaught Hub,PRD_E12,Logitech Mechanical Keyboard,Electronics,Accessories,Logitech,1,6495.0,0.0,6495.0,4500.0,1995.0,UPI,Delivered
ORD_00838,2024-10-22,2024-10-25,CUST_0143,Meena Thakur,Female,51,Jaipur,Rajasthan,North,STR_103,Delhi Connaught Hub,PRD_F06,L-Shape Sectional Luxury Sofa,Furniture,Living Room,Godrej Interio,1,52000.0,0.0,52000.0,34000.0,18000.0,UPI,Delivered
ORD_00839,2024-11-22,2024-11-25,CUST_0198,Aanya Bhat,Female,29,Pune,Maharashtra,West,STR_102,Pune Tech Hub Outlet,PRD_E05,Samsung Galaxy S24,Electronics,Smartphones,Samsung,1,79999.0,10.0,71999.1,60000.0,11999.1,UPI,Delivered
ORD_00840,2023-12-31,2024-01-01,CUST_0297,Sunita Malhotra,Female,43,Pune,Maharashtra,West,STR_102,Pune Tech Hub Outlet,PRD_C02,Premium Egyptian Cotton Shirt,Clothing,Formal Wear,Louis Philippe,1,2499.0,15.0,2124.15,950.0,1174.15,Credit Card,Delivered
ORD_00841,2024-03-09,2024-03-14,CUST_0012,Kusum Patel,Female,27,Jaipur,Rajasthan,North,STR_103,Delhi Connaught Hub,PRD_C07,Nike Air Zoom Pegasus Running Shoes,Clothing,Footwear,Nike,2,8995.0,20.0,14392.0,8400.0,5992.0,Cash on Delivery (COD),Delivered
ORD_00841,2024-03-09,2024-03-14,CUST_0012,Kusum Patel,Female,27,Jaipur,Rajasthan,North,STR_103,Delhi Connaught Hub,PRD_F07,King Size Engineered Wood Bed,Furniture,Bedroom,Wakefit,1,24999.0,5.0,23749.05,15000.0,8749.05,Cash on Delivery (COD),Delivered
ORD_00842,2024-01-01,2024-01-06,CUST_0227,Arun Patel,Male,21,Kochi,Kerala,South,STR_106,Hyderabad Hitech Outlet,PRD_F05,3-Seater Velvet Fabric Sofa,Furniture,Living Room,Wakefit,1,34999.0,5.0,33249.05,22000.0,11249.05,UPI,Delivered
ORD_00842,2024-01-01,2024-01-06,CUST_0227,Arun Patel,Male,21,Kochi,Kerala,South,STR_106,Hyderabad Hitech Outlet,PRD_C02,Premium Egyptian Cotton Shirt,Clothing,Formal Wear,Louis Philippe,1,2499.0,0.0,2499.0,950.0,1549.0,UPI,Delivered
ORD_00843,2024-01-02,2024-01-07,CUST_0200,Pranav Pillai,Male,21,Patna,Bihar,East,STR_102,Pune Tech Hub Outlet,PRD_H02,Prestige 750W Mixer Grinder,Home & Kitchen,Appliances,Prestige,1,3890.0,5.0,3695.5,2100.0,1595.5,UPI,Delivered
ORD_00844,2024-01-02,2024-01-07,CUST_0051,Ananya Rao,Female,45,Mumbai,Maharashtra,West,STR_101,Mumbai Flagship Store,PRD_E14,SanDisk 1TB Portable SSD,Electronics,Storage,SanDisk,1,8499.0,15.0,7224.15,6000.0,1224.15,Net Banking,Delivered
ORD_00844,2024-01-02,2024-01-07,CUST_0051,Ananya Rao,Female,45,Mumbai,Maharashtra,West,STR_101,Mumbai Flagship Store,PRD_C08,Puma UltraRide Sneakers,Clothing,Footwear,Puma,3,4999.0,0.0,14997.0,6600.0,8397.0,Net Banking,Delivered
ORD_00845,2024-01-02,2024-01-04,CUST_0155,Preeti Bhat,Female,49,Bhubaneswar,Odisha,East,STR_108,Kolkata Park Street Store,PRD_F07,King Size Engineered Wood Bed,Furniture,Bedroom,Wakefit,1,24999.0,0.0,24999.0,15000.0,9999.0,UPI,Delivered
ORD_00845,2024-01-02,2024-01-04,CUST_0155,Preeti Bhat,Female,49,Bhubaneswar,Odisha,East,STR_108,Kolkata Park Street Store,PRD_H04,Dyson V8 Cordless Vacuum Cleaner,Home & Kitchen,Home Care,Dyson,1,29900.0,0.0,29900.0,19000.0,10900.0,UPI,Delivered
ORD_00845,2024-01-02,2024-01-04,CUST_0155,Preeti Bhat,Female,49,Bhubaneswar,Odisha,East,STR_108,Kolkata Park Street Store,PRD_C10,UV Protected Polarized Sunglasses,Clothing,Accessories,Ray-Ban,1,3490.0,0.0,3490.0,1100.0,2390.0,UPI,Delivered
ORD_00846,2024-01-02,2024-01-07,CUST_0054,Sameer Verma,Male,24,Hyderabad,Telangana,South,STR_107,Chennai Express Store,PRD_E06,OnePlus 12,Electronics,Smartphones,OnePlus,1,64999.0,10.0,58499.1,45000.0,13499.1,Credit Card,Delivered
ORD_00847,2024-01-02,2024-01-07,CUST_0162,Riya Saini,Female,37,Gurugram,Haryana,North,STR_103,Delhi Connaught Hub,PRD_H05,Kent Grand Plus Water Purifier,Home & Kitchen,Appliances,Kent,1,14999.0,0.0,14999.0,9500.0,5499.0,UPI,Delivered
ORD_00848,2024-01-13,2024-01-18,CUST_0010,Karthik Patel,Male,61,Bengaluru,Karnataka,South,STR_105,Bengaluru Indiranagar Mall,PRD_E01,MacBook Air M2,Electronics,Laptops,Apple,1,94900.0,0.0,94900.0,72000.0,22900.0,UPI,Delivered
ORD_00849,2024-01-03,2024-01-08,CUST_0280,Deepa Reddy,Female,37,New Delhi,Delhi,North,STR_103,Delhi Connaught Hub,PRD_E13,TP-Link AX3000 Wi-Fi 6 Router,Electronics,Networking,TP-Link,2,4999.0,10.0,8998.2,6400.0,2598.2,UPI,Delivered
ORD_00850,2024-01-03,2024-01-05,CUST_0044,Kiran Deshmukh,Male,62,Pune,Maharashtra,West,STR_103,Delhi Connaught Hub,PRD_H05,Kent Grand Plus Water Purifier,Home & Kitchen,Appliances,Kent,1,14999.0,10.0,13499.1,9500.0,3999.1,UPI,Delivered
ORD_00851,2024-03-06,2024-03-11,CUST_0197,Reyansh Joshi,Male,45,Bhubaneswar,Odisha,East,STR_108,Kolkata Park Street Store,PRD_C03,Men Tapered Chinos,Clothing,Casual Wear,Allen Solly,1,2199.0,0.0,2199.0,800.0,1399.0,Credit Card,Delivered
ORD_00851,2024-03-06,2024-03-11,CUST_0197,Reyansh Joshi,Male,45,Bhubaneswar,Odisha,East,STR_108,Kolkata Park Street Store,PRD_F08,4-Door Wardrobe with Mirror,Furniture,Bedroom,Spacewood,1,25500.0,15.0,21675.0,16000.0,5675.0,Credit Card,Delivered
ORD_00851,2024-03-06,2024-03-11,CUST_0197,Reyansh Joshi,Male,45,Bhubaneswar,Odisha,East,STR_108,Kolkata Park Street Store,PRD_E08,Apple AirPods Pro 2,Electronics,Audio,Apple,1,22900.0,5.0,21755.0,16000.0,5755.0,Credit Card,Delivered
ORD_00852,2024-01-03,2024-01-07,CUST_0070,Aarav Joshi,Male,61,New Delhi,Delhi,North,STR_103,Delhi Connaught Hub,PRD_E06,OnePlus 12,Electronics,Smartphones,OnePlus,1,64999.0,0.0,64999.0,45000.0,19999.0,Cash on Delivery (COD),Returned
ORD_00852,2024-01-03,2024-01-07,CUST_0070,Aarav Joshi,Male,61,New Delhi,Delhi,North,STR_103,Delhi Connaught Hub,PRD_C04,Women Silk Embroidered Kurta Set,Clothing,Ethnic Wear,Biba,2,3899.0,10.0,7018.2,2800.0,4218.2,Cash on Delivery (COD),Returned
ORD_00853,2024-01-03,2024-01-07,CUST_0140,Meena Reddy,Female,37,Chennai,Tamil Nadu,South,STR_107,Chennai Express Store,PRD_F09,6-Seater Solid Oak Dining Set,Furniture,Dining,Durian,1,38000.0,0.0,38000.0,24000.0,14000.0,Credit Card,Delivered
ORD_00854,2024-01-04,2024-01-07,CUST_0243,Kavita Joshi,Female,59,New Delhi,Delhi,North,STR_103,Delhi Connaught Hub,PRD_C03,Men Tapered Chinos,Clothing,Casual Wear,Allen Solly,2,2199.0,0.0,4398.0,1600.0,2798.0,Debit Card,Delivered
ORD_00855,2024-02-19,2024-02-24,CUST_0012,Kusum Patel,Female,27,Jaipur,Rajasthan,North,STR_104,Noida Cyber Express,PRD_C03,Men Tapered Chinos,Clothing,Casual Wear,Allen Solly,2,2199.0,20.0,3518.4,1600.0,1918.4,UPI,Delivered
ORD_00856,2024-06-12,2024-06-16,CUST_0281,Amit Singh,Male,52,Mumbai,Maharashtra,West,STR_101,Mumbai Flagship Store,PRD_E12,Logitech Mechanical Keyboard,Electronics,Accessories,Logitech,1,6495.0,15.0,5520.75,4500.0,1020.75,UPI,Delivered
ORD_00857,2024-01-06,2024-01-09,CUST_0104,Vikrant Das,Male,56,Guwahati,Assam,East,STR_108,Kolkata Park Street Store,PRD_C08,Puma UltraRide Sneakers,Clothing,Footwear,Puma,2,4999.0,0.0,9998.0,4400.0,5598.0,Debit Card,Delivered
ORD_00857,2024-01-06,2024-01-09,CUST_0104,Vikrant Das,Male,56,Guwahati,Assam,East,STR_108,Kolkata Park Street Store,PRD_E13,TP-Link AX3000 Wi-Fi 6 Router,Electronics,Networking,TP-Link,1,4999.0,0.0,4999.0,3200.0,1799.0,Debit Card,Delivered
ORD_00858,2024-01-08,2024-01-13,CUST_0082,Sara Rao,Female,38,Hyderabad,Telangana,South,STR_106,Hyderabad Hitech Outlet,PRD_E01,MacBook Air M2,Electronics,Laptops,Apple,1,94900.0,0.0,94900.0,72000.0,22900.0,UPI,Delivered
ORD_00859,2024-01-08,2024-01-11,CUST_0122,Sunita Mishra,Female,37,Kolkata,West Bengal,East,STR_101,Mumbai Flagship Store,PRD_F10,Geometric Minimalist Bookshelf,Furniture,Storage,Home Centre,1,7999.0,0.0,7999.0,4500.0,3499.0,UPI,Delivered
ORD_00859,2024-01-08,2024-01-11,CUST_0122,Sunita Mishra,Female,37,Kolkata,West Bengal,East,STR_101,Mumbai Flagship Store,PRD_E02,Dell XPS 13,Electronics,Laptops,Dell,1,85000.0,10.0,76500.0,65000.0,11500.0,UPI,Delivered
ORD_00860,2024-01-08,2024-01-10,CUST_0161,Ajay Nair,Male,60,Pune,Maharashtra,West,STR_110,Ahmedabad SG Highway Store,PRD_F05,3-Seater Velvet Fabric Sofa,Furniture,Living Room,Wakefit,1,34999.0,5.0,33249.05,22000.0,11249.05,Debit Card,Delivered
ORD_00861,2024-01-08,2024-01-11,CUST_0253,Meena Banerjee,Female,25,Patna,Bihar,East,STR_108,Kolkata Park Street Store,PRD_C08,Puma UltraRide Sneakers,Clothing,Footwear,Puma,1,4999.0,15.0,4249.15,2200.0,2049.15,Credit Card,Delivered
ORD_00861,2024-01-08,2024-01-11,CUST_0253,Meena Banerjee,Female,25,Patna,Bihar,East,STR_108,Kolkata Park Street Store,PRD_E01,MacBook Air M2,Electronics,Laptops,Apple,1,94900.0,0.0,94900.0,72000.0,22900.0,Credit Card,Delivered
ORD_00862,2024-01-09,2024-01-10,CUST_0068,Swati Kapoor,Female,37,Bhubaneswar,Odisha,East,STR_109,Patna Central Outlet,PRD_C10,UV Protected Polarized Sunglasses,Clothing,Accessories,Ray-Ban,2,3490.0,0.0,6980.0,2200.0,4780.0,Cash on Delivery (COD),Delivered
ORD_00862,2024-01-09,2024-01-10,CUST_0068,Swati Kapoor,Female,37,Bhubaneswar,Odisha,East,STR_109,Patna Central Outlet,PRD_E10,LG 27-inch 4K UHD Monitor,Electronics,Monitors,LG,1,28500.0,10.0,25650.0,21000.0,4650.0,Cash on Delivery (COD),Delivered
ORD_00863,2024-01-09,2024-01-11,CUST_0306,Rajesh Das,Male,61,Pune,Maharashtra,West,STR_102,Pune Tech Hub Outlet,PRD_F06,L-Shape Sectional Luxury Sofa,Furniture,Living Room,Godrej Interio,1,52000.0,5.0,49400.0,34000.0,15400.0,Net Banking,Delivered
ORD_00863,2024-01-09,2024-01-11,CUST_0306,Rajesh Das,Male,61,Pune,Maharashtra,West,STR_102,Pune Tech Hub Outlet,PRD_E07,Sony WH-1000XM5 Headphones,Electronics,Audio,Sony,1,28990.0,0.0,28990.0,20000.0,8990.0,Net Banking,Delivered
ORD_00864,2024-03-13,2024-03-16,CUST_0197,Reyansh Joshi,Male,45,Bhubaneswar,Odisha,East,STR_108,Kolkata Park Street Store,PRD_F06,L-Shape Sectional Luxury Sofa,Furniture,Living Room,Godrej Interio,2,52000.0,0.0,104000.0,68000.0,36000.0,Cash on Delivery (COD),Returned
ORD_00865,2024-01-11,2024-01-16,CUST_0326,Aadhya Yadav,Female,53,Patna,Bihar,East,STR_103,Delhi Connaught Hub,PRD_E09,boAt Rockerz 450,Electronics,Audio,boAt,1,1499.0,5.0,1424.05,800.0,624.05,Cash on Delivery (COD),Delivered
ORD_00866,2024-01-11,2024-01-13,CUST_0200,Pranav Pillai,Male,21,Patna,Bihar,East,STR_109,Patna Central Outlet,PRD_E14,SanDisk 1TB Portable SSD,Electronics,Storage,SanDisk,1,8499.0,5.0,8074.05,6000.0,2074.05,Net Banking,Delivered
ORD_00867,2024-01-11,2024-01-12,CUST_0321,Ravi Das,Male,50,Patna,Bihar,East,STR_108,Kolkata Park Street Store,PRD_E01,MacBook Air M2,Electronics,Laptops,Apple,1,94900.0,0.0,94900.0,72000.0,22900.0,Credit Card,Delivered
ORD_00867,2024-01-11,2024-01-12,CUST_0321,Ravi Das,Male,50,Patna,Bihar,East,STR_108,Kolkata Park Street Store,PRD_C10,UV Protected Polarized Sunglasses,Clothing,Accessories,Ray-Ban,2,3490.0,0.0,6980.0,2200.0,4780.0,Credit Card,Delivered
ORD_00868,2024-01-12,2024-01-14,CUST_0326,Aadhya Yadav,Female,53,Patna,Bihar,East,STR_108,Kolkata Park Street Store,PRD_C04,Women Silk Embroidered Kurta Set,Clothing,Ethnic Wear,Biba,1,3899.0,10.0,3509.1,1400.0,2109.1,UPI,Delivered
ORD_00869,2024-01-12,2024-01-15,CUST_0056,Gaurav Patel,Male,25,Noida,Uttar Pradesh,North,STR_103,Delhi Connaught Hub,PRD_C02,Premium Egyptian Cotton Shirt,Clothing,Formal Wear,Louis Philippe,1,2499.0,10.0,2249.1,950.0,1299.1,UPI,Delivered
ORD_00870,2024-01-12,2024-01-13,CUST_0140,Meena Reddy,Female,37,Chennai,Tamil Nadu,South,STR_105,Bengaluru Indiranagar Mall,PRD_F07,King Size Engineered Wood Bed,Furniture,Bedroom,Wakefit,1,24999.0,0.0,24999.0,15000.0,9999.0,Credit Card,Delivered
ORD_00871,2024-05-10,2024-05-11,CUST_0257,Neha Patil,Female,35,Patna,Bihar,East,STR_102,Pune Tech Hub Outlet,PRD_C08,Puma UltraRide Sneakers,Clothing,Footwear,Puma,2,4999.0,10.0,8998.2,4400.0,4598.2,Credit Card,Delivered
ORD_00871,2024-05-10,2024-05-11,CUST_0257,Neha Patil,Female,35,Patna,Bihar,East,STR_102,Pune Tech Hub Outlet,PRD_F06,L-Shape Sectional Luxury Sofa,Furniture,Living Room,Godrej Interio,1,52000.0,0.0,52000.0,34000.0,18000.0,Credit Card,Delivered
ORD_00871,2024-05-10,2024-05-11,CUST_0257,Neha Patil,Female,35,Patna,Bihar,East,STR_102,Pune Tech Hub Outlet,PRD_E10,LG 27-inch 4K UHD Monitor,Electronics,Monitors,LG,1,28500.0,10.0,25650.0,21000.0,4650.0,Credit Card,Delivered
ORD_00872,2024-01-13,2024-01-17,CUST_0140,Meena Reddy,Female,37,Chennai,Tamil Nadu,South,STR_107,Chennai Express Store,PRD_E11,Logitech MX Master 3S Mouse,Electronics,Accessories,Logitech,1,8995.0,10.0,8095.5,6200.0,1895.5,UPI,Delivered
ORD_00873,2024-01-13,2024-01-17,CUST_0035,Swati Kapoor,Female,34,Kolkata,West Bengal,East,STR_108,Kolkata Park Street Store,PRD_E08,Apple AirPods Pro 2,Electronics,Audio,Apple,1,22900.0,5.0,21755.0,16000.0,5755.0,Cash on Delivery (COD),Delivered
ORD_00873,2024-01-13,2024-01-17,CUST_0035,Swati Kapoor,Female,34,Kolkata,West Bengal,East,STR_108,Kolkata Park Street Store,PRD_E02,Dell XPS 13,Electronics,Laptops,Dell,1,85000.0,0.0,85000.0,65000.0,20000.0,Cash on Delivery (COD),Delivered
ORD_00874,2024-01-13,2024-01-15,CUST_0250,Naveen Kapoor,Male,60,Jaipur,Rajasthan,North,STR_103,Delhi Connaught Hub,PRD_F09,6-Seater Solid Oak Dining Set,Furniture,Dining,Durian,1,38000.0,5.0,36100.0,24000.0,12100.0,Credit Card,Delivered
ORD_00874,2024-01-13,2024-01-15,CUST_0250,Naveen Kapoor,Male,60,Jaipur,Rajasthan,North,STR_103,Delhi Connaught Hub,PRD_C09,Athletic Dry-Fit Tracksuit,Clothing,Activewear,Under Armour,1,3299.0,5.0,3134.05,1200.0,1934.05,Credit Card,Delivered
ORD_00875,2024-05-15,2024-05-20,CUST_0257,Neha Patil,Female,35,Patna,Bihar,East,STR_108,Kolkata Park Street Store,PRD_E03,HP Pavilion Gaming Laptop,Electronics,Laptops,HP,1,62000.0,0.0,62000.0,48000.0,14000.0,Debit Card,Delivered
ORD_00875,2024-05-15,2024-05-20,CUST_0257,Neha Patil,Female,35,Patna,Bihar,East,STR_108,Kolkata Park Street Store,PRD_C05,Women Designer Georgette Saree,Clothing,Ethnic Wear,FabIndia,2,4999.0,0.0,9998.0,3600.0,6398.0,Debit Card,Delivered
ORD_00876,2024-01-15,2024-01-17,CUST_0279,Vikram Chauhan,Male,21,Pune,Maharashtra,West,STR_103,Delhi Connaught Hub,PRD_H04,Dyson V8 Cordless Vacuum Cleaner,Home & Kitchen,Home Care,Dyson,2,29900.0,15.0,50830.0,38000.0,12830.0,UPI,Delivered
ORD_00877,2024-01-15,2024-01-17,CUST_0155,Preeti Bhat,Female,49,Bhubaneswar,Odisha,East,STR_109,Patna Central Outlet,PRD_E04,iPhone 15 Pro,Electronics,Smartphones,Apple,1,124900.0,5.0,118655.0,95000.0,23655.0,UPI,Delivered
ORD_00878,2024-03-11,2024-03-16,CUST_0271,Shaurya Chatterjee,Male,34,Guwahati,Assam,East,STR_108,Kolkata Park Street Store,PRD_C06,Men Stretch Denim Jeans,Clothing,Casual Wear,Levi's,2,2999.0,15.0,5098.3,2200.0,2898.3,Credit Card,Delivered
ORD_00879,2024-01-16,2024-01-19,CUST_0265,Alok Reddy,Male,51,New Delhi,Delhi,North,STR_110,Ahmedabad SG Highway Store,PRD_H03,Instant Pot Duo 7-in-1 Cooker,Home & Kitchen,Appliances,Instant Pot,1,9999.0,10.0,8999.1,5500.0,3499.1,Credit Card,Delivered
ORD_00880,2024-01-16,2024-01-21,CUST_0250,Naveen Kapoor,Male,60,Jaipur,Rajasthan,North,STR_103,Delhi Connaught Hub,PRD_C04,Women Silk Embroidered Kurta Set,Clothing,Ethnic Wear,Biba,2,3899.0,0.0,7798.0,2800.0,4998.0,Credit Card,Delivered
ORD_00881,2024-01-17,2024-01-19,CUST_0183,Shweta Saini,Female,24,Patna,Bihar,East,STR_101,Mumbai Flagship Store,PRD_C08,Puma UltraRide Sneakers,Clothing,Footwear,Puma,1,4999.0,5.0,4749.05,2200.0,2549.05,Debit Card,Delivered
ORD_00882,2024-01-19,2024-01-24,CUST_0070,Aarav Joshi,Male,61,New Delhi,Delhi,North,STR_109,Patna Central Outlet,PRD_E09,boAt Rockerz 450,Electronics,Audio,boAt,1,1499.0,5.0,1424.05,800.0,624.05,Debit Card,Delivered
ORD_00882,2024-01-19,2024-01-24,CUST_0070,Aarav Joshi,Male,61,New Delhi,Delhi,North,STR_109,Patna Central Outlet,PRD_F01,Ergonomic Mesh Office Chair,Furniture,Chairs,Green Soul,1,12999.0,0.0,12999.0,7500.0,5499.0,Debit Card,Delivered
ORD_00883,2024-01-19,2024-01-21,CUST_0054,Sameer Verma,Male,24,Hyderabad,Telangana,South,STR_108,Kolkata Park Street Store,PRD_E13,TP-Link AX3000 Wi-Fi 6 Router,Electronics,Networking,TP-Link,1,4999.0,5.0,4749.05,3200.0,1549.05,Credit Card,Delivered
ORD_00883,2024-01-19,2024-01-21,CUST_0054,Sameer Verma,Male,24,Hyderabad,Telangana,South,STR_108,Kolkata Park Street Store,PRD_E01,MacBook Air M2,Electronics,Laptops,Apple,1,94900.0,0.0,94900.0,72000.0,22900.0,Credit Card,Delivered
ORD_00883,2024-01-19,2024-01-21,CUST_0054,Sameer Verma,Male,24,Hyderabad,Telangana,South,STR_108,Kolkata Park Street Store,PRD_C04,Women Silk Embroidered Kurta Set,Clothing,Ethnic Wear,Biba,1,3899.0,5.0,3704.05,1400.0,2304.05,Credit Card,Delivered
ORD_00884,2024-08-24,2024-08-26,CUST_0119,Ishaan Saini,Male,29,Kolkata,West Bengal,East,STR_109,Patna Central Outlet,PRD_E08,Apple AirPods Pro 2,Electronics,Audio,Apple,1,22900.0,20.0,18320.0,16000.0,2320.0,Debit Card,Delivered
ORD_00885,2024-01-22,2024-01-27,CUST_0249,Naveen Mishra,Male,53,Chennai,Tamil Nadu,South,STR_102,Pune Tech Hub Outlet,PRD_E14,SanDisk 1TB Portable SSD,Electronics,Storage,SanDisk,1,8499.0,20.0,6799.2,6000.0,799.2,UPI,Cancelled
ORD_00885,2024-01-22,2024-01-27,CUST_0249,Naveen Mishra,Male,53,Chennai,Tamil Nadu,South,STR_102,Pune Tech Hub Outlet,PRD_F06,L-Shape Sectional Luxury Sofa,Furniture,Living Room,Godrej Interio,2,52000.0,0.0,104000.0,68000.0,36000.0,UPI,Cancelled
ORD_00885,2024-01-22,2024-01-27,CUST_0249,Naveen Mishra,Male,53,Chennai,Tamil Nadu,South,STR_102,Pune Tech Hub Outlet,PRD_E06,OnePlus 12,Electronics,Smartphones,OnePlus,1,64999.0,0.0,64999.0,45000.0,19999.0,UPI,Cancelled
ORD_00886,2024-01-22,2024-01-26,CUST_0314,Sara Mehta,Female,30,New Delhi,Delhi,North,STR_104,Noida Cyber Express,PRD_C05,Women Designer Georgette Saree,Clothing,Ethnic Wear,FabIndia,1,4999.0,0.0,4999.0,1800.0,3199.0,Credit Card,Delivered
ORD_00886,2024-01-22,2024-01-26,CUST_0314,Sara Mehta,Female,30,New Delhi,Delhi,North,STR_104,Noida Cyber Express,PRD_H02,Prestige 750W Mixer Grinder,Home & Kitchen,Appliances,Prestige,1,3890.0,5.0,3695.5,2100.0,1595.5,Credit Card,Delivered
ORD_00887,2024-01-23,2024-01-24,CUST_0010,Karthik Patel,Male,61,Bengaluru,Karnataka,South,STR_106,Hyderabad Hitech Outlet,PRD_H04,Dyson V8 Cordless Vacuum Cleaner,Home & Kitchen,Home Care,Dyson,2,29900.0,0.0,59800.0,38000.0,21800.0,Cash on Delivery (COD),Delivered
ORD_00888,2024-01-23,2024-01-28,CUST_0048,Dinesh Pandey,Male,24,Surat,Gujarat,West,STR_101,Mumbai Flagship Store,PRD_F10,Geometric Minimalist Bookshelf,Furniture,Storage,Home Centre,1,7999.0,5.0,7599.05,4500.0,3099.05,Credit Card,Delivered
ORD_00889,2024-01-24,2024-01-29,CUST_0053,Aanya Reddy,Female,34,Bengaluru,Karnataka,South,STR_104,Noida Cyber Express,PRD_F04,Solid Teak Wood Study Table,Furniture,Desks,Urban Ladder,2,14500.0,10.0,26100.0,18000.0,8100.0,UPI,Delivered
ORD_00890,2024-01-24,2024-01-29,CUST_0314,Sara Mehta,Female,30,New Delhi,Delhi,North,STR_104,Noida Cyber Express,PRD_F03,Motorized Standing Desk,Furniture,Desks,ErgoSmart,1,26999.0,15.0,22949.15,18000.0,4949.15,UPI,Delivered
ORD_00891,2024-01-24,2024-01-29,CUST_0270,Mohan Patel,Male,61,New Delhi,Delhi,North,STR_104,Noida Cyber Express,PRD_H02,Prestige 750W Mixer Grinder,Home & Kitchen,Appliances,Prestige,1,3890.0,5.0,3695.5,2100.0,1595.5,UPI,Delivered
ORD_00891,2024-01-24,2024-01-29,CUST_0270,Mohan Patel,Male,61,New Delhi,Delhi,North,STR_104,Noida Cyber Express,PRD_H03,Instant Pot Duo 7-in-1 Cooker,Home & Kitchen,Appliances,Instant Pot,1,9999.0,0.0,9999.0,5500.0,4499.0,UPI,Delivered
ORD_00891,2024-01-24,2024-01-29,CUST_0270,Mohan Patel,Male,61,New Delhi,Delhi,North,STR_104,Noida Cyber Express,PRD_F09,6-Seater Solid Oak Dining Set,Furniture,Dining,Durian,1,38000.0,10.0,34200.0,24000.0,10200.0,UPI,Delivered
ORD_00892,2024-11-07,2024-11-11,CUST_0217,Sunita Sharma,Female,59,Pune,Maharashtra,West,STR_101,Mumbai Flagship Store,PRD_H03,Instant Pot Duo 7-in-1 Cooker,Home & Kitchen,Appliances,Instant Pot,2,9999.0,0.0,19998.0,11000.0,8998.0,UPI,Delivered
ORD_00893,2024-01-26,2024-01-31,CUST_0337,Gaurav Malhotra,Male,30,Jaipur,Rajasthan,North,STR_102,Pune Tech Hub Outlet,PRD_C07,Nike Air Zoom Pegasus Running Shoes,Clothing,Footwear,Nike,2,8995.0,0.0,17990.0,8400.0,9590.0,Debit Card,Delivered
ORD_00893,2024-01-26,2024-01-31,CUST_0337,Gaurav Malhotra,Male,30,Jaipur,Rajasthan,North,STR_102,Pune Tech Hub Outlet,PRD_E06,OnePlus 12,Electronics,Smartphones,OnePlus,1,64999.0,5.0,61749.05,45000.0,16749.05,Debit Card,Delivered
ORD_00894,2024-03-18,2024-03-22,CUST_0113,Rajendra Rao,Male,57,Mumbai,Maharashtra,West,STR_110,Ahmedabad SG Highway Store,PRD_E02,Dell XPS 13,Electronics,Laptops,Dell,1,85000.0,0.0,85000.0,65000.0,20000.0,UPI,Delivered
ORD_00894,2024-03-18,2024-03-22,CUST_0113,Rajendra Rao,Male,57,Mumbai,Maharashtra,West,STR_110,Ahmedabad SG Highway Store,PRD_C08,Puma UltraRide Sneakers,Clothing,Footwear,Puma,1,4999.0,5.0,4749.05,2200.0,2549.05,UPI,Delivered
ORD_00895,2024-10-06,2024-10-07,CUST_0052,Rakesh Nair,Male,56,Kolkata,West Bengal,East,STR_108,Kolkata Park Street Store,PRD_E06,OnePlus 12,Electronics,Smartphones,OnePlus,1,64999.0,5.0,61749.05,45000.0,16749.05,Credit Card,Delivered
ORD_00896,2024-01-27,2024-01-31,CUST_0155,Preeti Bhat,Female,49,Bhubaneswar,Odisha,East,STR_108,Kolkata Park Street Store,PRD_C04,Women Silk Embroidered Kurta Set,Clothing,Ethnic Wear,Biba,1,3899.0,5.0,3704.05,1400.0,2304.05,Cash on Delivery (COD),Returned
ORD_00896,2024-01-27,2024-01-31,CUST_0155,Preeti Bhat,Female,49,Bhubaneswar,Odisha,East,STR_108,Kolkata Park Street Store,PRD_E01,MacBook Air M2,Electronics,Laptops,Apple,1,94900.0,20.0,75920.0,72000.0,3920.0,Cash on Delivery (COD),Returned
ORD_00897,2024-01-28,2024-02-02,CUST_0044,Kiran Deshmukh,Male,62,Pune,Maharashtra,West,STR_110,Ahmedabad SG Highway Store,PRD_E08,Apple AirPods Pro 2,Electronics,Audio,Apple,1,22900.0,5.0,21755.0,16000.0,5755.0,UPI,Returned
ORD_00898,2024-01-29,2024-02-01,CUST_0262,Pooja Thakur,Female,58,Pune,Maharashtra,West,STR_110,Ahmedabad SG Highway Store,PRD_F07,King Size Engineered Wood Bed,Furniture,Bedroom,Wakefit,1,24999.0,0.0,24999.0,15000.0,9999.0,Net Banking,Delivered
ORD_00899,2024-05-15,2024-05-16,CUST_0196,Sneha Malhotra,Female,35,Kochi,Kerala,South,STR_105,Bengaluru Indiranagar Mall,PRD_H03,Instant Pot Duo 7-in-1 Cooker,Home & Kitchen,Appliances,Instant Pot,1,9999.0,0.0,9999.0,5500.0,4499.0,UPI,Delivered
ORD_00899,2024-05-15,2024-05-16,CUST_0196,Sneha Malhotra,Female,35,Kochi,Kerala,South,STR_105,Bengaluru Indiranagar Mall,PRD_H05,Kent Grand Plus Water Purifier,Home & Kitchen,Appliances,Kent,1,14999.0,10.0,13499.1,9500.0,3999.1,UPI,Delivered
ORD_00900,2024-01-30,2024-02-04,CUST_0002,Diya Chatterjee,Female,55,Surat,Gujarat,West,STR_102,Pune Tech Hub Outlet,PRD_E04,iPhone 15 Pro,Electronics,Smartphones,Apple,1,124900.0,5.0,118655.0,95000.0,23655.0,Debit Card,Delivered
ORD_00900,2024-01-30,2024-02-04,CUST_0002,Diya Chatterjee,Female,55,Surat,Gujarat,West,STR_102,Pune Tech Hub Outlet,PRD_H04,Dyson V8 Cordless Vacuum Cleaner,Home & Kitchen,Home Care,Dyson,1,29900.0,15.0,25415.0,19000.0,6415.0,Debit Card,Delivered
ORD_00901,2024-01-30,2024-01-31,CUST_0339,Myra Das,Female,54,Ahmedabad,Gujarat,West,STR_102,Pune Tech Hub Outlet,PRD_F07,King Size Engineered Wood Bed,Furniture,Bedroom,Wakefit,1,24999.0,0.0,24999.0,15000.0,9999.0,UPI,Delivered
ORD_00902,2024-01-31,2024-02-01,CUST_0314,Sara Mehta,Female,30,New Delhi,Delhi,North,STR_103,Delhi Connaught Hub,PRD_C02,Premium Egyptian Cotton Shirt,Clothing,Formal Wear,Louis Philippe,1,2499.0,0.0,2499.0,950.0,1549.0,Credit Card,Delivered
ORD_00902,2024-01-31,2024-02-01,CUST_0314,Sara Mehta,Female,30,New Delhi,Delhi,North,STR_103,Delhi Connaught Hub,PRD_F05,3-Seater Velvet Fabric Sofa,Furniture,Living Room,Wakefit,1,34999.0,5.0,33249.05,22000.0,11249.05,Credit Card,Delivered
ORD_00903,2024-03-07,2024-03-09,CUST_0116,Rashmi Patil,Female,22,Bhubaneswar,Odisha,East,STR_108,Kolkata Park Street Store,PRD_F06,L-Shape Sectional Luxury Sofa,Furniture,Living Room,Godrej Interio,1,52000.0,5.0,49400.0,34000.0,15400.0,Credit Card,Delivered
ORD_00904,2024-01-31,2024-02-01,CUST_0002,Diya Chatterjee,Female,55,Surat,Gujarat,West,STR_101,Mumbai Flagship Store,PRD_C09,Athletic Dry-Fit Tracksuit,Clothing,Activewear,Under Armour,1,3299.0,0.0,3299.0,1200.0,2099.0,Cash on Delivery (COD),Delivered
ORD_00904,2024-01-31,2024-02-01,CUST_0002,Diya Chatterjee,Female,55,Surat,Gujarat,West,STR_101,Mumbai Flagship Store,PRD_F04,Solid Teak Wood Study Table,Furniture,Desks,Urban Ladder,2,14500.0,15.0,24650.0,18000.0,6650.0,Cash on Delivery (COD),Delivered
ORD_00904,2024-01-31,2024-02-01,CUST_0002,Diya Chatterjee,Female,55,Surat,Gujarat,West,STR_101,Mumbai Flagship Store,PRD_E09,boAt Rockerz 450,Electronics,Audio,boAt,1,1499.0,0.0,1499.0,800.0,699.0,Cash on Delivery (COD),Delivered
ORD_00905,2024-06-13,2024-06-16,CUST_0281,Amit Singh,Male,52,Mumbai,Maharashtra,West,STR_110,Ahmedabad SG Highway Store,PRD_H03,Instant Pot Duo 7-in-1 Cooker,Home & Kitchen,Appliances,Instant Pot,2,9999.0,20.0,15998.4,11000.0,4998.4,UPI,Delivered
ORD_00906,2024-02-01,2024-02-05,CUST_0345,Pari Saxena,Female,51,Patna,Bihar,East,STR_109,Patna Central Outlet,PRD_C03,Men Tapered Chinos,Clothing,Casual Wear,Allen Solly,1,2199.0,0.0,2199.0,800.0,1399.0,Debit Card,Delivered
ORD_00907,2024-02-01,2024-02-04,CUST_0051,Ananya Rao,Female,45,Mumbai,Maharashtra,West,STR_102,Pune Tech Hub Outlet,PRD_E13,TP-Link AX3000 Wi-Fi 6 Router,Electronics,Networking,TP-Link,1,4999.0,15.0,4249.15,3200.0,1049.15,UPI,Delivered
ORD_00908,2024-02-01,2024-02-05,CUST_0141,Sunita Menon,Female,56,Lucknow,Uttar Pradesh,North,STR_103,Delhi Connaught Hub,PRD_E01,MacBook Air M2,Electronics,Laptops,Apple,1,94900.0,5.0,90155.0,72000.0,18155.0,Credit Card,Delivered
ORD_00908,2024-02-01,2024-02-05,CUST_0141,Sunita Menon,Female,56,Lucknow,Uttar Pradesh,North,STR_103,Delhi Connaught Hub,PRD_E04,iPhone 15 Pro,Electronics,Smartphones,Apple,1,124900.0,5.0,118655.0,95000.0,23655.0,Credit Card,Delivered
ORD_00909,2024-02-02,2024-02-06,CUST_0183,Shweta Saini,Female,24,Patna,Bihar,East,STR_110,Ahmedabad SG Highway Store,PRD_C03,Men Tapered Chinos,Clothing,Casual Wear,Allen Solly,1,2199.0,5.0,2089.05,800.0,1289.05,Credit Card,Delivered
ORD_00909,2024-02-02,2024-02-06,CUST_0183,Shweta Saini,Female,24,Patna,Bihar,East,STR_110,Ahmedabad SG Highway Store,PRD_F07,King Size Engineered Wood Bed,Furniture,Bedroom,Wakefit,1,24999.0,0.0,24999.0,15000.0,9999.0,Credit Card,Delivered
ORD_00909,2024-02-02,2024-02-06,CUST_0183,Shweta Saini,Female,24,Patna,Bihar,East,STR_110,Ahmedabad SG Highway Store,PRD_E01,MacBook Air M2,Electronics,Laptops,Apple,1,94900.0,0.0,94900.0,72000.0,22900.0,Credit Card,Delivered
ORD_00910,2024-02-02,2024-02-07,CUST_0221,Anita Pandey,Female,23,Patna,Bihar,East,STR_109,Patna Central Outlet,PRD_E01,MacBook Air M2,Electronics,Laptops,Apple,1,94900.0,20.0,75920.0,72000.0,3920.0,UPI,Delivered
ORD_00911,2024-02-04,2024-02-07,CUST_0074,Reyansh Nair,Male,23,Chennai,Tamil Nadu,South,STR_106,Hyderabad Hitech Outlet,PRD_F10,Geometric Minimalist Bookshelf,Furniture,Storage,Home Centre,1,7999.0,10.0,7199.1,4500.0,2699.1,UPI,Delivered
ORD_00912,2024-02-04,2024-02-08,CUST_0063,Pooja Pillai,Female,25,Chennai,Tamil Nadu,South,STR_105,Bengaluru Indiranagar Mall,PRD_E02,Dell XPS 13,Electronics,Laptops,Dell,1,85000.0,10.0,76500.0,65000.0,11500.0,Net Banking,Delivered
ORD_00912,2024-02-04,2024-02-08,CUST_0063,Pooja Pillai,Female,25,Chennai,Tamil Nadu,South,STR_105,Bengaluru Indiranagar Mall,PRD_C09,Athletic Dry-Fit Tracksuit,Clothing,Activewear,Under Armour,2,3299.0,0.0,6598.0,2400.0,4198.0,Net Banking,Delivered
ORD_00912,2024-02-04,2024-02-08,CUST_0063,Pooja Pillai,Female,25,Chennai,Tamil Nadu,South,STR_105,Bengaluru Indiranagar Mall,PRD_H03,Instant Pot Duo 7-in-1 Cooker,Home & Kitchen,Appliances,Instant Pot,1,9999.0,5.0,9499.05,5500.0,3999.05,Net Banking,Delivered
ORD_00913,2024-02-04,2024-02-05,CUST_0106,Aadhya Chatterjee,Female,49,Bhubaneswar,Odisha,East,STR_102,Pune Tech Hub Outlet,PRD_C05,Women Designer Georgette Saree,Clothing,Ethnic Wear,FabIndia,2,4999.0,20.0,7998.4,3600.0,4398.4,Debit Card,Delivered
ORD_00913,2024-02-04,2024-02-05,CUST_0106,Aadhya Chatterjee,Female,49,Bhubaneswar,Odisha,East,STR_102,Pune Tech Hub Outlet,PRD_C09,Athletic Dry-Fit Tracksuit,Clothing,Activewear,Under Armour,1,3299.0,0.0,3299.0,1200.0,2099.0,Debit Card,Delivered
ORD_00914,2024-02-04,2024-02-06,CUST_0155,Preeti Bhat,Female,49,Bhubaneswar,Odisha,East,STR_108,Kolkata Park Street Store,PRD_C01,Men Slim Fit Formal Blazer,Clothing,Formal Wear,Raymond,3,5999.0,20.0,14397.6,7800.0,6597.6,Debit Card,Delivered
ORD_00915,2024-02-05,2024-02-09,CUST_0140,Meena Reddy,Female,37,Chennai,Tamil Nadu,South,STR_107,Chennai Express Store,PRD_F04,Solid Teak Wood Study Table,Furniture,Desks,Urban Ladder,1,14500.0,0.0,14500.0,9000.0,5500.0,Debit Card,Cancelled
ORD_00916,2024-02-05,2024-02-10,CUST_0183,Shweta Saini,Female,24,Patna,Bihar,East,STR_104,Noida Cyber Express,PRD_E04,iPhone 15 Pro,Electronics,Smartphones,Apple,1,124900.0,0.0,124900.0,95000.0,29900.0,Credit Card,Delivered
ORD_00917,2024-02-07,2024-02-08,CUST_0242,Riya Patel,Female,58,Gurugram,Haryana,North,STR_104,Noida Cyber Express,PRD_H03,Instant Pot Duo 7-in-1 Cooker,Home & Kitchen,Appliances,Instant Pot,1,9999.0,10.0,8999.1,5500.0,3499.1,UPI,Delivered
ORD_00918,2024-02-07,2024-02-11,CUST_0273,Anita Chatterjee,Female,57,Hyderabad,Telangana,South,STR_101,Mumbai Flagship Store,PRD_F05,3-Seater Velvet Fabric Sofa,Furniture,Living Room,Wakefit,2,34999.0,0.0,69998.0,44000.0,25998.0,Cash on Delivery (COD),Delivered
ORD_00919,2024-02-08,2024-02-09,CUST_0140,Meena Reddy,Female,37,Chennai,Tamil Nadu,South,STR_106,Hyderabad Hitech Outlet,PRD_E13,TP-Link AX3000 Wi-Fi 6 Router,Electronics,Networking,TP-Link,1,4999.0,5.0,4749.05,3200.0,1549.05,UPI,Delivered
ORD_00920,2024-02-09,2024-02-10,CUST_0051,Ananya Rao,Female,45,Mumbai,Maharashtra,West,STR_102,Pune Tech Hub Outlet,PRD_E03,HP Pavilion Gaming Laptop,Electronics,Laptops,HP,1,62000.0,0.0,62000.0,48000.0,14000.0,Net Banking,Returned
ORD_00921,2024-02-11,2024-02-15,CUST_0065,Pranav Sharma,Male,27,Bengaluru,Karnataka,South,STR_107,Chennai Express Store,PRD_H05,Kent Grand Plus Water Purifier,Home & Kitchen,Appliances,Kent,1,14999.0,0.0,14999.0,9500.0,5499.0,Cash on Delivery (COD),Delivered
ORD_00921,2024-02-11,2024-02-15,CUST_0065,Pranav Sharma,Male,27,Bengaluru,Karnataka,South,STR_107,Chennai Express Store,PRD_H03,Instant Pot Duo 7-in-1 Cooker,Home & Kitchen,Appliances,Instant Pot,1,9999.0,5.0,9499.05,5500.0,3999.05,Cash on Delivery (COD),Delivered
ORD_00922,2024-02-11,2024-02-16,CUST_0314,Sara Mehta,Female,30,New Delhi,Delhi,North,STR_103,Delhi Connaught Hub,PRD_F01,Ergonomic Mesh Office Chair,Furniture,Chairs,Green Soul,1,12999.0,5.0,12349.05,7500.0,4849.05,Debit Card,Delivered
ORD_00922,2024-02-11,2024-02-16,CUST_0314,Sara Mehta,Female,30,New Delhi,Delhi,North,STR_103,Delhi Connaught Hub,PRD_E06,OnePlus 12,Electronics,Smartphones,OnePlus,1,64999.0,15.0,55249.15,45000.0,10249.15,Debit Card,Delivered
ORD_00923,2024-09-06,2024-09-07,CUST_0117,Rajesh Das,Male,31,Kochi,Kerala,South,STR_107,Chennai Express Store,PRD_E01,MacBook Air M2,Electronics,Laptops,Apple,1,94900.0,20.0,75920.0,72000.0,3920.0,Debit Card,Delivered
ORD_00924,2024-02-13,2024-02-17,CUST_0141,Sunita Menon,Female,56,Lucknow,Uttar Pradesh,North,STR_103,Delhi Connaught Hub,PRD_F03,Motorized Standing Desk,Furniture,Desks,ErgoSmart,1,26999.0,10.0,24299.1,18000.0,6299.1,Cash on Delivery (COD),Returned
ORD_00925,2024-02-13,2024-02-18,CUST_0074,Reyansh Nair,Male,23,Chennai,Tamil Nadu,South,STR_107,Chennai Express Store,PRD_C10,UV Protected Polarized Sunglasses,Clothing,Accessories,Ray-Ban,1,3490.0,0.0,3490.0,1100.0,2390.0,UPI,Delivered
ORD_00926,2024-04-23,2024-04-28,CUST_0305,Arun Iyer,Male,45,Bengaluru,Karnataka,South,STR_106,Hyderabad Hitech Outlet,PRD_C08,Puma UltraRide Sneakers,Clothing,Footwear,Puma,1,4999.0,10.0,4499.1,2200.0,2299.1,UPI,Delivered
ORD_00927,2024-02-14,2024-02-16,CUST_0329,Ravi Mehta,Male,26,Kochi,Kerala,South,STR_106,Hyderabad Hitech Outlet,PRD_C07,Nike Air Zoom Pegasus Running Shoes,Clothing,Footwear,Nike,1,8995.0,0.0,8995.0,4200.0,4795.0,UPI,Returned
ORD_00927,2024-02-14,2024-02-16,CUST_0329,Ravi Mehta,Male,26,Kochi,Kerala,South,STR_106,Hyderabad Hitech Outlet,PRD_F06,L-Shape Sectional Luxury Sofa,Furniture,Living Room,Godrej Interio,1,52000.0,0.0,52000.0,34000.0,18000.0,UPI,Returned
ORD_00928,2024-02-15,2024-02-16,CUST_0155,Preeti Bhat,Female,49,Bhubaneswar,Odisha,East,STR_108,Kolkata Park Street Store,PRD_E07,Sony WH-1000XM5 Headphones,Electronics,Audio,Sony,1,28990.0,0.0,28990.0,20000.0,8990.0,UPI,Delivered
ORD_00928,2024-02-15,2024-02-16,CUST_0155,Preeti Bhat,Female,49,Bhubaneswar,Odisha,East,STR_108,Kolkata Park Street Store,PRD_F01,Ergonomic Mesh Office Chair,Furniture,Chairs,Green Soul,1,12999.0,0.0,12999.0,7500.0,5499.0,UPI,Delivered
ORD_00929,2024-02-15,2024-02-16,CUST_0151,Atharva Saxena,Male,39,Gurugram,Haryana,North,STR_103,Delhi Connaught Hub,PRD_C09,Athletic Dry-Fit Tracksuit,Clothing,Activewear,Under Armour,4,3299.0,0.0,13196.0,4800.0,8396.0,Debit Card,Delivered
ORD_00930,2024-07-15,2024-07-19,CUST_0036,Anita Rao,Female,49,Chennai,Tamil Nadu,South,STR_104,Noida Cyber Express,PRD_C05,Women Designer Georgette Saree,Clothing,Ethnic Wear,FabIndia,1,4999.0,0.0,4999.0,1800.0,3199.0,Cash on Delivery (COD),Delivered
ORD_00931,2024-10-14,2024-10-19,CUST_0277,Suresh Patil,Male,39,Surat,Gujarat,West,STR_110,Ahmedabad SG Highway Store,PRD_E09,boAt Rockerz 450,Electronics,Audio,boAt,2,1499.0,5.0,2848.1,1600.0,1248.1,Credit Card,Delivered
ORD_00932,2024-02-18,2024-02-19,CUST_0141,Sunita Menon,Female,56,Lucknow,Uttar Pradesh,North,STR_104,Noida Cyber Express,PRD_E13,TP-Link AX3000 Wi-Fi 6 Router,Electronics,Networking,TP-Link,1,4999.0,5.0,4749.05,3200.0,1549.05,Cash on Delivery (COD),Delivered
ORD_00933,2024-02-18,2024-02-23,CUST_0044,Kiran Deshmukh,Male,62,Pune,Maharashtra,West,STR_101,Mumbai Flagship Store,PRD_C09,Athletic Dry-Fit Tracksuit,Clothing,Activewear,Under Armour,1,3299.0,5.0,3134.05,1200.0,1934.05,Credit Card,Delivered
ORD_00934,2024-02-19,2024-02-22,CUST_0141,Sunita Menon,Female,56,Lucknow,Uttar Pradesh,North,STR_104,Noida Cyber Express,PRD_C09,Athletic Dry-Fit Tracksuit,Clothing,Activewear,Under Armour,1,3299.0,10.0,2969.1,1200.0,1769.1,Cash on Delivery (COD),Delivered
ORD_00935,2024-02-22,2024-02-24,CUST_0229,Karthik Saxena,Male,27,Chennai,Tamil Nadu,South,STR_106,Hyderabad Hitech Outlet,PRD_F10,Geometric Minimalist Bookshelf,Furniture,Storage,Home Centre,1,7999.0,5.0,7599.05,4500.0,3099.05,UPI,Delivered
ORD_00935,2024-02-22,2024-02-24,CUST_0229,Karthik Saxena,Male,27,Chennai,Tamil Nadu,South,STR_106,Hyderabad Hitech Outlet,PRD_E01,MacBook Air M2,Electronics,Laptops,Apple,1,94900.0,0.0,94900.0,72000.0,22900.0,UPI,Delivered
ORD_00936,2024-02-22,2024-02-27,CUST_0097,Shaurya Saxena,Male,40,Jaipur,Rajasthan,North,STR_110,Ahmedabad SG Highway Store,PRD_C05,Women Designer Georgette Saree,Clothing,Ethnic Wear,FabIndia,1,4999.0,15.0,4249.15,1800.0,2449.15,Cash on Delivery (COD),Delivered
ORD_00936,2024-02-22,2024-02-27,CUST_0097,Shaurya Saxena,Male,40,Jaipur,Rajasthan,North,STR_110,Ahmedabad SG Highway Store,PRD_E14,SanDisk 1TB Portable SSD,Electronics,Storage,SanDisk,1,8499.0,20.0,6799.2,6000.0,799.2,Cash on Delivery (COD),Delivered
ORD_00937,2024-02-22,2024-02-26,CUST_0081,Anita Saxena,Female,35,Jaipur,Rajasthan,North,STR_103,Delhi Connaught Hub,PRD_C02,Premium Egyptian Cotton Shirt,Clothing,Formal Wear,Louis Philippe,4,2499.0,10.0,8996.4,3800.0,5196.4,UPI,Delivered
ORD_00938,2024-02-22,2024-02-23,CUST_0009,Swati Pandey,Female,50,Pune,Maharashtra,West,STR_101,Mumbai Flagship Store,PRD_C03,Men Tapered Chinos,Clothing,Casual Wear,Allen Solly,1,2199.0,0.0,2199.0,800.0,1399.0,Credit Card,Delivered
ORD_00939,2024-10-02,2024-10-03,CUST_0052,Rakesh Nair,Male,56,Kolkata,West Bengal,East,STR_108,Kolkata Park Street Store,PRD_C06,Men Stretch Denim Jeans,Clothing,Casual Wear,Levi's,2,2999.0,10.0,5398.2,2200.0,3198.2,UPI,Delivered
ORD_00940,2024-10-29,2024-11-03,CUST_0193,Preeti Chatterjee,Female,58,Bengaluru,Karnataka,South,STR_106,Hyderabad Hitech Outlet,PRD_E08,Apple AirPods Pro 2,Electronics,Audio,Apple,1,22900.0,5.0,21755.0,16000.0,5755.0,Credit Card,Delivered
ORD_00941,2024-02-23,2024-02-27,CUST_0077,Pari Menon,Female,22,Kolkata,West Bengal,East,STR_108,Kolkata Park Street Store,PRD_H05,Kent Grand Plus Water Purifier,Home & Kitchen,Appliances,Kent,1,14999.0,10.0,13499.1,9500.0,3999.1,Credit Card,Delivered
ORD_00942,2024-09-20,2024-09-22,CUST_0248,Rajendra Kapoor,Male,25,Surat,Gujarat,West,STR_101,Mumbai Flagship Store,PRD_E09,boAt Rockerz 450,Electronics,Audio,boAt,2,1499.0,5.0,2848.1,1600.0,1248.1,UPI,Delivered
ORD_00942,2024-09-20,2024-09-22,CUST_0248,Rajendra Kapoor,Male,25,Surat,Gujarat,West,STR_101,Mumbai Flagship Store,PRD_E14,SanDisk 1TB Portable SSD,Electronics,Storage,SanDisk,1,8499.0,5.0,8074.05,6000.0,2074.05,UPI,Delivered
ORD_00943,2024-02-24,2024-02-28,CUST_0093,Mohan Thakur,Male,40,Mumbai,Maharashtra,West,STR_101,Mumbai Flagship Store,PRD_E03,HP Pavilion Gaming Laptop,Electronics,Laptops,HP,1,62000.0,10.0,55800.0,48000.0,7800.0,UPI,Delivered
ORD_00943,2024-02-24,2024-02-28,CUST_0093,Mohan Thakur,Male,40,Mumbai,Maharashtra,West,STR_101,Mumbai Flagship Store,PRD_H02,Prestige 750W Mixer Grinder,Home & Kitchen,Appliances,Prestige,2,3890.0,10.0,7002.0,4200.0,2802.0,UPI,Delivered
ORD_00944,2024-02-25,2024-02-26,CUST_0141,Sunita Menon,Female,56,Lucknow,Uttar Pradesh,North,STR_107,Chennai Express Store,PRD_C02,Premium Egyptian Cotton Shirt,Clothing,Formal Wear,Louis Philippe,1,2499.0,20.0,1999.2,950.0,1049.2,Credit Card,Delivered
ORD_00945,2024-02-25,2024-02-26,CUST_0166,Rakesh Patel,Male,37,Jaipur,Rajasthan,North,STR_104,Noida Cyber Express,PRD_E14,SanDisk 1TB Portable SSD,Electronics,Storage,SanDisk,1,8499.0,10.0,7649.1,6000.0,1649.1,Credit Card,Delivered
ORD_00945,2024-02-25,2024-02-26,CUST_0166,Rakesh Patel,Male,37,Jaipur,Rajasthan,North,STR_104,Noida Cyber Express,PRD_E12,Logitech Mechanical Keyboard,Electronics,Accessories,Logitech,1,6495.0,0.0,6495.0,4500.0,1995.0,Credit Card,Delivered
ORD_00945,2024-02-25,2024-02-26,CUST_0166,Rakesh Patel,Male,37,Jaipur,Rajasthan,North,STR_104,Noida Cyber Express,PRD_H04,Dyson V8 Cordless Vacuum Cleaner,Home & Kitchen,Home Care,Dyson,1,29900.0,0.0,29900.0,19000.0,10900.0,Credit Card,Delivered
ORD_00946,2024-02-27,2024-02-29,CUST_0315,Kusum Bose,Female,53,Surat,Gujarat,West,STR_102,Pune Tech Hub Outlet,PRD_E01,MacBook Air M2,Electronics,Laptops,Apple,1,94900.0,0.0,94900.0,72000.0,22900.0,UPI,Delivered
ORD_00947,2024-02-27,2024-03-02,CUST_0135,Aanya Patil,Female,54,Noida,Uttar Pradesh,North,STR_101,Mumbai Flagship Store,PRD_H02,Prestige 750W Mixer Grinder,Home & Kitchen,Appliances,Prestige,1,3890.0,0.0,3890.0,2100.0,1790.0,Cash on Delivery (COD),Cancelled
ORD_00947,2024-02-27,2024-03-02,CUST_0135,Aanya Patil,Female,54,Noida,Uttar Pradesh,North,STR_101,Mumbai Flagship Store,PRD_E04,iPhone 15 Pro,Electronics,Smartphones,Apple,1,124900.0,0.0,124900.0,95000.0,29900.0,Cash on Delivery (COD),Cancelled
ORD_00947,2024-02-27,2024-03-02,CUST_0135,Aanya Patil,Female,54,Noida,Uttar Pradesh,North,STR_101,Mumbai Flagship Store,PRD_E07,Sony WH-1000XM5 Headphones,Electronics,Audio,Sony,1,28990.0,0.0,28990.0,20000.0,8990.0,Cash on Delivery (COD),Cancelled
ORD_00948,2024-02-28,2024-02-29,CUST_0325,Nikhil Bose,Male,39,Surat,Gujarat,West,STR_102,Pune Tech Hub Outlet,PRD_F02,Executive Leather Boss Chair,Furniture,Chairs,Featherlite,1,18500.0,20.0,14800.0,11000.0,3800.0,Credit Card,Delivered
ORD_00949,2024-02-28,2024-02-29,CUST_0140,Meena Reddy,Female,37,Chennai,Tamil Nadu,South,STR_107,Chennai Express Store,PRD_E08,Apple AirPods Pro 2,Electronics,Audio,Apple,1,22900.0,5.0,21755.0,16000.0,5755.0,UPI,Delivered
ORD_00950,2024-02-29,2024-03-03,CUST_0250,Naveen Kapoor,Male,60,Jaipur,Rajasthan,North,STR_103,Delhi Connaught Hub,PRD_H04,Dyson V8 Cordless Vacuum Cleaner,Home & Kitchen,Home Care,Dyson,1,29900.0,0.0,29900.0,19000.0,10900.0,UPI,Delivered
ORD_00951,2024-02-29,2024-03-02,CUST_0121,Neha Deshmukh,Female,42,Hyderabad,Telangana,South,STR_105,Bengaluru Indiranagar Mall,PRD_C02,Premium Egyptian Cotton Shirt,Clothing,Formal Wear,Louis Philippe,1,2499.0,5.0,2374.05,950.0,1424.05,Credit Card,Cancelled
ORD_00951,2024-02-29,2024-03-02,CUST_0121,Neha Deshmukh,Female,42,Hyderabad,Telangana,South,STR_105,Bengaluru Indiranagar Mall,PRD_C07,Nike Air Zoom Pegasus Running Shoes,Clothing,Footwear,Nike,2,8995.0,0.0,17990.0,8400.0,9590.0,Credit Card,Cancelled
ORD_00952,2024-03-01,2024-03-03,CUST_0347,Anika Verma,Female,23,Gurugram,Haryana,North,STR_104,Noida Cyber Express,PRD_F02,Executive Leather Boss Chair,Furniture,Chairs,Featherlite,1,18500.0,5.0,17575.0,11000.0,6575.0,Credit Card,Delivered
ORD_00953,2024-03-01,2024-03-03,CUST_0297,Sunita Malhotra,Female,43,Pune,Maharashtra,West,STR_101,Mumbai Flagship Store,PRD_E05,Samsung Galaxy S24,Electronics,Smartphones,Samsung,1,79999.0,5.0,75999.05,60000.0,15999.05,UPI,Delivered
ORD_00954,2024-03-01,2024-03-03,CUST_0044,Kiran Deshmukh,Male,62,Pune,Maharashtra,West,STR_110,Ahmedabad SG Highway Store,PRD_E06,OnePlus 12,Electronics,Smartphones,OnePlus,1,64999.0,5.0,61749.05,45000.0,16749.05,Credit Card,Delivered
ORD_00955,2024-05-28,2024-05-30,CUST_0258,Rajesh Saxena,Male,46,Patna,Bihar,East,STR_109,Patna Central Outlet,PRD_E10,LG 27-inch 4K UHD Monitor,Electronics,Monitors,LG,1,28500.0,0.0,28500.0,21000.0,7500.0,Cash on Delivery (COD),Delivered
ORD_00955,2024-05-28,2024-05-30,CUST_0258,Rajesh Saxena,Male,46,Patna,Bihar,East,STR_109,Patna Central Outlet,PRD_C09,Athletic Dry-Fit Tracksuit,Clothing,Activewear,Under Armour,1,3299.0,5.0,3134.05,1200.0,1934.05,Cash on Delivery (COD),Delivered
ORD_00956,2024-03-02,2024-03-07,CUST_0160,Nikhil Rao,Male,49,Patna,Bihar,East,STR_103,Delhi Connaught Hub,PRD_C06,Men Stretch Denim Jeans,Clothing,Casual Wear,Levi's,1,2999.0,10.0,2699.1,1100.0,1599.1,UPI,Delivered
ORD_00957,2024-03-02,2024-03-03,CUST_0138,Naveen Mehta,Male,57,Patna,Bihar,East,STR_108,Kolkata Park Street Store,PRD_H04,Dyson V8 Cordless Vacuum Cleaner,Home & Kitchen,Home Care,Dyson,1,29900.0,10.0,26910.0,19000.0,7910.0,UPI,Delivered
ORD_00957,2024-03-02,2024-03-03,CUST_0138,Naveen Mehta,Male,57,Patna,Bihar,East,STR_108,Kolkata Park Street Store,PRD_E11,Logitech MX Master 3S Mouse,Electronics,Accessories,Logitech,1,8995.0,0.0,8995.0,6200.0,2795.0,UPI,Delivered
ORD_00958,2024-03-02,2024-03-06,CUST_0195,Sameer Rao,Male,41,Patna,Bihar,East,STR_109,Patna Central Outlet,PRD_E05,Samsung Galaxy S24,Electronics,Smartphones,Samsung,1,79999.0,0.0,79999.0,60000.0,19999.0,UPI,Delivered
ORD_00959,2024-03-04,2024-03-09,CUST_0304,Reyansh Mehta,Male,49,Patna,Bihar,East,STR_108,Kolkata Park Street Store,PRD_E12,Logitech Mechanical Keyboard,Electronics,Accessories,Logitech,2,6495.0,10.0,11691.0,9000.0,2691.0,Debit Card,Returned
ORD_00959,2024-03-04,2024-03-09,CUST_0304,Reyansh Mehta,Male,49,Patna,Bihar,East,STR_108,Kolkata Park Street Store,PRD_E03,HP Pavilion Gaming Laptop,Electronics,Laptops,HP,1,62000.0,5.0,58900.0,48000.0,10900.0,Debit Card,Returned
ORD_00960,2024-09-15,2024-09-20,CUST_0201,Kiran Bose,Male,25,New Delhi,Delhi,North,STR_104,Noida Cyber Express,PRD_E09,boAt Rockerz 450,Electronics,Audio,boAt,1,1499.0,0.0,1499.0,800.0,699.0,Cash on Delivery (COD),Delivered
ORD_00961,2024-06-02,2024-06-07,CUST_0213,Suresh Malhotra,Male,61,Bengaluru,Karnataka,South,STR_108,Kolkata Park Street Store,PRD_C10,UV Protected Polarized Sunglasses,Clothing,Accessories,Ray-Ban,2,3490.0,5.0,6631.0,2200.0,4431.0,Debit Card,Delivered
ORD_00962,2024-03-07,2024-03-12,CUST_0028,Alok Pillai,Male,61,Surat,Gujarat,West,STR_102,Pune Tech Hub Outlet,PRD_C08,Puma UltraRide Sneakers,Clothing,Footwear,Puma,4,4999.0,10.0,17996.4,8800.0,9196.4,Net Banking,Delivered
ORD_00963,2024-03-07,2024-03-12,CUST_0262,Pooja Thakur,Female,58,Pune,Maharashtra,West,STR_102,Pune Tech Hub Outlet,PRD_F06,L-Shape Sectional Luxury Sofa,Furniture,Living Room,Godrej Interio,1,52000.0,5.0,49400.0,34000.0,15400.0,Credit Card,Delivered
ORD_00964,2024-04-17,2024-04-21,CUST_0231,Ayaan Saini,Male,40,Patna,Bihar,East,STR_108,Kolkata Park Street Store,PRD_E08,Apple AirPods Pro 2,Electronics,Audio,Apple,1,22900.0,5.0,21755.0,16000.0,5755.0,Credit Card,Delivered
ORD_00965,2024-09-26,2024-10-01,CUST_0095,Dinesh Das,Male,53,Gurugram,Haryana,North,STR_103,Delhi Connaught Hub,PRD_H02,Prestige 750W Mixer Grinder,Home & Kitchen,Appliances,Prestige,1,3890.0,10.0,3501.0,2100.0,1401.0,UPI,Delivered
ORD_00966,2024-07-05,2024-07-07,CUST_0094,Riya Patil,Female,50,Hyderabad,Telangana,South,STR_108,Kolkata Park Street Store,PRD_F05,3-Seater Velvet Fabric Sofa,Furniture,Living Room,Wakefit,1,34999.0,0.0,34999.0,22000.0,12999.0,Credit Card,Delivered
ORD_00967,2024-03-09,2024-03-14,CUST_0013,Sunita Deshmukh,Female,31,Chennai,Tamil Nadu,South,STR_104,Noida Cyber Express,PRD_E04,iPhone 15 Pro,Electronics,Smartphones,Apple,1,124900.0,0.0,124900.0,95000.0,29900.0,Credit Card,Delivered
ORD_00968,2024-09-12,2024-09-13,CUST_0248,Rajendra Kapoor,Male,25,Surat,Gujarat,West,STR_110,Ahmedabad SG Highway Store,PRD_E12,Logitech Mechanical Keyboard,Electronics,Accessories,Logitech,1,6495.0,5.0,6170.25,4500.0,1670.25,Debit Card,Delivered
ORD_00969,2024-03-10,2024-03-11,CUST_0051,Ananya Rao,Female,45,Mumbai,Maharashtra,West,STR_102,Pune Tech Hub Outlet,PRD_F01,Ergonomic Mesh Office Chair,Furniture,Chairs,Green Soul,1,12999.0,0.0,12999.0,7500.0,5499.0,Debit Card,Delivered
ORD_00970,2024-04-27,2024-04-30,CUST_0231,Ayaan Saini,Male,40,Patna,Bihar,East,STR_109,Patna Central Outlet,PRD_E10,LG 27-inch 4K UHD Monitor,Electronics,Monitors,LG,1,28500.0,10.0,25650.0,21000.0,4650.0,Credit Card,Delivered
ORD_00971,2024-05-31,2024-06-03,CUST_0046,Sara Reddy,Female,29,Patna,Bihar,East,STR_108,Kolkata Park Street Store,PRD_E14,SanDisk 1TB Portable SSD,Electronics,Storage,SanDisk,2,8499.0,0.0,16998.0,12000.0,4998.0,Credit Card,Delivered
ORD_00972,2024-03-11,2024-03-14,CUST_0306,Rajesh Das,Male,61,Pune,Maharashtra,West,STR_108,Kolkata Park Street Store,PRD_C01,Men Slim Fit Formal Blazer,Clothing,Formal Wear,Raymond,2,5999.0,15.0,10198.3,5200.0,4998.3,Credit Card,Delivered
ORD_00972,2024-03-11,2024-03-14,CUST_0306,Rajesh Das,Male,61,Pune,Maharashtra,West,STR_108,Kolkata Park Street Store,PRD_F01,Ergonomic Mesh Office Chair,Furniture,Chairs,Green Soul,1,12999.0,0.0,12999.0,7500.0,5499.0,Credit Card,Delivered
ORD_00973,2024-03-11,2024-03-15,CUST_0138,Naveen Mehta,Male,57,Patna,Bihar,East,STR_109,Patna Central Outlet,PRD_F06,L-Shape Sectional Luxury Sofa,Furniture,Living Room,Godrej Interio,1,52000.0,0.0,52000.0,34000.0,18000.0,Credit Card,Delivered
ORD_00974,2024-03-15,2024-03-18,CUST_0053,Aanya Reddy,Female,34,Bengaluru,Karnataka,South,STR_105,Bengaluru Indiranagar Mall,PRD_E10,LG 27-inch 4K UHD Monitor,Electronics,Monitors,LG,1,28500.0,0.0,28500.0,21000.0,7500.0,UPI,Delivered
ORD_00974,2024-03-15,2024-03-18,CUST_0053,Aanya Reddy,Female,34,Bengaluru,Karnataka,South,STR_105,Bengaluru Indiranagar Mall,PRD_E12,Logitech Mechanical Keyboard,Electronics,Accessories,Logitech,1,6495.0,10.0,5845.5,4500.0,1345.5,UPI,Delivered
ORD_00974,2024-03-15,2024-03-18,CUST_0053,Aanya Reddy,Female,34,Bengaluru,Karnataka,South,STR_105,Bengaluru Indiranagar Mall,PRD_F06,L-Shape Sectional Luxury Sofa,Furniture,Living Room,Godrej Interio,2,52000.0,0.0,104000.0,68000.0,36000.0,UPI,Delivered
ORD_00975,2024-03-16,2024-03-19,CUST_0271,Shaurya Chatterjee,Male,34,Guwahati,Assam,East,STR_102,Pune Tech Hub Outlet,PRD_E01,MacBook Air M2,Electronics,Laptops,Apple,1,94900.0,20.0,75920.0,72000.0,3920.0,UPI,Delivered
ORD_00975,2024-03-16,2024-03-19,CUST_0271,Shaurya Chatterjee,Male,34,Guwahati,Assam,East,STR_102,Pune Tech Hub Outlet,PRD_E14,SanDisk 1TB Portable SSD,Electronics,Storage,SanDisk,1,8499.0,5.0,8074.05,6000.0,2074.05,UPI,Delivered
ORD_00976,2024-03-16,2024-03-18,CUST_0302,Alok Gupta,Male,49,Pune,Maharashtra,West,STR_102,Pune Tech Hub Outlet,PRD_H01,Philips Air Fryer XL 4.1L,Home & Kitchen,Appliances,Philips,1,8495.0,5.0,8070.25,4800.0,3270.25,Credit Card,Delivered
ORD_00977,2024-03-17,2024-03-18,CUST_0113,Rajendra Rao,Male,57,Mumbai,Maharashtra,West,STR_102,Pune Tech Hub Outlet,PRD_E06,OnePlus 12,Electronics,Smartphones,OnePlus,1,64999.0,5.0,61749.05,45000.0,16749.05,Debit Card,Delivered
ORD_00978,2024-03-18,2024-03-23,CUST_0130,Vikram Banerjee,Male,25,Gurugram,Haryana,North,STR_109,Patna Central Outlet,PRD_F07,King Size Engineered Wood Bed,Furniture,Bedroom,Wakefit,1,24999.0,0.0,24999.0,15000.0,9999.0,UPI,Delivered
ORD_00979,2024-03-19,2024-03-21,CUST_0008,Shaurya Rao,Male,43,Surat,Gujarat,West,STR_101,Mumbai Flagship Store,PRD_H03,Instant Pot Duo 7-in-1 Cooker,Home & Kitchen,Appliances,Instant Pot,1,9999.0,5.0,9499.05,5500.0,3999.05,Cash on Delivery (COD),Returned
ORD_00979,2024-03-19,2024-03-21,CUST_0008,Shaurya Rao,Male,43,Surat,Gujarat,West,STR_101,Mumbai Flagship Store,PRD_C04,Women Silk Embroidered Kurta Set,Clothing,Ethnic Wear,Biba,1,3899.0,15.0,3314.15,1400.0,1914.15,Cash on Delivery (COD),Returned
ORD_00980,2024-03-19,2024-03-21,CUST_0346,Diya Patel,Female,23,Patna,Bihar,East,STR_106,Hyderabad Hitech Outlet,PRD_F03,Motorized Standing Desk,Furniture,Desks,ErgoSmart,1,26999.0,10.0,24299.1,18000.0,6299.1,UPI,Delivered
ORD_00981,2024-03-21,2024-03-23,CUST_0147,Vijay Iyer,Male,38,Patna,Bihar,East,STR_104,Noida Cyber Express,PRD_F06,L-Shape Sectional Luxury Sofa,Furniture,Living Room,Godrej Interio,1,52000.0,15.0,44200.0,34000.0,10200.0,Credit Card,Cancelled
ORD_00982,2024-03-21,2024-03-26,CUST_0246,Deepak Pandey,Male,58,Jaipur,Rajasthan,North,STR_103,Delhi Connaught Hub,PRD_H04,Dyson V8 Cordless Vacuum Cleaner,Home & Kitchen,Home Care,Dyson,1,29900.0,0.0,29900.0,19000.0,10900.0,Debit Card,Delivered
ORD_00983,2024-03-21,2024-03-25,CUST_0314,Sara Mehta,Female,30,New Delhi,Delhi,North,STR_103,Delhi Connaught Hub,PRD_F02,Executive Leather Boss Chair,Furniture,Chairs,Featherlite,1,18500.0,20.0,14800.0,11000.0,3800.0,UPI,Delivered
ORD_00984,2024-10-01,2024-10-06,CUST_0052,Rakesh Nair,Male,56,Kolkata,West Bengal,East,STR_108,Kolkata Park Street Store,PRD_F08,4-Door Wardrobe with Mirror,Furniture,Bedroom,Spacewood,1,25500.0,0.0,25500.0,16000.0,9500.0,UPI,Delivered
ORD_00985,2024-03-22,2024-03-24,CUST_0063,Pooja Pillai,Female,25,Chennai,Tamil Nadu,South,STR_107,Chennai Express Store,PRD_F05,3-Seater Velvet Fabric Sofa,Furniture,Living Room,Wakefit,1,34999.0,0.0,34999.0,22000.0,12999.0,Credit Card,Cancelled
ORD_00985,2024-03-22,2024-03-24,CUST_0063,Pooja Pillai,Female,25,Chennai,Tamil Nadu,South,STR_107,Chennai Express Store,PRD_E01,MacBook Air M2,Electronics,Laptops,Apple,1,94900.0,0.0,94900.0,72000.0,22900.0,Credit Card,Cancelled
ORD_00986,2024-03-24,2024-03-27,CUST_0273,Anita Chatterjee,Female,57,Hyderabad,Telangana,South,STR_105,Bengaluru Indiranagar Mall,PRD_E08,Apple AirPods Pro 2,Electronics,Audio,Apple,1,22900.0,0.0,22900.0,16000.0,6900.0,UPI,Delivered
ORD_00987,2024-03-24,2024-03-25,CUST_0127,Vikrant Banerjee,Male,44,Lucknow,Uttar Pradesh,North,STR_106,Hyderabad Hitech Outlet,PRD_F06,L-Shape Sectional Luxury Sofa,Furniture,Living Room,Godrej Interio,1,52000.0,15.0,44200.0,34000.0,10200.0,Cash on Delivery (COD),Delivered
ORD_00988,2024-03-25,2024-03-28,CUST_0314,Sara Mehta,Female,30,New Delhi,Delhi,North,STR_103,Delhi Connaught Hub,PRD_C07,Nike Air Zoom Pegasus Running Shoes,Clothing,Footwear,Nike,2,8995.0,0.0,17990.0,8400.0,9590.0,Debit Card,Delivered
ORD_00989,2024-03-25,2024-03-30,CUST_0314,Sara Mehta,Female,30,New Delhi,Delhi,North,STR_104,Noida Cyber Express,PRD_E10,LG 27-inch 4K UHD Monitor,Electronics,Monitors,LG,1,28500.0,5.0,27075.0,21000.0,6075.0,UPI,Delivered
ORD_00990,2024-05-12,2024-05-13,CUST_0258,Rajesh Saxena,Male,46,Patna,Bihar,East,STR_109,Patna Central Outlet,PRD_E13,TP-Link AX3000 Wi-Fi 6 Router,Electronics,Networking,TP-Link,2,4999.0,0.0,9998.0,6400.0,3598.0,Credit Card,Cancelled
ORD_00990,2024-05-12,2024-05-13,CUST_0258,Rajesh Saxena,Male,46,Patna,Bihar,East,STR_109,Patna Central Outlet,PRD_C01,Men Slim Fit Formal Blazer,Clothing,Formal Wear,Raymond,1,5999.0,20.0,4799.2,2600.0,2199.2,Credit Card,Cancelled
ORD_00990,2024-05-12,2024-05-13,CUST_0258,Rajesh Saxena,Male,46,Patna,Bihar,East,STR_109,Patna Central Outlet,PRD_F05,3-Seater Velvet Fabric Sofa,Furniture,Living Room,Wakefit,1,34999.0,15.0,29749.15,22000.0,7749.15,Credit Card,Cancelled
ORD_00991,2024-03-27,2024-04-01,CUST_0155,Preeti Bhat,Female,49,Bhubaneswar,Odisha,East,STR_103,Delhi Connaught Hub,PRD_C06,Men Stretch Denim Jeans,Clothing,Casual Wear,Levi's,2,2999.0,0.0,5998.0,2200.0,3798.0,UPI,Delivered
ORD_00992,2024-03-27,2024-04-01,CUST_0227,Arun Patel,Male,21,Kochi,Kerala,South,STR_106,Hyderabad Hitech Outlet,PRD_C01,Men Slim Fit Formal Blazer,Clothing,Formal Wear,Raymond,1,5999.0,5.0,5699.05,2600.0,3099.05,UPI,Delivered
ORD_00993,2024-03-27,2024-03-30,CUST_0068,Swati Kapoor,Female,37,Bhubaneswar,Odisha,East,STR_107,Chennai Express Store,PRD_C07,Nike Air Zoom Pegasus Running Shoes,Clothing,Footwear,Nike,2,8995.0,10.0,16191.0,8400.0,7791.0,UPI,Delivered
ORD_00994,2024-06-26,2024-06-30,CUST_0184,Rashmi Thakur,Female,39,New Delhi,Delhi,North,STR_104,Noida Cyber Express,PRD_E07,Sony WH-1000XM5 Headphones,Electronics,Audio,Sony,1,28990.0,0.0,28990.0,20000.0,8990.0,Credit Card,Delivered
ORD_00995,2024-03-28,2024-04-01,CUST_0241,Muhammad Pandey,Male,36,Hyderabad,Telangana,South,STR_108,Kolkata Park Street Store,PRD_C01,Men Slim Fit Formal Blazer,Clothing,Formal Wear,Raymond,4,5999.0,0.0,23996.0,10400.0,13596.0,Net Banking,Delivered
ORD_00996,2024-09-11,2024-09-13,CUST_0248,Rajendra Kapoor,Male,25,Surat,Gujarat,West,STR_110,Ahmedabad SG Highway Store,PRD_F07,King Size Engineered Wood Bed,Furniture,Bedroom,Wakefit,1,24999.0,10.0,22499.1,15000.0,7499.1,UPI,Delivered
ORD_00997,2024-07-22,2024-07-25,CUST_0105,Dinesh Chauhan,Male,48,Guwahati,Assam,East,STR_109,Patna Central Outlet,PRD_C08,Puma UltraRide Sneakers,Clothing,Footwear,Puma,1,4999.0,20.0,3999.2,2200.0,1799.2,UPI,Delivered
ORD_00998,2024-03-29,2024-04-03,CUST_0242,Riya Patel,Female,58,Gurugram,Haryana,North,STR_103,Delhi Connaught Hub,PRD_E12,Logitech Mechanical Keyboard,Electronics,Accessories,Logitech,2,6495.0,0.0,12990.0,9000.0,3990.0,Cash on Delivery (COD),Returned
ORD_00998,2024-03-29,2024-04-03,CUST_0242,Riya Patel,Female,58,Gurugram,Haryana,North,STR_103,Delhi Connaught Hub,PRD_F10,Geometric Minimalist Bookshelf,Furniture,Storage,Home Centre,1,7999.0,5.0,7599.05,4500.0,3099.05,Cash on Delivery (COD),Returned
ORD_00999,2024-03-30,2024-03-31,CUST_0262,Pooja Thakur,Female,58,Pune,Maharashtra,West,STR_103,Delhi Connaught Hub,PRD_F07,King Size Engineered Wood Bed,Furniture,Bedroom,Wakefit,1,24999.0,0.0,24999.0,15000.0,9999.0,Credit Card,Delivered
ORD_00999,2024-03-30,2024-03-31,CUST_0262,Pooja Thakur,Female,58,Pune,Maharashtra,West,STR_103,Delhi Connaught Hub,PRD_E08,Apple AirPods Pro 2,Electronics,Audio,Apple,1,22900.0,0.0,22900.0,16000.0,6900.0,Credit Card,Delivered
ORD_01000,2024-03-30,2024-04-01,CUST_0044,Kiran Deshmukh,Male,62,Pune,Maharashtra,West,STR_102,Pune Tech Hub Outlet,PRD_C04,Women Silk Embroidered Kurta Set,Clothing,Ethnic Wear,Biba,1,3899.0,0.0,3899.0,1400.0,2499.0,Cash on Delivery (COD),Cancelled
ORD_01000,2024-03-30,2024-04-01,CUST_0044,Kiran Deshmukh,Male,62,Pune,Maharashtra,West,STR_102,Pune Tech Hub Outlet,PRD_H01,Philips Air Fryer XL 4.1L,Home & Kitchen,Appliances,Philips,1,8495.0,5.0,8070.25,4800.0,3270.25,Cash on Delivery (COD),Cancelled
ORD_01001,2024-07-03,2024-07-06,CUST_0212,Preeti Das,Female,25,Noida,Uttar Pradesh,North,STR_104,Noida Cyber Express,PRD_E03,HP Pavilion Gaming Laptop,Electronics,Laptops,HP,1,62000.0,5.0,58900.0,48000.0,10900.0,Debit Card,Delivered
ORD_01002,2024-03-30,2024-04-02,CUST_0012,Kusum Patel,Female,27,Jaipur,Rajasthan,North,STR_104,Noida Cyber Express,PRD_E13,TP-Link AX3000 Wi-Fi 6 Router,Electronics,Networking,TP-Link,1,4999.0,0.0,4999.0,3200.0,1799.0,Net Banking,Delivered
ORD_01003,2024-04-01,2024-04-04,CUST_0056,Gaurav Patel,Male,25,Noida,Uttar Pradesh,North,STR_103,Delhi Connaught Hub,PRD_C02,Premium Egyptian Cotton Shirt,Clothing,Formal Wear,Louis Philippe,1,2499.0,0.0,2499.0,950.0,1549.0,UPI,Delivered
ORD_01004,2024-04-02,2024-04-06,CUST_0044,Kiran Deshmukh,Male,62,Pune,Maharashtra,West,STR_101,Mumbai Flagship Store,PRD_E01,MacBook Air M2,Electronics,Laptops,Apple,1,94900.0,5.0,90155.0,72000.0,18155.0,Debit Card,Delivered
ORD_01005,2024-07-18,2024-07-19,CUST_0036,Anita Rao,Female,49,Chennai,Tamil Nadu,South,STR_106,Hyderabad Hitech Outlet,PRD_F07,King Size Engineered Wood Bed,Furniture,Bedroom,Wakefit,1,24999.0,0.0,24999.0,15000.0,9999.0,Credit Card,Returned
ORD_01006,2024-09-25,2024-09-28,CUST_0248,Rajendra Kapoor,Male,25,Surat,Gujarat,West,STR_101,Mumbai Flagship Store,PRD_F02,Executive Leather Boss Chair,Furniture,Chairs,Featherlite,1,18500.0,15.0,15725.0,11000.0,4725.0,UPI,Delivered
ORD_01007,2024-04-02,2024-04-06,CUST_0183,Shweta Saini,Female,24,Patna,Bihar,East,STR_109,Patna Central Outlet,PRD_C03,Men Tapered Chinos,Clothing,Casual Wear,Allen Solly,1,2199.0,0.0,2199.0,800.0,1399.0,Credit Card,Delivered
ORD_01008,2024-04-03,2024-04-07,CUST_0250,Naveen Kapoor,Male,60,Jaipur,Rajasthan,North,STR_103,Delhi Connaught Hub,PRD_E07,Sony WH-1000XM5 Headphones,Electronics,Audio,Sony,1,28990.0,0.0,28990.0,20000.0,8990.0,Cash on Delivery (COD),Delivered
ORD_01008,2024-04-03,2024-04-07,CUST_0250,Naveen Kapoor,Male,60,Jaipur,Rajasthan,North,STR_103,Delhi Connaught Hub,PRD_E12,Logitech Mechanical Keyboard,Electronics,Accessories,Logitech,1,6495.0,5.0,6170.25,4500.0,1670.25,Cash on Delivery (COD),Delivered
ORD_01009,2024-04-03,2024-04-07,CUST_0026,Rajesh Singh,Male,48,Bengaluru,Karnataka,South,STR_106,Hyderabad Hitech Outlet,PRD_E04,iPhone 15 Pro,Electronics,Smartphones,Apple,1,124900.0,0.0,124900.0,95000.0,29900.0,Cash on Delivery (COD),Delivered
ORD_01010,2024-04-04,2024-04-05,CUST_0282,Pari Gupta,Female,55,Kochi,Kerala,South,STR_104,Noida Cyber Express,PRD_F01,Ergonomic Mesh Office Chair,Furniture,Chairs,Green Soul,1,12999.0,5.0,12349.05,7500.0,4849.05,Credit Card,Delivered
ORD_01011,2024-04-04,2024-04-06,CUST_0114,Rajeev Sharma,Male,40,Chennai,Tamil Nadu,South,STR_107,Chennai Express Store,PRD_E10,LG 27-inch 4K UHD Monitor,Electronics,Monitors,LG,1,28500.0,15.0,24225.0,21000.0,3225.0,UPI,Delivered
ORD_01012,2024-10-13,2024-10-17,CUST_0052,Rakesh Nair,Male,56,Kolkata,West Bengal,East,STR_101,Mumbai Flagship Store,PRD_F05,3-Seater Velvet Fabric Sofa,Furniture,Living Room,Wakefit,1,34999.0,5.0,33249.05,22000.0,11249.05,UPI,Delivered
ORD_01012,2024-10-13,2024-10-17,CUST_0052,Rakesh Nair,Male,56,Kolkata,West Bengal,East,STR_101,Mumbai Flagship Store,PRD_C01,Men Slim Fit Formal Blazer,Clothing,Formal Wear,Raymond,3,5999.0,0.0,17997.0,7800.0,10197.0,UPI,Delivered
ORD_01013,2024-04-05,2024-04-08,CUST_0227,Arun Patel,Male,21,Kochi,Kerala,South,STR_105,Bengaluru Indiranagar Mall,PRD_C09,Athletic Dry-Fit Tracksuit,Clothing,Activewear,Under Armour,1,3299.0,15.0,2804.15,1200.0,1604.15,UPI,Delivered
ORD_01014,2024-04-05,2024-04-07,CUST_0051,Ananya Rao,Female,45,Mumbai,Maharashtra,West,STR_110,Ahmedabad SG Highway Store,PRD_H05,Kent Grand Plus Water Purifier,Home & Kitchen,Appliances,Kent,1,14999.0,0.0,14999.0,9500.0,5499.0,Credit Card,Delivered
ORD_01015,2024-04-07,2024-04-08,CUST_0128,Rudra Mishra,Male,40,Noida,Uttar Pradesh,North,STR_106,Hyderabad Hitech Outlet,PRD_F04,Solid Teak Wood Study Table,Furniture,Desks,Urban Ladder,1,14500.0,5.0,13775.0,9000.0,4775.0,UPI,Delivered
ORD_01016,2024-04-08,2024-04-11,CUST_0280,Deepa Reddy,Female,37,New Delhi,Delhi,North,STR_104,Noida Cyber Express,PRD_F02,Executive Leather Boss Chair,Furniture,Chairs,Featherlite,1,18500.0,10.0,16650.0,11000.0,5650.0,Credit Card,Delivered
ORD_01017,2024-04-08,2024-04-13,CUST_0306,Rajesh Das,Male,61,Pune,Maharashtra,West,STR_102,Pune Tech Hub Outlet,PRD_C07,Nike Air Zoom Pegasus Running Shoes,Clothing,Footwear,Nike,1,8995.0,10.0,8095.5,4200.0,3895.5,Debit Card,Delivered
ORD_01018,2024-04-08,2024-04-10,CUST_0306,Rajesh Das,Male,61,Pune,Maharashtra,West,STR_101,Mumbai Flagship Store,PRD_E05,Samsung Galaxy S24,Electronics,Smartphones,Samsung,1,79999.0,0.0,79999.0,60000.0,19999.0,Credit Card,Delivered
ORD_01019,2024-04-09,2024-04-14,CUST_0053,Aanya Reddy,Female,34,Bengaluru,Karnataka,South,STR_105,Bengaluru Indiranagar Mall,PRD_H03,Instant Pot Duo 7-in-1 Cooker,Home & Kitchen,Appliances,Instant Pot,1,9999.0,10.0,8999.1,5500.0,3499.1,UPI,Delivered
ORD_01020,2024-04-10,2024-04-15,CUST_0035,Swati Kapoor,Female,34,Kolkata,West Bengal,East,STR_109,Patna Central Outlet,PRD_H01,Philips Air Fryer XL 4.1L,Home & Kitchen,Appliances,Philips,2,8495.0,0.0,16990.0,9600.0,7390.0,Cash on Delivery (COD),Returned
ORD_01021,2024-04-10,2024-04-15,CUST_0166,Rakesh Patel,Male,37,Jaipur,Rajasthan,North,STR_104,Noida Cyber Express,PRD_E13,TP-Link AX3000 Wi-Fi 6 Router,Electronics,Networking,TP-Link,1,4999.0,5.0,4749.05,3200.0,1549.05,Net Banking,Delivered
ORD_01021,2024-04-10,2024-04-15,CUST_0166,Rakesh Patel,Male,37,Jaipur,Rajasthan,North,STR_104,Noida Cyber Express,PRD_E11,Logitech MX Master 3S Mouse,Electronics,Accessories,Logitech,1,8995.0,5.0,8545.25,6200.0,2345.25,Net Banking,Delivered
ORD_01021,2024-04-10,2024-04-15,CUST_0166,Rakesh Patel,Male,37,Jaipur,Rajasthan,North,STR_104,Noida Cyber Express,PRD_F05,3-Seater Velvet Fabric Sofa,Furniture,Living Room,Wakefit,1,34999.0,15.0,29749.15,22000.0,7749.15,Net Banking,Delivered
ORD_01022,2024-04-10,2024-04-14,CUST_0002,Diya Chatterjee,Female,55,Surat,Gujarat,West,STR_110,Ahmedabad SG Highway Store,PRD_F04,Solid Teak Wood Study Table,Furniture,Desks,Urban Ladder,2,14500.0,0.0,29000.0,18000.0,11000.0,Credit Card,Delivered
ORD_01023,2024-04-10,2024-04-11,CUST_0242,Riya Patel,Female,58,Gurugram,Haryana,North,STR_103,Delhi Connaught Hub,PRD_C09,Athletic Dry-Fit Tracksuit,Clothing,Activewear,Under Armour,2,3299.0,0.0,6598.0,2400.0,4198.0,Credit Card,Delivered
ORD_01024,2024-08-29,2024-09-01,CUST_0164,Aadhya Sharma,Female,49,Kolkata,West Bengal,East,STR_108,Kolkata Park Street Store,PRD_E07,Sony WH-1000XM5 Headphones,Electronics,Audio,Sony,1,28990.0,0.0,28990.0,20000.0,8990.0,Debit Card,Delivered
ORD_01025,2024-04-11,2024-04-12,CUST_0034,Pooja Das,Female,56,Bhubaneswar,Odisha,East,STR_109,Patna Central Outlet,PRD_H05,Kent Grand Plus Water Purifier,Home & Kitchen,Appliances,Kent,2,14999.0,5.0,28498.1,19000.0,9498.1,Net Banking,Delivered
ORD_01026,2024-04-11,2024-04-13,CUST_0155,Preeti Bhat,Female,49,Bhubaneswar,Odisha,East,STR_101,Mumbai Flagship Store,PRD_E05,Samsung Galaxy S24,Electronics,Smartphones,Samsung,1,79999.0,0.0,79999.0,60000.0,19999.0,UPI,Delivered
ORD_01027,2024-04-11,2024-04-16,CUST_0051,Ananya Rao,Female,45,Mumbai,Maharashtra,West,STR_110,Ahmedabad SG Highway Store,PRD_E14,SanDisk 1TB Portable SSD,Electronics,Storage,SanDisk,1,8499.0,5.0,8074.05,6000.0,2074.05,Cash on Delivery (COD),Delivered
ORD_01027,2024-04-11,2024-04-16,CUST_0051,Ananya Rao,Female,45,Mumbai,Maharashtra,West,STR_110,Ahmedabad SG Highway Store,PRD_C07,Nike Air Zoom Pegasus Running Shoes,Clothing,Footwear,Nike,1,8995.0,0.0,8995.0,4200.0,4795.0,Cash on Delivery (COD),Delivered
ORD_01027,2024-04-11,2024-04-16,CUST_0051,Ananya Rao,Female,45,Mumbai,Maharashtra,West,STR_110,Ahmedabad SG Highway Store,PRD_H04,Dyson V8 Cordless Vacuum Cleaner,Home & Kitchen,Home Care,Dyson,1,29900.0,0.0,29900.0,19000.0,10900.0,Cash on Delivery (COD),Delivered
ORD_01028,2024-06-09,2024-06-13,CUST_0213,Suresh Malhotra,Male,61,Bengaluru,Karnataka,South,STR_107,Chennai Express Store,PRD_F08,4-Door Wardrobe with Mirror,Furniture,Bedroom,Spacewood,1,25500.0,0.0,25500.0,16000.0,9500.0,UPI,Delivered
ORD_01029,2024-04-12,2024-04-16,CUST_0039,Aarav Patel,Male,35,Pune,Maharashtra,West,STR_110,Ahmedabad SG Highway Store,PRD_C03,Men Tapered Chinos,Clothing,Casual Wear,Allen Solly,1,2199.0,0.0,2199.0,800.0,1399.0,UPI,Delivered
ORD_01030,2024-04-12,2024-04-13,CUST_0010,Karthik Patel,Male,61,Bengaluru,Karnataka,South,STR_105,Bengaluru Indiranagar Mall,PRD_E05,Samsung Galaxy S24,Electronics,Smartphones,Samsung,1,79999.0,5.0,75999.05,60000.0,15999.05,Net Banking,Delivered
ORD_01031,2024-04-13,2024-04-17,CUST_0035,Swati Kapoor,Female,34,Kolkata,West Bengal,East,STR_108,Kolkata Park Street Store,PRD_F03,Motorized Standing Desk,Furniture,Desks,ErgoSmart,2,26999.0,5.0,51298.1,36000.0,15298.1,Cash on Delivery (COD),Delivered
ORD_01032,2024-05-10,2024-05-12,CUST_0257,Neha Patil,Female,35,Patna,Bihar,East,STR_109,Patna Central Outlet,PRD_H03,Instant Pot Duo 7-in-1 Cooker,Home & Kitchen,Appliances,Instant Pot,1,9999.0,0.0,9999.0,5500.0,4499.0,UPI,Delivered
ORD_01033,2024-05-23,2024-05-26,CUST_0257,Neha Patil,Female,35,Patna,Bihar,East,STR_108,Kolkata Park Street Store,PRD_E13,TP-Link AX3000 Wi-Fi 6 Router,Electronics,Networking,TP-Link,1,4999.0,5.0,4749.05,3200.0,1549.05,UPI,Delivered
ORD_01034,2024-04-14,2024-04-16,CUST_0145,Priya Rao,Female,40,Jaipur,Rajasthan,North,STR_103,Delhi Connaught Hub,PRD_E13,TP-Link AX3000 Wi-Fi 6 Router,Electronics,Networking,TP-Link,1,4999.0,0.0,4999.0,3200.0,1799.0,UPI,Delivered
ORD_01034,2024-04-14,2024-04-16,CUST_0145,Priya Rao,Female,40,Jaipur,Rajasthan,North,STR_103,Delhi Connaught Hub,PRD_E09,boAt Rockerz 450,Electronics,Audio,boAt,1,1499.0,0.0,1499.0,800.0,699.0,UPI,Delivered
ORD_01035,2024-04-15,2024-04-20,CUST_0064,Ravi Nair,Male,49,Noida,Uttar Pradesh,North,STR_107,Chennai Express Store,PRD_F10,Geometric Minimalist Bookshelf,Furniture,Storage,Home Centre,1,7999.0,15.0,6799.15,4500.0,2299.15,Credit Card,Delivered
ORD_01036,2024-04-15,2024-04-20,CUST_0070,Aarav Joshi,Male,61,New Delhi,Delhi,North,STR_104,Noida Cyber Express,PRD_C07,Nike Air Zoom Pegasus Running Shoes,Clothing,Footwear,Nike,2,8995.0,0.0,17990.0,8400.0,9590.0,Credit Card,Delivered
ORD_01037,2024-04-16,2024-04-17,CUST_0314,Sara Mehta,Female,30,New Delhi,Delhi,North,STR_103,Delhi Connaught Hub,PRD_F02,Executive Leather Boss Chair,Furniture,Chairs,Featherlite,1,18500.0,5.0,17575.0,11000.0,6575.0,Credit Card,Delivered
ORD_01038,2024-04-16,2024-04-17,CUST_0179,Mohan Saxena,Male,50,Pune,Maharashtra,West,STR_102,Pune Tech Hub Outlet,PRD_E04,iPhone 15 Pro,Electronics,Smartphones,Apple,1,124900.0,20.0,99920.0,95000.0,4920.0,Debit Card,Delivered
ORD_01038,2024-04-16,2024-04-17,CUST_0179,Mohan Saxena,Male,50,Pune,Maharashtra,West,STR_102,Pune Tech Hub Outlet,PRD_F05,3-Seater Velvet Fabric Sofa,Furniture,Living Room,Wakefit,1,34999.0,5.0,33249.05,22000.0,11249.05,Debit Card,Delivered
ORD_01039,2024-04-16,2024-04-19,CUST_0262,Pooja Thakur,Female,58,Pune,Maharashtra,West,STR_101,Mumbai Flagship Store,PRD_E06,OnePlus 12,Electronics,Smartphones,OnePlus,1,64999.0,10.0,58499.1,45000.0,13499.1,Debit Card,Delivered
ORD_01040,2024-04-16,2024-04-19,CUST_0053,Aanya Reddy,Female,34,Bengaluru,Karnataka,South,STR_105,Bengaluru Indiranagar Mall,PRD_F07,King Size Engineered Wood Bed,Furniture,Bedroom,Wakefit,2,24999.0,5.0,47498.1,30000.0,17498.1,UPI,Delivered
ORD_01041,2024-04-16,2024-04-21,CUST_0274,Muhammad Gupta,Male,60,Noida,Uttar Pradesh,North,STR_103,Delhi Connaught Hub,PRD_F01,Ergonomic Mesh Office Chair,Furniture,Chairs,Green Soul,1,12999.0,10.0,11699.1,7500.0,4199.1,Debit Card,Delivered
ORD_01042,2024-04-16,2024-04-17,CUST_0141,Sunita Menon,Female,56,Lucknow,Uttar Pradesh,North,STR_103,Delhi Connaught Hub,PRD_C01,Men Slim Fit Formal Blazer,Clothing,Formal Wear,Raymond,2,5999.0,0.0,11998.0,5200.0,6798.0,Credit Card,Delivered
ORD_01043,2024-04-17,2024-04-21,CUST_0262,Pooja Thakur,Female,58,Pune,Maharashtra,West,STR_110,Ahmedabad SG Highway Store,PRD_H04,Dyson V8 Cordless Vacuum Cleaner,Home & Kitchen,Home Care,Dyson,1,29900.0,10.0,26910.0,19000.0,7910.0,UPI,Delivered
ORD_01043,2024-04-17,2024-04-21,CUST_0262,Pooja Thakur,Female,58,Pune,Maharashtra,West,STR_110,Ahmedabad SG Highway Store,PRD_H01,Philips Air Fryer XL 4.1L,Home & Kitchen,Appliances,Philips,1,8495.0,5.0,8070.25,4800.0,3270.25,UPI,Delivered
ORD_01044,2024-04-17,2024-04-19,CUST_0220,Diya Saini,Female,61,Surat,Gujarat,West,STR_102,Pune Tech Hub Outlet,PRD_F07,King Size Engineered Wood Bed,Furniture,Bedroom,Wakefit,1,24999.0,10.0,22499.1,15000.0,7499.1,Debit Card,Delivered
ORD_01045,2024-04-17,2024-04-20,CUST_0179,Mohan Saxena,Male,50,Pune,Maharashtra,West,STR_101,Mumbai Flagship Store,PRD_F06,L-Shape Sectional Luxury Sofa,Furniture,Living Room,Godrej Interio,1,52000.0,0.0,52000.0,34000.0,18000.0,UPI,Delivered
ORD_01046,2024-04-18,2024-04-22,CUST_0034,Pooja Das,Female,56,Bhubaneswar,Odisha,East,STR_108,Kolkata Park Street Store,PRD_E08,Apple AirPods Pro 2,Electronics,Audio,Apple,1,22900.0,0.0,22900.0,16000.0,6900.0,Debit Card,Delivered
ORD_01047,2024-04-18,2024-04-19,CUST_0008,Shaurya Rao,Male,43,Surat,Gujarat,West,STR_110,Ahmedabad SG Highway Store,PRD_E02,Dell XPS 13,Electronics,Laptops,Dell,1,85000.0,10.0,76500.0,65000.0,11500.0,Debit Card,Delivered
ORD_01047,2024-04-18,2024-04-19,CUST_0008,Shaurya Rao,Male,43,Surat,Gujarat,West,STR_110,Ahmedabad SG Highway Store,PRD_C10,UV Protected Polarized Sunglasses,Clothing,Accessories,Ray-Ban,1,3490.0,0.0,3490.0,1100.0,2390.0,Debit Card,Delivered
ORD_01047,2024-04-18,2024-04-19,CUST_0008,Shaurya Rao,Male,43,Surat,Gujarat,West,STR_110,Ahmedabad SG Highway Store,PRD_H03,Instant Pot Duo 7-in-1 Cooker,Home & Kitchen,Appliances,Instant Pot,1,9999.0,0.0,9999.0,5500.0,4499.0,Debit Card,Delivered
ORD_01048,2024-05-03,2024-05-05,CUST_0258,Rajesh Saxena,Male,46,Patna,Bihar,East,STR_106,Hyderabad Hitech Outlet,PRD_F04,Solid Teak Wood Study Table,Furniture,Desks,Urban Ladder,2,14500.0,10.0,26100.0,18000.0,8100.0,UPI,Delivered
ORD_01048,2024-05-03,2024-05-05,CUST_0258,Rajesh Saxena,Male,46,Patna,Bihar,East,STR_106,Hyderabad Hitech Outlet,PRD_C03,Men Tapered Chinos,Clothing,Casual Wear,Allen Solly,1,2199.0,0.0,2199.0,800.0,1399.0,UPI,Delivered
ORD_01049,2024-04-18,2024-04-22,CUST_0241,Muhammad Pandey,Male,36,Hyderabad,Telangana,South,STR_106,Hyderabad Hitech Outlet,PRD_C06,Men Stretch Denim Jeans,Clothing,Casual Wear,Levi's,2,2999.0,0.0,5998.0,2200.0,3798.0,Cash on Delivery (COD),Delivered
ORD_01050,2024-04-18,2024-04-20,CUST_0177,Suresh Patil,Male,41,Hyderabad,Telangana,South,STR_105,Bengaluru Indiranagar Mall,PRD_E11,Logitech MX Master 3S Mouse,Electronics,Accessories,Logitech,2,8995.0,0.0,17990.0,12400.0,5590.0,Credit Card,Delivered
ORD_01050,2024-04-18,2024-04-20,CUST_0177,Suresh Patil,Male,41,Hyderabad,Telangana,South,STR_105,Bengaluru Indiranagar Mall,PRD_E10,LG 27-inch 4K UHD Monitor,Electronics,Monitors,LG,1,28500.0,10.0,25650.0,21000.0,4650.0,Credit Card,Delivered
ORD_01051,2024-04-19,2024-04-22,CUST_0058,Reyansh Chauhan,Male,47,Ahmedabad,Gujarat,West,STR_110,Ahmedabad SG Highway Store,PRD_H03,Instant Pot Duo 7-in-1 Cooker,Home & Kitchen,Appliances,Instant Pot,2,9999.0,0.0,19998.0,11000.0,8998.0,UPI,Delivered
ORD_01051,2024-04-19,2024-04-22,CUST_0058,Reyansh Chauhan,Male,47,Ahmedabad,Gujarat,West,STR_110,Ahmedabad SG Highway Store,PRD_C03,Men Tapered Chinos,Clothing,Casual Wear,Allen Solly,2,2199.0,5.0,4178.1,1600.0,2578.1,UPI,Delivered
ORD_01052,2024-04-19,2024-04-20,CUST_0262,Pooja Thakur,Female,58,Pune,Maharashtra,West,STR_102,Pune Tech Hub Outlet,PRD_H05,Kent Grand Plus Water Purifier,Home & Kitchen,Appliances,Kent,2,14999.0,5.0,28498.1,19000.0,9498.1,Debit Card,Delivered
ORD_01053,2024-04-20,2024-04-24,CUST_0068,Swati Kapoor,Female,37,Bhubaneswar,Odisha,East,STR_108,Kolkata Park Street Store,PRD_C01,Men Slim Fit Formal Blazer,Clothing,Formal Wear,Raymond,1,5999.0,5.0,5699.05,2600.0,3099.05,Debit Card,Delivered
ORD_01053,2024-04-20,2024-04-24,CUST_0068,Swati Kapoor,Female,37,Bhubaneswar,Odisha,East,STR_108,Kolkata Park Street Store,PRD_C07,Nike Air Zoom Pegasus Running Shoes,Clothing,Footwear,Nike,2,8995.0,0.0,17990.0,8400.0,9590.0,Debit Card,Delivered
ORD_01054,2024-09-25,2024-09-27,CUST_0248,Rajendra Kapoor,Male,25,Surat,Gujarat,West,STR_105,Bengaluru Indiranagar Mall,PRD_C01,Men Slim Fit Formal Blazer,Clothing,Formal Wear,Raymond,1,5999.0,5.0,5699.05,2600.0,3099.05,Credit Card,Delivered
ORD_01055,2024-04-20,2024-04-21,CUST_0002,Diya Chatterjee,Female,55,Surat,Gujarat,West,STR_102,Pune Tech Hub Outlet,PRD_E13,TP-Link AX3000 Wi-Fi 6 Router,Electronics,Networking,TP-Link,1,4999.0,10.0,4499.1,3200.0,1299.1,Cash on Delivery (COD),Delivered
ORD_01055,2024-04-20,2024-04-21,CUST_0002,Diya Chatterjee,Female,55,Surat,Gujarat,West,STR_102,Pune Tech Hub Outlet,PRD_F01,Ergonomic Mesh Office Chair,Furniture,Chairs,Green Soul,1,12999.0,10.0,11699.1,7500.0,4199.1,Cash on Delivery (COD),Delivered
ORD_01056,2024-04-21,2024-04-23,CUST_0034,Pooja Das,Female,56,Bhubaneswar,Odisha,East,STR_108,Kolkata Park Street Store,PRD_F06,L-Shape Sectional Luxury Sofa,Furniture,Living Room,Godrej Interio,1,52000.0,15.0,44200.0,34000.0,10200.0,UPI,Delivered
ORD_01056,2024-04-21,2024-04-23,CUST_0034,Pooja Das,Female,56,Bhubaneswar,Odisha,East,STR_108,Kolkata Park Street Store,PRD_C03,Men Tapered Chinos,Clothing,Casual Wear,Allen Solly,2,2199.0,0.0,4398.0,1600.0,2798.0,UPI,Delivered
ORD_01057,2024-04-21,2024-04-24,CUST_0002,Diya Chatterjee,Female,55,Surat,Gujarat,West,STR_101,Mumbai Flagship Store,PRD_F03,Motorized Standing Desk,Furniture,Desks,ErgoSmart,2,26999.0,0.0,53998.0,36000.0,17998.0,Credit Card,Delivered
ORD_01058,2024-06-05,2024-06-06,CUST_0281,Amit Singh,Male,52,Mumbai,Maharashtra,West,STR_110,Ahmedabad SG Highway Store,PRD_E14,SanDisk 1TB Portable SSD,Electronics,Storage,SanDisk,1,8499.0,15.0,7224.15,6000.0,1224.15,Credit Card,Delivered
ORD_01059,2024-11-10,2024-11-14,CUST_0198,Aanya Bhat,Female,29,Pune,Maharashtra,West,STR_110,Ahmedabad SG Highway Store,PRD_E05,Samsung Galaxy S24,Electronics,Smartphones,Samsung,1,79999.0,0.0,79999.0,60000.0,19999.0,UPI,Delivered
ORD_01059,2024-11-10,2024-11-14,CUST_0198,Aanya Bhat,Female,29,Pune,Maharashtra,West,STR_110,Ahmedabad SG Highway Store,PRD_C05,Women Designer Georgette Saree,Clothing,Ethnic Wear,FabIndia,2,4999.0,5.0,9498.1,3600.0,5898.1,UPI,Delivered
ORD_01060,2024-04-26,2024-04-27,CUST_0290,Rajesh Mehta,Male,31,Hyderabad,Telangana,South,STR_107,Chennai Express Store,PRD_E11,Logitech MX Master 3S Mouse,Electronics,Accessories,Logitech,1,8995.0,10.0,8095.5,6200.0,1895.5,UPI,Delivered
ORD_01061,2024-04-26,2024-04-28,CUST_0035,Swati Kapoor,Female,34,Kolkata,West Bengal,East,STR_102,Pune Tech Hub Outlet,PRD_H04,Dyson V8 Cordless Vacuum Cleaner,Home & Kitchen,Home Care,Dyson,1,29900.0,10.0,26910.0,19000.0,7910.0,Debit Card,Delivered
ORD_01062,2024-04-28,2024-04-30,CUST_0013,Sunita Deshmukh,Female,31,Chennai,Tamil Nadu,South,STR_106,Hyderabad Hitech Outlet,PRD_F04,Solid Teak Wood Study Table,Furniture,Desks,Urban Ladder,1,14500.0,5.0,13775.0,9000.0,4775.0,Cash on Delivery (COD),Delivered
ORD_01063,2024-04-28,2024-05-02,CUST_0199,Vijay Bose,Male,49,Surat,Gujarat,West,STR_102,Pune Tech Hub Outlet,PRD_F04,Solid Teak Wood Study Table,Furniture,Desks,Urban Ladder,1,14500.0,5.0,13775.0,9000.0,4775.0,Credit Card,Delivered
ORD_01063,2024-04-28,2024-05-02,CUST_0199,Vijay Bose,Male,49,Surat,Gujarat,West,STR_102,Pune Tech Hub Outlet,PRD_C02,Premium Egyptian Cotton Shirt,Clothing,Formal Wear,Louis Philippe,1,2499.0,10.0,2249.1,950.0,1299.1,Credit Card,Delivered
ORD_01064,2024-04-29,2024-04-30,CUST_0262,Pooja Thakur,Female,58,Pune,Maharashtra,West,STR_102,Pune Tech Hub Outlet,PRD_E02,Dell XPS 13,Electronics,Laptops,Dell,1,85000.0,0.0,85000.0,65000.0,20000.0,Debit Card,Delivered
ORD_01065,2024-04-29,2024-05-03,CUST_0199,Vijay Bose,Male,49,Surat,Gujarat,West,STR_110,Ahmedabad SG Highway Store,PRD_F03,Motorized Standing Desk,Furniture,Desks,ErgoSmart,1,26999.0,10.0,24299.1,18000.0,6299.1,Cash on Delivery (COD),Delivered
ORD_01066,2024-04-29,2024-04-30,CUST_0140,Meena Reddy,Female,37,Chennai,Tamil Nadu,South,STR_105,Bengaluru Indiranagar Mall,PRD_E03,HP Pavilion Gaming Laptop,Electronics,Laptops,HP,1,62000.0,0.0,62000.0,48000.0,14000.0,Credit Card,Delivered
ORD_01067,2024-04-29,2024-04-30,CUST_0249,Naveen Mishra,Male,53,Chennai,Tamil Nadu,South,STR_107,Chennai Express Store,PRD_E05,Samsung Galaxy S24,Electronics,Smartphones,Samsung,1,79999.0,0.0,79999.0,60000.0,19999.0,Credit Card,Delivered
ORD_01068,2024-05-01,2024-05-02,CUST_0254,Amit Chauhan,Male,25,New Delhi,Delhi,North,STR_104,Noida Cyber Express,PRD_F04,Solid Teak Wood Study Table,Furniture,Desks,Urban Ladder,1,14500.0,5.0,13775.0,9000.0,4775.0,Credit Card,Delivered
ORD_01069,2024-05-01,2024-05-03,CUST_0008,Shaurya Rao,Male,43,Surat,Gujarat,West,STR_101,Mumbai Flagship Store,PRD_C05,Women Designer Georgette Saree,Clothing,Ethnic Wear,FabIndia,2,4999.0,5.0,9498.1,3600.0,5898.1,Credit Card,Delivered
ORD_01070,2024-05-01,2024-05-03,CUST_0137,Rashmi Joshi,Female,26,Jaipur,Rajasthan,North,STR_107,Chennai Express Store,PRD_E07,Sony WH-1000XM5 Headphones,Electronics,Audio,Sony,1,28990.0,20.0,23192.0,20000.0,3192.0,UPI,Returned
ORD_01071,2024-05-01,2024-05-06,CUST_0262,Pooja Thakur,Female,58,Pune,Maharashtra,West,STR_102,Pune Tech Hub Outlet,PRD_F04,Solid Teak Wood Study Table,Furniture,Desks,Urban Ladder,1,14500.0,0.0,14500.0,9000.0,5500.0,UPI,Delivered
ORD_01072,2024-05-04,2024-05-08,CUST_0257,Neha Patil,Female,35,Patna,Bihar,East,STR_110,Ahmedabad SG Highway Store,PRD_F01,Ergonomic Mesh Office Chair,Furniture,Chairs,Green Soul,1,12999.0,5.0,12349.05,7500.0,4849.05,Net Banking,Returned
ORD_01073,2024-05-04,2024-05-08,CUST_0155,Preeti Bhat,Female,49,Bhubaneswar,Odisha,East,STR_108,Kolkata Park Street Store,PRD_F02,Executive Leather Boss Chair,Furniture,Chairs,Featherlite,1,18500.0,0.0,18500.0,11000.0,7500.0,UPI,Delivered
ORD_01073,2024-05-04,2024-05-08,CUST_0155,Preeti Bhat,Female,49,Bhubaneswar,Odisha,East,STR_108,Kolkata Park Street Store,PRD_C02,Premium Egyptian Cotton Shirt,Clothing,Formal Wear,Louis Philippe,1,2499.0,15.0,2124.15,950.0,1174.15,UPI,Delivered
ORD_01073,2024-05-04,2024-05-08,CUST_0155,Preeti Bhat,Female,49,Bhubaneswar,Odisha,East,STR_108,Kolkata Park Street Store,PRD_C05,Women Designer Georgette Saree,Clothing,Ethnic Wear,FabIndia,1,4999.0,0.0,4999.0,1800.0,3199.0,UPI,Delivered
ORD_01074,2024-05-05,2024-05-08,CUST_0183,Shweta Saini,Female,24,Patna,Bihar,East,STR_109,Patna Central Outlet,PRD_F07,King Size Engineered Wood Bed,Furniture,Bedroom,Wakefit,1,24999.0,0.0,24999.0,15000.0,9999.0,Credit Card,Delivered
ORD_01074,2024-05-05,2024-05-08,CUST_0183,Shweta Saini,Female,24,Patna,Bihar,East,STR_109,Patna Central Outlet,PRD_C03,Men Tapered Chinos,Clothing,Casual Wear,Allen Solly,1,2199.0,15.0,1869.15,800.0,1069.15,Credit Card,Delivered
ORD_01075,2024-05-05,2024-05-09,CUST_0079,Aadhya Pandey,Female,45,Surat,Gujarat,West,STR_101,Mumbai Flagship Store,PRD_C05,Women Designer Georgette Saree,Clothing,Ethnic Wear,FabIndia,4,4999.0,20.0,15996.8,7200.0,8796.8,Credit Card,Delivered
ORD_01076,2024-06-03,2024-06-07,CUST_0071,Aadhya Chatterjee,Female,56,Patna,Bihar,East,STR_108,Kolkata Park Street Store,PRD_F02,Executive Leather Boss Chair,Furniture,Chairs,Featherlite,1,18500.0,15.0,15725.0,11000.0,4725.0,UPI,Delivered
ORD_01077,2024-05-06,2024-05-11,CUST_0151,Atharva Saxena,Male,39,Gurugram,Haryana,North,STR_103,Delhi Connaught Hub,PRD_C05,Women Designer Georgette Saree,Clothing,Ethnic Wear,FabIndia,2,4999.0,0.0,9998.0,3600.0,6398.0,UPI,Delivered
ORD_01077,2024-05-06,2024-05-11,CUST_0151,Atharva Saxena,Male,39,Gurugram,Haryana,North,STR_103,Delhi Connaught Hub,PRD_F07,King Size Engineered Wood Bed,Furniture,Bedroom,Wakefit,1,24999.0,5.0,23749.05,15000.0,8749.05,UPI,Delivered
ORD_01077,2024-05-06,2024-05-11,CUST_0151,Atharva Saxena,Male,39,Gurugram,Haryana,North,STR_103,Delhi Connaught Hub,PRD_C01,Men Slim Fit Formal Blazer,Clothing,Formal Wear,Raymond,4,5999.0,10.0,21596.4,10400.0,11196.4,UPI,Delivered
ORD_01078,2024-05-08,2024-05-12,CUST_0219,Priya Saini,Female,60,Gurugram,Haryana,North,STR_103,Delhi Connaught Hub,PRD_E12,Logitech Mechanical Keyboard,Electronics,Accessories,Logitech,1,6495.0,5.0,6170.25,4500.0,1670.25,Credit Card,Delivered
ORD_01079,2024-05-08,2024-05-13,CUST_0035,Swati Kapoor,Female,34,Kolkata,West Bengal,East,STR_105,Bengaluru Indiranagar Mall,PRD_E05,Samsung Galaxy S24,Electronics,Smartphones,Samsung,1,79999.0,10.0,71999.1,60000.0,11999.1,UPI,Delivered
ORD_01080,2024-05-08,2024-05-13,CUST_0155,Preeti Bhat,Female,49,Bhubaneswar,Odisha,East,STR_109,Patna Central Outlet,PRD_E07,Sony WH-1000XM5 Headphones,Electronics,Audio,Sony,1,28990.0,0.0,28990.0,20000.0,8990.0,Credit Card,Delivered
ORD_01080,2024-05-08,2024-05-13,CUST_0155,Preeti Bhat,Female,49,Bhubaneswar,Odisha,East,STR_109,Patna Central Outlet,PRD_C09,Athletic Dry-Fit Tracksuit,Clothing,Activewear,Under Armour,1,3299.0,10.0,2969.1,1200.0,1769.1,Credit Card,Delivered
ORD_01081,2024-05-09,2024-05-12,CUST_0155,Preeti Bhat,Female,49,Bhubaneswar,Odisha,East,STR_108,Kolkata Park Street Store,PRD_F01,Ergonomic Mesh Office Chair,Furniture,Chairs,Green Soul,1,12999.0,15.0,11049.15,7500.0,3549.15,UPI,Delivered
ORD_01082,2024-05-09,2024-05-10,CUST_0002,Diya Chatterjee,Female,55,Surat,Gujarat,West,STR_101,Mumbai Flagship Store,PRD_C03,Men Tapered Chinos,Clothing,Casual Wear,Allen Solly,1,2199.0,0.0,2199.0,800.0,1399.0,Debit Card,Delivered
ORD_01082,2024-05-09,2024-05-10,CUST_0002,Diya Chatterjee,Female,55,Surat,Gujarat,West,STR_101,Mumbai Flagship Store,PRD_H01,Philips Air Fryer XL 4.1L,Home & Kitchen,Appliances,Philips,1,8495.0,0.0,8495.0,4800.0,3695.0,Debit Card,Delivered
ORD_01083,2024-05-09,2024-05-11,CUST_0273,Anita Chatterjee,Female,57,Hyderabad,Telangana,South,STR_107,Chennai Express Store,PRD_F01,Ergonomic Mesh Office Chair,Furniture,Chairs,Green Soul,1,12999.0,20.0,10399.2,7500.0,2899.2,Credit Card,Delivered
ORD_01084,2024-05-11,2024-05-14,CUST_0257,Neha Patil,Female,35,Patna,Bihar,East,STR_109,Patna Central Outlet,PRD_C09,Athletic Dry-Fit Tracksuit,Clothing,Activewear,Under Armour,2,3299.0,5.0,6268.1,2400.0,3868.1,Debit Card,Delivered
ORD_01084,2024-05-11,2024-05-14,CUST_0257,Neha Patil,Female,35,Patna,Bihar,East,STR_109,Patna Central Outlet,PRD_E04,iPhone 15 Pro,Electronics,Smartphones,Apple,1,124900.0,5.0,118655.0,95000.0,23655.0,Debit Card,Delivered
ORD_01085,2024-05-12,2024-05-13,CUST_0175,Nikhil Saini,Male,38,Patna,Bihar,East,STR_108,Kolkata Park Street Store,PRD_C06,Men Stretch Denim Jeans,Clothing,Casual Wear,Levi's,4,2999.0,0.0,11996.0,4400.0,7596.0,UPI,Delivered
ORD_01086,2024-05-12,2024-05-14,CUST_0260,Ravi Gupta,Male,25,Bhubaneswar,Odisha,East,STR_107,Chennai Express Store,PRD_C09,Athletic Dry-Fit Tracksuit,Clothing,Activewear,Under Armour,1,3299.0,5.0,3134.05,1200.0,1934.05,Cash on Delivery (COD),Delivered
ORD_01087,2024-05-12,2024-05-17,CUST_0051,Ananya Rao,Female,45,Mumbai,Maharashtra,West,STR_101,Mumbai Flagship Store,PRD_F01,Ergonomic Mesh Office Chair,Furniture,Chairs,Green Soul,1,12999.0,10.0,11699.1,7500.0,4199.1,Debit Card,Delivered
ORD_01088,2024-05-12,2024-05-15,CUST_0262,Pooja Thakur,Female,58,Pune,Maharashtra,West,STR_102,Pune Tech Hub Outlet,PRD_F10,Geometric Minimalist Bookshelf,Furniture,Storage,Home Centre,1,7999.0,20.0,6399.2,4500.0,1899.2,Cash on Delivery (COD),Cancelled
ORD_01089,2024-05-13,2024-05-14,CUST_0268,Rashmi Sharma,Female,38,Noida,Uttar Pradesh,North,STR_103,Delhi Connaught Hub,PRD_C03,Men Tapered Chinos,Clothing,Casual Wear,Allen Solly,2,2199.0,0.0,4398.0,1600.0,2798.0,Cash on Delivery (COD),Cancelled
ORD_01089,2024-05-13,2024-05-14,CUST_0268,Rashmi Sharma,Female,38,Noida,Uttar Pradesh,North,STR_103,Delhi Connaught Hub,PRD_F04,Solid Teak Wood Study Table,Furniture,Desks,Urban Ladder,1,14500.0,0.0,14500.0,9000.0,5500.0,Cash on Delivery (COD),Cancelled
ORD_01089,2024-05-13,2024-05-14,CUST_0268,Rashmi Sharma,Female,38,Noida,Uttar Pradesh,North,STR_103,Delhi Connaught Hub,PRD_E08,Apple AirPods Pro 2,Electronics,Audio,Apple,1,22900.0,15.0,19465.0,16000.0,3465.0,Cash on Delivery (COD),Cancelled
ORD_01090,2024-05-13,2024-05-14,CUST_0051,Ananya Rao,Female,45,Mumbai,Maharashtra,West,STR_110,Ahmedabad SG Highway Store,PRD_H05,Kent Grand Plus Water Purifier,Home & Kitchen,Appliances,Kent,1,14999.0,20.0,11999.2,9500.0,2499.2,Credit Card,Delivered
ORD_01091,2024-05-13,2024-05-15,CUST_0257,Neha Patil,Female,35,Patna,Bihar,East,STR_102,Pune Tech Hub Outlet,PRD_E01,MacBook Air M2,Electronics,Laptops,Apple,1,94900.0,0.0,94900.0,72000.0,22900.0,UPI,Delivered
ORD_01092,2024-05-14,2024-05-16,CUST_0265,Alok Reddy,Male,51,New Delhi,Delhi,North,STR_104,Noida Cyber Express,PRD_F07,King Size Engineered Wood Bed,Furniture,Bedroom,Wakefit,2,24999.0,0.0,49998.0,30000.0,19998.0,UPI,Delivered
ORD_01093,2024-05-14,2024-05-15,CUST_0242,Riya Patel,Female,58,Gurugram,Haryana,North,STR_104,Noida Cyber Express,PRD_E02,Dell XPS 13,Electronics,Laptops,Dell,1,85000.0,5.0,80750.0,65000.0,15750.0,Debit Card,Delivered
ORD_01094,2024-05-14,2024-05-18,CUST_0116,Rashmi Patil,Female,22,Bhubaneswar,Odisha,East,STR_109,Patna Central Outlet,PRD_C08,Puma UltraRide Sneakers,Clothing,Footwear,Puma,1,4999.0,5.0,4749.05,2200.0,2549.05,Credit Card,Delivered
ORD_01095,2024-05-14,2024-05-19,CUST_0155,Preeti Bhat,Female,49,Bhubaneswar,Odisha,East,STR_109,Patna Central Outlet,PRD_C09,Athletic Dry-Fit Tracksuit,Clothing,Activewear,Under Armour,1,3299.0,5.0,3134.05,1200.0,1934.05,Credit Card,Delivered
ORD_01096,2024-05-15,2024-05-17,CUST_0035,Swati Kapoor,Female,34,Kolkata,West Bengal,East,STR_109,Patna Central Outlet,PRD_E08,Apple AirPods Pro 2,Electronics,Audio,Apple,1,22900.0,0.0,22900.0,16000.0,6900.0,UPI,Delivered
ORD_01097,2024-05-16,2024-05-17,CUST_0192,Rajendra Joshi,Male,38,Guwahati,Assam,East,STR_109,Patna Central Outlet,PRD_E04,iPhone 15 Pro,Electronics,Smartphones,Apple,1,124900.0,5.0,118655.0,95000.0,23655.0,UPI,Delivered
ORD_01098,2024-05-17,2024-05-18,CUST_0257,Neha Patil,Female,35,Patna,Bihar,East,STR_108,Kolkata Park Street Store,PRD_E13,TP-Link AX3000 Wi-Fi 6 Router,Electronics,Networking,TP-Link,1,4999.0,15.0,4249.15,3200.0,1049.15,Credit Card,Delivered
ORD_01099,2024-05-17,2024-05-18,CUST_0051,Ananya Rao,Female,45,Mumbai,Maharashtra,West,STR_102,Pune Tech Hub Outlet,PRD_C06,Men Stretch Denim Jeans,Clothing,Casual Wear,Levi's,1,2999.0,15.0,2549.15,1100.0,1449.15,UPI,Delivered
ORD_01100,2024-05-17,2024-05-21,CUST_0320,Rohit Mehta,Male,51,Bengaluru,Karnataka,South,STR_107,Chennai Express Store,PRD_C04,Women Silk Embroidered Kurta Set,Clothing,Ethnic Wear,Biba,1,3899.0,5.0,3704.05,1400.0,2304.05,Net Banking,Delivered
ORD_01101,2024-05-17,2024-05-18,CUST_0199,Vijay Bose,Male,49,Surat,Gujarat,West,STR_103,Delhi Connaught Hub,PRD_E03,HP Pavilion Gaming Laptop,Electronics,Laptops,HP,1,62000.0,0.0,62000.0,48000.0,14000.0,UPI,Delivered
ORD_01102,2024-05-17,2024-05-18,CUST_0262,Pooja Thakur,Female,58,Pune,Maharashtra,West,STR_102,Pune Tech Hub Outlet,PRD_C07,Nike Air Zoom Pegasus Running Shoes,Clothing,Footwear,Nike,2,8995.0,0.0,17990.0,8400.0,9590.0,UPI,Delivered
ORD_01103,2024-05-18,2024-05-19,CUST_0262,Pooja Thakur,Female,58,Pune,Maharashtra,West,STR_109,Patna Central Outlet,PRD_C01,Men Slim Fit Formal Blazer,Clothing,Formal Wear,Raymond,2,5999.0,0.0,11998.0,5200.0,6798.0,UPI,Delivered
ORD_01104,2024-05-18,2024-05-19,CUST_0068,Swati Kapoor,Female,37,Bhubaneswar,Odisha,East,STR_107,Chennai Express Store,PRD_F01,Ergonomic Mesh Office Chair,Furniture,Chairs,Green Soul,1,12999.0,0.0,12999.0,7500.0,5499.0,UPI,Delivered
ORD_01105,2024-08-26,2024-08-30,CUST_0119,Ishaan Saini,Male,29,Kolkata,West Bengal,East,STR_108,Kolkata Park Street Store,PRD_C03,Men Tapered Chinos,Clothing,Casual Wear,Allen Solly,1,2199.0,15.0,1869.15,800.0,1069.15,UPI,Delivered
ORD_01105,2024-08-26,2024-08-30,CUST_0119,Ishaan Saini,Male,29,Kolkata,West Bengal,East,STR_108,Kolkata Park Street Store,PRD_H02,Prestige 750W Mixer Grinder,Home & Kitchen,Appliances,Prestige,2,3890.0,5.0,7391.0,4200.0,3191.0,UPI,Delivered
ORD_01106,2024-05-18,2024-05-20,CUST_0155,Preeti Bhat,Female,49,Bhubaneswar,Odisha,East,STR_109,Patna Central Outlet,PRD_E01,MacBook Air M2,Electronics,Laptops,Apple,1,94900.0,0.0,94900.0,72000.0,22900.0,Debit Card,Delivered
ORD_01106,2024-05-18,2024-05-20,CUST_0155,Preeti Bhat,Female,49,Bhubaneswar,Odisha,East,STR_109,Patna Central Outlet,PRD_H03,Instant Pot Duo 7-in-1 Cooker,Home & Kitchen,Appliances,Instant Pot,1,9999.0,0.0,9999.0,5500.0,4499.0,Debit Card,Delivered
ORD_01106,2024-05-18,2024-05-20,CUST_0155,Preeti Bhat,Female,49,Bhubaneswar,Odisha,East,STR_109,Patna Central Outlet,PRD_F08,4-Door Wardrobe with Mirror,Furniture,Bedroom,Spacewood,1,25500.0,15.0,21675.0,16000.0,5675.0,Debit Card,Delivered
ORD_01107,2024-05-18,2024-05-20,CUST_0227,Arun Patel,Male,21,Kochi,Kerala,South,STR_106,Hyderabad Hitech Outlet,PRD_C02,Premium Egyptian Cotton Shirt,Clothing,Formal Wear,Louis Philippe,1,2499.0,0.0,2499.0,950.0,1549.0,Credit Card,Returned
ORD_01108,2024-05-19,2024-05-23,CUST_0338,Ajay Sharma,Male,36,Chennai,Tamil Nadu,South,STR_106,Hyderabad Hitech Outlet,PRD_E05,Samsung Galaxy S24,Electronics,Smartphones,Samsung,1,79999.0,20.0,63999.2,60000.0,3999.2,UPI,Delivered
ORD_01109,2024-05-19,2024-05-24,CUST_0070,Aarav Joshi,Male,61,New Delhi,Delhi,North,STR_105,Bengaluru Indiranagar Mall,PRD_F03,Motorized Standing Desk,Furniture,Desks,ErgoSmart,1,26999.0,0.0,26999.0,18000.0,8999.0,Credit Card,Delivered
ORD_01110,2024-05-20,2024-05-24,CUST_0272,Rajendra Deshmukh,Male,31,Hyderabad,Telangana,South,STR_105,Bengaluru Indiranagar Mall,PRD_F07,King Size Engineered Wood Bed,Furniture,Bedroom,Wakefit,1,24999.0,0.0,24999.0,15000.0,9999.0,Credit Card,Delivered
ORD_01111,2024-05-21,2024-05-23,CUST_0002,Diya Chatterjee,Female,55,Surat,Gujarat,West,STR_101,Mumbai Flagship Store,PRD_E12,Logitech Mechanical Keyboard,Electronics,Accessories,Logitech,1,6495.0,5.0,6170.25,4500.0,1670.25,UPI,Delivered
ORD_01112,2024-05-21,2024-05-24,CUST_0257,Neha Patil,Female,35,Patna,Bihar,East,STR_109,Patna Central Outlet,PRD_H01,Philips Air Fryer XL 4.1L,Home & Kitchen,Appliances,Philips,1,8495.0,15.0,7220.75,4800.0,2420.75,UPI,Delivered
ORD_01113,2024-05-21,2024-05-26,CUST_0002,Diya Chatterjee,Female,55,Surat,Gujarat,West,STR_101,Mumbai Flagship Store,PRD_F08,4-Door Wardrobe with Mirror,Furniture,Bedroom,Spacewood,1,25500.0,0.0,25500.0,16000.0,9500.0,Debit Card,Delivered
ORD_01114,2024-05-21,2024-05-24,CUST_0250,Naveen Kapoor,Male,60,Jaipur,Rajasthan,North,STR_107,Chennai Express Store,PRD_E13,TP-Link AX3000 Wi-Fi 6 Router,Electronics,Networking,TP-Link,1,4999.0,0.0,4999.0,3200.0,1799.0,Cash on Delivery (COD),Delivered
ORD_01115,2024-05-21,2024-05-24,CUST_0140,Meena Reddy,Female,37,Chennai,Tamil Nadu,South,STR_106,Hyderabad Hitech Outlet,PRD_E10,LG 27-inch 4K UHD Monitor,Electronics,Monitors,LG,1,28500.0,0.0,28500.0,21000.0,7500.0,Credit Card,Delivered
ORD_01116,2024-05-21,2024-05-25,CUST_0140,Meena Reddy,Female,37,Chennai,Tamil Nadu,South,STR_106,Hyderabad Hitech Outlet,PRD_C07,Nike Air Zoom Pegasus Running Shoes,Clothing,Footwear,Nike,4,8995.0,0.0,35980.0,16800.0,19180.0,UPI,Delivered
ORD_01117,2024-05-22,2024-05-27,CUST_0262,Pooja Thakur,Female,58,Pune,Maharashtra,West,STR_110,Ahmedabad SG Highway Store,PRD_F08,4-Door Wardrobe with Mirror,Furniture,Bedroom,Spacewood,1,25500.0,5.0,24225.0,16000.0,8225.0,Debit Card,Delivered
ORD_01118,2024-05-22,2024-05-27,CUST_0074,Reyansh Nair,Male,23,Chennai,Tamil Nadu,South,STR_107,Chennai Express Store,PRD_E08,Apple AirPods Pro 2,Electronics,Audio,Apple,1,22900.0,5.0,21755.0,16000.0,5755.0,UPI,Delivered
ORD_01119,2024-05-24,2024-05-28,CUST_0070,Aarav Joshi,Male,61,New Delhi,Delhi,North,STR_104,Noida Cyber Express,PRD_F09,6-Seater Solid Oak Dining Set,Furniture,Dining,Durian,1,38000.0,5.0,36100.0,24000.0,12100.0,Credit Card,Delivered
ORD_01120,2024-05-24,2024-05-25,CUST_0332,Diya Mishra,Female,49,Bhubaneswar,Odisha,East,STR_101,Mumbai Flagship Store,PRD_F08,4-Door Wardrobe with Mirror,Furniture,Bedroom,Spacewood,2,25500.0,0.0,51000.0,32000.0,19000.0,UPI,Delivered
ORD_01121,2024-05-25,2024-05-30,CUST_0102,Priya Kumar,Female,50,Guwahati,Assam,East,STR_109,Patna Central Outlet,PRD_F05,3-Seater Velvet Fabric Sofa,Furniture,Living Room,Wakefit,2,34999.0,0.0,69998.0,44000.0,25998.0,Debit Card,Cancelled
ORD_01121,2024-05-25,2024-05-30,CUST_0102,Priya Kumar,Female,50,Guwahati,Assam,East,STR_109,Patna Central Outlet,PRD_E03,HP Pavilion Gaming Laptop,Electronics,Laptops,HP,1,62000.0,0.0,62000.0,48000.0,14000.0,Debit Card,Cancelled
ORD_01122,2024-05-25,2024-05-28,CUST_0262,Pooja Thakur,Female,58,Pune,Maharashtra,West,STR_101,Mumbai Flagship Store,PRD_C10,UV Protected Polarized Sunglasses,Clothing,Accessories,Ray-Ban,1,3490.0,0.0,3490.0,1100.0,2390.0,UPI,Delivered
ORD_01123,2024-05-25,2024-05-27,CUST_0009,Swati Pandey,Female,50,Pune,Maharashtra,West,STR_102,Pune Tech Hub Outlet,PRD_E06,OnePlus 12,Electronics,Smartphones,OnePlus,1,64999.0,0.0,64999.0,45000.0,19999.0,Credit Card,Delivered
ORD_01124,2024-09-29,2024-10-02,CUST_0248,Rajendra Kapoor,Male,25,Surat,Gujarat,West,STR_101,Mumbai Flagship Store,PRD_E10,LG 27-inch 4K UHD Monitor,Electronics,Monitors,LG,1,28500.0,0.0,28500.0,21000.0,7500.0,Cash on Delivery (COD),Delivered
ORD_01125,2024-05-26,2024-05-31,CUST_0326,Aadhya Yadav,Female,53,Patna,Bihar,East,STR_108,Kolkata Park Street Store,PRD_E05,Samsung Galaxy S24,Electronics,Smartphones,Samsung,1,79999.0,20.0,63999.2,60000.0,3999.2,Cash on Delivery (COD),Delivered
ORD_01126,2024-05-26,2024-05-27,CUST_0075,Riya Das,Female,27,Jaipur,Rajasthan,North,STR_104,Noida Cyber Express,PRD_F01,Ergonomic Mesh Office Chair,Furniture,Chairs,Green Soul,2,12999.0,0.0,25998.0,15000.0,10998.0,UPI,Delivered
ORD_01127,2024-09-07,2024-09-10,CUST_0095,Dinesh Das,Male,53,Gurugram,Haryana,North,STR_104,Noida Cyber Express,PRD_E05,Samsung Galaxy S24,Electronics,Smartphones,Samsung,1,79999.0,10.0,71999.1,60000.0,11999.1,Credit Card,Delivered
ORD_01128,2024-05-27,2024-05-29,CUST_0273,Anita Chatterjee,Female,57,Hyderabad,Telangana,South,STR_104,Noida Cyber Express,PRD_E03,HP Pavilion Gaming Laptop,Electronics,Laptops,HP,1,62000.0,5.0,58900.0,48000.0,10900.0,UPI,Delivered
ORD_01129,2024-05-27,2024-05-30,CUST_0296,Ayaan Bhat,Male,61,Patna,Bihar,East,STR_109,Patna Central Outlet,PRD_E08,Apple AirPods Pro 2,Electronics,Audio,Apple,1,22900.0,0.0,22900.0,16000.0,6900.0,UPI,Delivered
ORD_01130,2024-05-28,2024-06-02,CUST_0070,Aarav Joshi,Male,61,New Delhi,Delhi,North,STR_103,Delhi Connaught Hub,PRD_F08,4-Door Wardrobe with Mirror,Furniture,Bedroom,Spacewood,1,25500.0,5.0,24225.0,16000.0,8225.0,Credit Card,Delivered
ORD_01131,2024-05-28,2024-05-31,CUST_0155,Preeti Bhat,Female,49,Bhubaneswar,Odisha,East,STR_109,Patna Central Outlet,PRD_H04,Dyson V8 Cordless Vacuum Cleaner,Home & Kitchen,Home Care,Dyson,2,29900.0,0.0,59800.0,38000.0,21800.0,UPI,Delivered
ORD_01132,2024-05-28,2024-06-02,CUST_0323,Anika Pandey,Female,37,New Delhi,Delhi,North,STR_104,Noida Cyber Express,PRD_E11,Logitech MX Master 3S Mouse,Electronics,Accessories,Logitech,1,8995.0,10.0,8095.5,6200.0,1895.5,UPI,Cancelled
ORD_01133,2024-05-28,2024-05-31,CUST_0122,Sunita Mishra,Female,37,Kolkata,West Bengal,East,STR_108,Kolkata Park Street Store,PRD_F04,Solid Teak Wood Study Table,Furniture,Desks,Urban Ladder,2,14500.0,15.0,24650.0,18000.0,6650.0,UPI,Delivered
ORD_01134,2024-05-28,2024-06-02,CUST_0257,Neha Patil,Female,35,Patna,Bihar,East,STR_109,Patna Central Outlet,PRD_E06,OnePlus 12,Electronics,Smartphones,OnePlus,1,64999.0,0.0,64999.0,45000.0,19999.0,Credit Card,Delivered
ORD_01135,2024-05-29,2024-05-30,CUST_0311,Vijay Saxena,Male,54,New Delhi,Delhi,North,STR_103,Delhi Connaught Hub,PRD_E01,MacBook Air M2,Electronics,Laptops,Apple,1,94900.0,0.0,94900.0,72000.0,22900.0,Debit Card,Delivered
ORD_01136,2024-09-13,2024-09-17,CUST_0248,Rajendra Kapoor,Male,25,Surat,Gujarat,West,STR_103,Delhi Connaught Hub,PRD_H01,Philips Air Fryer XL 4.1L,Home & Kitchen,Appliances,Philips,1,8495.0,0.0,8495.0,4800.0,3695.0,Net Banking,Delivered
ORD_01137,2024-05-29,2024-05-30,CUST_0266,Kabir Iyer,Male,28,Chennai,Tamil Nadu,South,STR_106,Hyderabad Hitech Outlet,PRD_F05,3-Seater Velvet Fabric Sofa,Furniture,Living Room,Wakefit,2,34999.0,5.0,66498.1,44000.0,22498.1,UPI,Delivered
ORD_01138,2024-05-30,2024-06-04,CUST_0010,Karthik Patel,Male,61,Bengaluru,Karnataka,South,STR_107,Chennai Express Store,PRD_C06,Men Stretch Denim Jeans,Clothing,Casual Wear,Levi's,4,2999.0,0.0,11996.0,4400.0,7596.0,UPI,Delivered
ORD_01139,2024-10-22,2024-10-26,CUST_0143,Meena Thakur,Female,51,Jaipur,Rajasthan,North,STR_102,Pune Tech Hub Outlet,PRD_F10,Geometric Minimalist Bookshelf,Furniture,Storage,Home Centre,1,7999.0,5.0,7599.05,4500.0,3099.05,UPI,Delivered
ORD_01139,2024-10-22,2024-10-26,CUST_0143,Meena Thakur,Female,51,Jaipur,Rajasthan,North,STR_102,Pune Tech Hub Outlet,PRD_F01,Ergonomic Mesh Office Chair,Furniture,Chairs,Green Soul,1,12999.0,0.0,12999.0,7500.0,5499.0,UPI,Delivered
ORD_01140,2024-05-31,2024-06-01,CUST_0051,Ananya Rao,Female,45,Mumbai,Maharashtra,West,STR_102,Pune Tech Hub Outlet,PRD_C07,Nike Air Zoom Pegasus Running Shoes,Clothing,Footwear,Nike,1,8995.0,0.0,8995.0,4200.0,4795.0,Credit Card,Delivered
ORD_01141,2024-06-01,2024-06-03,CUST_0338,Ajay Sharma,Male,36,Chennai,Tamil Nadu,South,STR_105,Bengaluru Indiranagar Mall,PRD_F03,Motorized Standing Desk,Furniture,Desks,ErgoSmart,2,26999.0,5.0,51298.1,36000.0,15298.1,Credit Card,Delivered
ORD_01142,2024-06-02,2024-06-04,CUST_0262,Pooja Thakur,Female,58,Pune,Maharashtra,West,STR_102,Pune Tech Hub Outlet,PRD_C03,Men Tapered Chinos,Clothing,Casual Wear,Allen Solly,2,2199.0,0.0,4398.0,1600.0,2798.0,Debit Card,Delivered
ORD_01142,2024-06-02,2024-06-04,CUST_0262,Pooja Thakur,Female,58,Pune,Maharashtra,West,STR_102,Pune Tech Hub Outlet,PRD_E06,OnePlus 12,Electronics,Smartphones,OnePlus,1,64999.0,0.0,64999.0,45000.0,19999.0,Debit Card,Delivered
ORD_01143,2024-06-02,2024-06-06,CUST_0307,Ayaan Joshi,Male,56,Surat,Gujarat,West,STR_102,Pune Tech Hub Outlet,PRD_F08,4-Door Wardrobe with Mirror,Furniture,Bedroom,Spacewood,1,25500.0,20.0,20400.0,16000.0,4400.0,UPI,Delivered
ORD_01144,2024-06-02,2024-06-07,CUST_0029,Alok Chauhan,Male,30,Gurugram,Haryana,North,STR_108,Kolkata Park Street Store,PRD_H01,Philips Air Fryer XL 4.1L,Home & Kitchen,Appliances,Philips,1,8495.0,10.0,7645.5,4800.0,2845.5,Credit Card,Delivered
ORD_01145,2024-06-02,2024-06-06,CUST_0034,Pooja Das,Female,56,Bhubaneswar,Odisha,East,STR_109,Patna Central Outlet,PRD_C01,Men Slim Fit Formal Blazer,Clothing,Formal Wear,Raymond,1,5999.0,5.0,5699.05,2600.0,3099.05,UPI,Delivered
ORD_01146,2024-06-02,2024-06-04,CUST_0160,Nikhil Rao,Male,49,Patna,Bihar,East,STR_105,Bengaluru Indiranagar Mall,PRD_C01,Men Slim Fit Formal Blazer,Clothing,Formal Wear,Raymond,1,5999.0,15.0,5099.15,2600.0,2499.15,Credit Card,Delivered
ORD_01146,2024-06-02,2024-06-04,CUST_0160,Nikhil Rao,Male,49,Patna,Bihar,East,STR_105,Bengaluru Indiranagar Mall,PRD_C10,UV Protected Polarized Sunglasses,Clothing,Accessories,Ray-Ban,2,3490.0,0.0,6980.0,2200.0,4780.0,Credit Card,Delivered
ORD_01146,2024-06-02,2024-06-04,CUST_0160,Nikhil Rao,Male,49,Patna,Bihar,East,STR_105,Bengaluru Indiranagar Mall,PRD_E07,Sony WH-1000XM5 Headphones,Electronics,Audio,Sony,1,28990.0,5.0,27540.5,20000.0,7540.5,Credit Card,Delivered
ORD_01147,2024-06-02,2024-06-06,CUST_0230,Mahesh Sharma,Male,60,Hyderabad,Telangana,South,STR_105,Bengaluru Indiranagar Mall,PRD_E08,Apple AirPods Pro 2,Electronics,Audio,Apple,1,22900.0,5.0,21755.0,16000.0,5755.0,UPI,Delivered
ORD_01147,2024-06-02,2024-06-06,CUST_0230,Mahesh Sharma,Male,60,Hyderabad,Telangana,South,STR_105,Bengaluru Indiranagar Mall,PRD_E02,Dell XPS 13,Electronics,Laptops,Dell,1,85000.0,5.0,80750.0,65000.0,15750.0,UPI,Delivered
ORD_01148,2024-06-02,2024-06-07,CUST_0268,Rashmi Sharma,Female,38,Noida,Uttar Pradesh,North,STR_103,Delhi Connaught Hub,PRD_E07,Sony WH-1000XM5 Headphones,Electronics,Audio,Sony,1,28990.0,5.0,27540.5,20000.0,7540.5,Credit Card,Delivered
ORD_01149,2024-06-02,2024-06-06,CUST_0031,Meena Sharma,Female,44,Surat,Gujarat,West,STR_101,Mumbai Flagship Store,PRD_C03,Men Tapered Chinos,Clothing,Casual Wear,Allen Solly,2,2199.0,0.0,4398.0,1600.0,2798.0,UPI,Delivered
ORD_01150,2024-06-02,2024-06-04,CUST_0155,Preeti Bhat,Female,49,Bhubaneswar,Odisha,East,STR_108,Kolkata Park Street Store,PRD_C07,Nike Air Zoom Pegasus Running Shoes,Clothing,Footwear,Nike,3,8995.0,10.0,24286.5,12600.0,11686.5,UPI,Delivered
ORD_01151,2024-06-03,2024-06-05,CUST_0140,Meena Reddy,Female,37,Chennai,Tamil Nadu,South,STR_106,Hyderabad Hitech Outlet,PRD_F03,Motorized Standing Desk,Furniture,Desks,ErgoSmart,1,26999.0,5.0,25649.05,18000.0,7649.05,UPI,Cancelled
ORD_01151,2024-06-03,2024-06-05,CUST_0140,Meena Reddy,Female,37,Chennai,Tamil Nadu,South,STR_106,Hyderabad Hitech Outlet,PRD_E14,SanDisk 1TB Portable SSD,Electronics,Storage,SanDisk,1,8499.0,10.0,7649.1,6000.0,1649.1,UPI,Cancelled
ORD_01151,2024-06-03,2024-06-05,CUST_0140,Meena Reddy,Female,37,Chennai,Tamil Nadu,South,STR_106,Hyderabad Hitech Outlet,PRD_C07,Nike Air Zoom Pegasus Running Shoes,Clothing,Footwear,Nike,1,8995.0,20.0,7196.0,4200.0,2996.0,UPI,Cancelled
ORD_01152,2024-06-05,2024-06-10,CUST_0258,Rajesh Saxena,Male,46,Patna,Bihar,East,STR_109,Patna Central Outlet,PRD_E01,MacBook Air M2,Electronics,Laptops,Apple,1,94900.0,0.0,94900.0,72000.0,22900.0,UPI,Delivered
ORD_01153,2024-06-06,2024-06-11,CUST_0346,Diya Patel,Female,23,Patna,Bihar,East,STR_109,Patna Central Outlet,PRD_F06,L-Shape Sectional Luxury Sofa,Furniture,Living Room,Godrej Interio,1,52000.0,10.0,46800.0,34000.0,12800.0,Credit Card,Delivered
ORD_01154,2024-09-03,2024-09-07,CUST_0095,Dinesh Das,Male,53,Gurugram,Haryana,North,STR_103,Delhi Connaught Hub,PRD_F10,Geometric Minimalist Bookshelf,Furniture,Storage,Home Centre,1,7999.0,5.0,7599.05,4500.0,3099.05,UPI,Delivered
ORD_01154,2024-09-03,2024-09-07,CUST_0095,Dinesh Das,Male,53,Gurugram,Haryana,North,STR_103,Delhi Connaught Hub,PRD_C04,Women Silk Embroidered Kurta Set,Clothing,Ethnic Wear,Biba,1,3899.0,0.0,3899.0,1400.0,2499.0,UPI,Delivered
ORD_01154,2024-09-03,2024-09-07,CUST_0095,Dinesh Das,Male,53,Gurugram,Haryana,North,STR_103,Delhi Connaught Hub,PRD_E02,Dell XPS 13,Electronics,Laptops,Dell,1,85000.0,0.0,85000.0,65000.0,20000.0,UPI,Delivered
ORD_01155,2024-06-08,2024-06-13,CUST_0128,Rudra Mishra,Male,40,Noida,Uttar Pradesh,North,STR_104,Noida Cyber Express,PRD_C10,UV Protected Polarized Sunglasses,Clothing,Accessories,Ray-Ban,1,3490.0,20.0,2792.0,1100.0,1692.0,UPI,Delivered
ORD_01156,2024-06-08,2024-06-12,CUST_0242,Riya Patel,Female,58,Gurugram,Haryana,North,STR_104,Noida Cyber Express,PRD_F01,Ergonomic Mesh Office Chair,Furniture,Chairs,Green Soul,1,12999.0,5.0,12349.05,7500.0,4849.05,Net Banking,Delivered
ORD_01157,2024-06-09,2024-06-11,CUST_0147,Vijay Iyer,Male,38,Patna,Bihar,East,STR_109,Patna Central Outlet,PRD_E08,Apple AirPods Pro 2,Electronics,Audio,Apple,1,22900.0,15.0,19465.0,16000.0,3465.0,Cash on Delivery (COD),Delivered
ORD_01158,2024-06-09,2024-06-10,CUST_0012,Kusum Patel,Female,27,Jaipur,Rajasthan,North,STR_103,Delhi Connaught Hub,PRD_E10,LG 27-inch 4K UHD Monitor,Electronics,Monitors,LG,1,28500.0,0.0,28500.0,21000.0,7500.0,Credit Card,Delivered
ORD_01158,2024-06-09,2024-06-10,CUST_0012,Kusum Patel,Female,27,Jaipur,Rajasthan,North,STR_103,Delhi Connaught Hub,PRD_C02,Premium Egyptian Cotton Shirt,Clothing,Formal Wear,Louis Philippe,1,2499.0,10.0,2249.1,950.0,1299.1,Credit Card,Delivered
ORD_01159,2024-06-10,2024-06-13,CUST_0010,Karthik Patel,Male,61,Bengaluru,Karnataka,South,STR_105,Bengaluru Indiranagar Mall,PRD_E01,MacBook Air M2,Electronics,Laptops,Apple,1,94900.0,5.0,90155.0,72000.0,18155.0,Debit Card,Delivered
ORD_01160,2024-06-10,2024-06-14,CUST_0241,Muhammad Pandey,Male,36,Hyderabad,Telangana,South,STR_102,Pune Tech Hub Outlet,PRD_E13,TP-Link AX3000 Wi-Fi 6 Router,Electronics,Networking,TP-Link,1,4999.0,5.0,4749.05,3200.0,1549.05,Credit Card,Delivered
ORD_01161,2024-06-10,2024-06-11,CUST_0231,Ayaan Saini,Male,40,Patna,Bihar,East,STR_109,Patna Central Outlet,PRD_F06,L-Shape Sectional Luxury Sofa,Furniture,Living Room,Godrej Interio,1,52000.0,5.0,49400.0,34000.0,15400.0,Net Banking,Delivered
ORD_01162,2024-06-11,2024-06-14,CUST_0155,Preeti Bhat,Female,49,Bhubaneswar,Odisha,East,STR_109,Patna Central Outlet,PRD_C04,Women Silk Embroidered Kurta Set,Clothing,Ethnic Wear,Biba,2,3899.0,5.0,7408.1,2800.0,4608.1,UPI,Cancelled
ORD_01163,2024-06-12,2024-06-13,CUST_0023,Rudra Gupta,Male,48,Noida,Uttar Pradesh,North,STR_110,Ahmedabad SG Highway Store,PRD_F05,3-Seater Velvet Fabric Sofa,Furniture,Living Room,Wakefit,1,34999.0,0.0,34999.0,22000.0,12999.0,Credit Card,Delivered
ORD_01163,2024-06-12,2024-06-13,CUST_0023,Rudra Gupta,Male,48,Noida,Uttar Pradesh,North,STR_110,Ahmedabad SG Highway Store,PRD_E03,HP Pavilion Gaming Laptop,Electronics,Laptops,HP,1,62000.0,5.0,58900.0,48000.0,10900.0,Credit Card,Delivered
ORD_01163,2024-06-12,2024-06-13,CUST_0023,Rudra Gupta,Male,48,Noida,Uttar Pradesh,North,STR_110,Ahmedabad SG Highway Store,PRD_E11,Logitech MX Master 3S Mouse,Electronics,Accessories,Logitech,2,8995.0,10.0,16191.0,12400.0,3791.0,Credit Card,Delivered
ORD_01164,2024-06-12,2024-06-14,CUST_0122,Sunita Mishra,Female,37,Kolkata,West Bengal,East,STR_108,Kolkata Park Street Store,PRD_E07,Sony WH-1000XM5 Headphones,Electronics,Audio,Sony,1,28990.0,5.0,27540.5,20000.0,7540.5,Credit Card,Delivered
ORD_01165,2024-06-13,2024-06-16,CUST_0262,Pooja Thakur,Female,58,Pune,Maharashtra,West,STR_104,Noida Cyber Express,PRD_E09,boAt Rockerz 450,Electronics,Audio,boAt,1,1499.0,10.0,1349.1,800.0,549.1,UPI,Delivered
ORD_01166,2024-06-14,2024-06-15,CUST_0325,Nikhil Bose,Male,39,Surat,Gujarat,West,STR_102,Pune Tech Hub Outlet,PRD_H01,Philips Air Fryer XL 4.1L,Home & Kitchen,Appliances,Philips,1,8495.0,0.0,8495.0,4800.0,3695.0,Debit Card,Delivered
ORD_01167,2024-06-15,2024-06-16,CUST_0089,Ayaan Das,Male,60,Hyderabad,Telangana,South,STR_107,Chennai Express Store,PRD_H03,Instant Pot Duo 7-in-1 Cooker,Home & Kitchen,Appliances,Instant Pot,1,9999.0,5.0,9499.05,5500.0,3999.05,Net Banking,Delivered
ORD_01167,2024-06-15,2024-06-16,CUST_0089,Ayaan Das,Male,60,Hyderabad,Telangana,South,STR_107,Chennai Express Store,PRD_E14,SanDisk 1TB Portable SSD,Electronics,Storage,SanDisk,1,8499.0,5.0,8074.05,6000.0,2074.05,Net Banking,Delivered
ORD_01168,2024-07-19,2024-07-21,CUST_0036,Anita Rao,Female,49,Chennai,Tamil Nadu,South,STR_107,Chennai Express Store,PRD_C01,Men Slim Fit Formal Blazer,Clothing,Formal Wear,Raymond,1,5999.0,0.0,5999.0,2600.0,3399.0,Debit Card,Delivered
ORD_01168,2024-07-19,2024-07-21,CUST_0036,Anita Rao,Female,49,Chennai,Tamil Nadu,South,STR_107,Chennai Express Store,PRD_C07,Nike Air Zoom Pegasus Running Shoes,Clothing,Footwear,Nike,2,8995.0,0.0,17990.0,8400.0,9590.0,Debit Card,Delivered
ORD_01169,2024-06-16,2024-06-19,CUST_0257,Neha Patil,Female,35,Patna,Bihar,East,STR_108,Kolkata Park Street Store,PRD_H02,Prestige 750W Mixer Grinder,Home & Kitchen,Appliances,Prestige,2,3890.0,15.0,6613.0,4200.0,2413.0,UPI,Cancelled
ORD_01169,2024-06-16,2024-06-19,CUST_0257,Neha Patil,Female,35,Patna,Bihar,East,STR_108,Kolkata Park Street Store,PRD_F06,L-Shape Sectional Luxury Sofa,Furniture,Living Room,Godrej Interio,1,52000.0,5.0,49400.0,34000.0,15400.0,UPI,Cancelled
ORD_01170,2024-06-17,2024-06-19,CUST_0122,Sunita Mishra,Female,37,Kolkata,West Bengal,East,STR_109,Patna Central Outlet,PRD_H04,Dyson V8 Cordless Vacuum Cleaner,Home & Kitchen,Home Care,Dyson,1,29900.0,15.0,25415.0,19000.0,6415.0,Net Banking,Delivered
ORD_01171,2024-06-17,2024-06-22,CUST_0075,Riya Das,Female,27,Jaipur,Rajasthan,North,STR_103,Delhi Connaught Hub,PRD_C03,Men Tapered Chinos,Clothing,Casual Wear,Allen Solly,4,2199.0,15.0,7476.6,3200.0,4276.6,UPI,Delivered
ORD_01172,2024-06-18,2024-06-19,CUST_0051,Ananya Rao,Female,45,Mumbai,Maharashtra,West,STR_110,Ahmedabad SG Highway Store,PRD_H03,Instant Pot Duo 7-in-1 Cooker,Home & Kitchen,Appliances,Instant Pot,1,9999.0,5.0,9499.05,5500.0,3999.05,Debit Card,Delivered
ORD_01172,2024-06-18,2024-06-19,CUST_0051,Ananya Rao,Female,45,Mumbai,Maharashtra,West,STR_110,Ahmedabad SG Highway Store,PRD_E12,Logitech Mechanical Keyboard,Electronics,Accessories,Logitech,1,6495.0,0.0,6495.0,4500.0,1995.0,Debit Card,Delivered
ORD_01173,2024-06-19,2024-06-24,CUST_0053,Aanya Reddy,Female,34,Bengaluru,Karnataka,South,STR_105,Bengaluru Indiranagar Mall,PRD_F10,Geometric Minimalist Bookshelf,Furniture,Storage,Home Centre,1,7999.0,10.0,7199.1,4500.0,2699.1,Net Banking,Delivered
ORD_01174,2024-06-19,2024-06-20,CUST_0140,Meena Reddy,Female,37,Chennai,Tamil Nadu,South,STR_107,Chennai Express Store,PRD_E10,LG 27-inch 4K UHD Monitor,Electronics,Monitors,LG,1,28500.0,10.0,25650.0,21000.0,4650.0,UPI,Delivered
ORD_01174,2024-06-19,2024-06-20,CUST_0140,Meena Reddy,Female,37,Chennai,Tamil Nadu,South,STR_107,Chennai Express Store,PRD_E06,OnePlus 12,Electronics,Smartphones,OnePlus,1,64999.0,15.0,55249.15,45000.0,10249.15,UPI,Delivered
ORD_01174,2024-06-19,2024-06-20,CUST_0140,Meena Reddy,Female,37,Chennai,Tamil Nadu,South,STR_107,Chennai Express Store,PRD_C07,Nike Air Zoom Pegasus Running Shoes,Clothing,Footwear,Nike,2,8995.0,0.0,17990.0,8400.0,9590.0,UPI,Delivered
ORD_01175,2024-06-20,2024-06-23,CUST_0008,Shaurya Rao,Male,43,Surat,Gujarat,West,STR_110,Ahmedabad SG Highway Store,PRD_E01,MacBook Air M2,Electronics,Laptops,Apple,1,94900.0,15.0,80665.0,72000.0,8665.0,Credit Card,Delivered
ORD_01175,2024-06-20,2024-06-23,CUST_0008,Shaurya Rao,Male,43,Surat,Gujarat,West,STR_110,Ahmedabad SG Highway Store,PRD_E09,boAt Rockerz 450,Electronics,Audio,boAt,1,1499.0,5.0,1424.05,800.0,624.05,Credit Card,Delivered
ORD_01176,2024-06-20,2024-06-21,CUST_0020,Saanvi Yadav,Female,36,New Delhi,Delhi,North,STR_108,Kolkata Park Street Store,PRD_C06,Men Stretch Denim Jeans,Clothing,Casual Wear,Levi's,1,2999.0,0.0,2999.0,1100.0,1899.0,Credit Card,Delivered
ORD_01176,2024-06-20,2024-06-21,CUST_0020,Saanvi Yadav,Female,36,New Delhi,Delhi,North,STR_108,Kolkata Park Street Store,PRD_F01,Ergonomic Mesh Office Chair,Furniture,Chairs,Green Soul,1,12999.0,10.0,11699.1,7500.0,4199.1,Credit Card,Delivered
ORD_01177,2024-06-20,2024-06-24,CUST_0034,Pooja Das,Female,56,Bhubaneswar,Odisha,East,STR_108,Kolkata Park Street Store,PRD_H02,Prestige 750W Mixer Grinder,Home & Kitchen,Appliances,Prestige,1,3890.0,5.0,3695.5,2100.0,1595.5,Cash on Delivery (COD),Delivered
ORD_01177,2024-06-20,2024-06-24,CUST_0034,Pooja Das,Female,56,Bhubaneswar,Odisha,East,STR_108,Kolkata Park Street Store,PRD_E13,TP-Link AX3000 Wi-Fi 6 Router,Electronics,Networking,TP-Link,1,4999.0,0.0,4999.0,3200.0,1799.0,Cash on Delivery (COD),Delivered
ORD_01178,2024-06-20,2024-06-25,CUST_0262,Pooja Thakur,Female,58,Pune,Maharashtra,West,STR_102,Pune Tech Hub Outlet,PRD_E05,Samsung Galaxy S24,Electronics,Smartphones,Samsung,1,79999.0,10.0,71999.1,60000.0,11999.1,UPI,Delivered
ORD_01178,2024-06-20,2024-06-25,CUST_0262,Pooja Thakur,Female,58,Pune,Maharashtra,West,STR_102,Pune Tech Hub Outlet,PRD_C05,Women Designer Georgette Saree,Clothing,Ethnic Wear,FabIndia,1,4999.0,10.0,4499.1,1800.0,2699.1,UPI,Delivered
ORD_01179,2024-06-20,2024-06-24,CUST_0281,Amit Singh,Male,52,Mumbai,Maharashtra,West,STR_103,Delhi Connaught Hub,PRD_E07,Sony WH-1000XM5 Headphones,Electronics,Audio,Sony,1,28990.0,0.0,28990.0,20000.0,8990.0,UPI,Delivered
ORD_01180,2024-06-23,2024-06-25,CUST_0197,Reyansh Joshi,Male,45,Bhubaneswar,Odisha,East,STR_109,Patna Central Outlet,PRD_E05,Samsung Galaxy S24,Electronics,Smartphones,Samsung,1,79999.0,0.0,79999.0,60000.0,19999.0,Credit Card,Delivered
ORD_01180,2024-06-23,2024-06-25,CUST_0197,Reyansh Joshi,Male,45,Bhubaneswar,Odisha,East,STR_109,Patna Central Outlet,PRD_F06,L-Shape Sectional Luxury Sofa,Furniture,Living Room,Godrej Interio,1,52000.0,0.0,52000.0,34000.0,18000.0,Credit Card,Delivered
ORD_01181,2024-06-24,2024-06-28,CUST_0246,Deepak Pandey,Male,58,Jaipur,Rajasthan,North,STR_103,Delhi Connaught Hub,PRD_F04,Solid Teak Wood Study Table,Furniture,Desks,Urban Ladder,1,14500.0,10.0,13050.0,9000.0,4050.0,UPI,Delivered
ORD_01182,2024-06-24,2024-06-25,CUST_0155,Preeti Bhat,Female,49,Bhubaneswar,Odisha,East,STR_110,Ahmedabad SG Highway Store,PRD_E11,Logitech MX Master 3S Mouse,Electronics,Accessories,Logitech,1,8995.0,0.0,8995.0,6200.0,2795.0,Debit Card,Delivered
ORD_01183,2024-06-25,2024-06-30,CUST_0002,Diya Chatterjee,Female,55,Surat,Gujarat,West,STR_110,Ahmedabad SG Highway Store,PRD_E05,Samsung Galaxy S24,Electronics,Smartphones,Samsung,1,79999.0,5.0,75999.05,60000.0,15999.05,UPI,Delivered
ORD_01183,2024-06-25,2024-06-30,CUST_0002,Diya Chatterjee,Female,55,Surat,Gujarat,West,STR_110,Ahmedabad SG Highway Store,PRD_E13,TP-Link AX3000 Wi-Fi 6 Router,Electronics,Networking,TP-Link,2,4999.0,5.0,9498.1,6400.0,3098.1,UPI,Delivered
ORD_01184,2024-06-26,2024-06-30,CUST_0157,Ayaan Rao,Male,25,Bhubaneswar,Odisha,East,STR_109,Patna Central Outlet,PRD_F07,King Size Engineered Wood Bed,Furniture,Bedroom,Wakefit,2,24999.0,0.0,49998.0,30000.0,19998.0,UPI,Delivered
ORD_01185,2024-06-26,2024-06-29,CUST_0337,Gaurav Malhotra,Male,30,Jaipur,Rajasthan,North,STR_103,Delhi Connaught Hub,PRD_E01,MacBook Air M2,Electronics,Laptops,Apple,1,94900.0,10.0,85410.0,72000.0,13410.0,UPI,Delivered
ORD_01186,2024-06-27,2024-06-29,CUST_0056,Gaurav Patel,Male,25,Noida,Uttar Pradesh,North,STR_103,Delhi Connaught Hub,PRD_E05,Samsung Galaxy S24,Electronics,Smartphones,Samsung,1,79999.0,10.0,71999.1,60000.0,11999.1,Debit Card,Delivered
ORD_01186,2024-06-27,2024-06-29,CUST_0056,Gaurav Patel,Male,25,Noida,Uttar Pradesh,North,STR_103,Delhi Connaught Hub,PRD_F06,L-Shape Sectional Luxury Sofa,Furniture,Living Room,Godrej Interio,1,52000.0,0.0,52000.0,34000.0,18000.0,Debit Card,Delivered
ORD_01187,2024-06-27,2024-06-28,CUST_0166,Rakesh Patel,Male,37,Jaipur,Rajasthan,North,STR_103,Delhi Connaught Hub,PRD_F03,Motorized Standing Desk,Furniture,Desks,ErgoSmart,2,26999.0,15.0,45898.3,36000.0,9898.3,Cash on Delivery (COD),Returned
ORD_01188,2024-06-27,2024-06-28,CUST_0262,Pooja Thakur,Female,58,Pune,Maharashtra,West,STR_104,Noida Cyber Express,PRD_E06,OnePlus 12,Electronics,Smartphones,OnePlus,1,64999.0,0.0,64999.0,45000.0,19999.0,Debit Card,Delivered
ORD_01189,2024-06-28,2024-06-30,CUST_0293,Saanvi Yadav,Female,32,Gurugram,Haryana,North,STR_101,Mumbai Flagship Store,PRD_C04,Women Silk Embroidered Kurta Set,Clothing,Ethnic Wear,Biba,1,3899.0,10.0,3509.1,1400.0,2109.1,UPI,Delivered
ORD_01190,2024-11-04,2024-11-06,CUST_0198,Aanya Bhat,Female,29,Pune,Maharashtra,West,STR_103,Delhi Connaught Hub,PRD_C06,Men Stretch Denim Jeans,Clothing,Casual Wear,Levi's,1,2999.0,0.0,2999.0,1100.0,1899.0,UPI,Delivered
ORD_01190,2024-11-04,2024-11-06,CUST_0198,Aanya Bhat,Female,29,Pune,Maharashtra,West,STR_103,Delhi Connaught Hub,PRD_E04,iPhone 15 Pro,Electronics,Smartphones,Apple,1,124900.0,5.0,118655.0,95000.0,23655.0,UPI,Delivered
ORD_01191,2024-08-05,2024-08-10,CUST_0036,Anita Rao,Female,49,Chennai,Tamil Nadu,South,STR_105,Bengaluru Indiranagar Mall,PRD_E02,Dell XPS 13,Electronics,Laptops,Dell,1,85000.0,5.0,80750.0,65000.0,15750.0,UPI,Delivered
ORD_01191,2024-08-05,2024-08-10,CUST_0036,Anita Rao,Female,49,Chennai,Tamil Nadu,South,STR_105,Bengaluru Indiranagar Mall,PRD_E14,SanDisk 1TB Portable SSD,Electronics,Storage,SanDisk,1,8499.0,5.0,8074.05,6000.0,2074.05,UPI,Delivered
ORD_01192,2024-07-01,2024-07-06,CUST_0220,Diya Saini,Female,61,Surat,Gujarat,West,STR_102,Pune Tech Hub Outlet,PRD_C04,Women Silk Embroidered Kurta Set,Clothing,Ethnic Wear,Biba,2,3899.0,0.0,7798.0,2800.0,4998.0,UPI,Delivered
ORD_01193,2024-08-16,2024-08-21,CUST_0119,Ishaan Saini,Male,29,Kolkata,West Bengal,East,STR_105,Bengaluru Indiranagar Mall,PRD_F05,3-Seater Velvet Fabric Sofa,Furniture,Living Room,Wakefit,1,34999.0,0.0,34999.0,22000.0,12999.0,Credit Card,Delivered
ORD_01193,2024-08-16,2024-08-21,CUST_0119,Ishaan Saini,Male,29,Kolkata,West Bengal,East,STR_105,Bengaluru Indiranagar Mall,PRD_C01,Men Slim Fit Formal Blazer,Clothing,Formal Wear,Raymond,1,5999.0,10.0,5399.1,2600.0,2799.1,Credit Card,Delivered
ORD_01194,2024-07-02,2024-07-04,CUST_0293,Saanvi Yadav,Female,32,Gurugram,Haryana,North,STR_103,Delhi Connaught Hub,PRD_C05,Women Designer Georgette Saree,Clothing,Ethnic Wear,FabIndia,1,4999.0,0.0,4999.0,1800.0,3199.0,UPI,Delivered
ORD_01195,2024-07-02,2024-07-07,CUST_0137,Rashmi Joshi,Female,26,Jaipur,Rajasthan,North,STR_103,Delhi Connaught Hub,PRD_E09,boAt Rockerz 450,Electronics,Audio,boAt,1,1499.0,5.0,1424.05,800.0,624.05,UPI,Delivered
ORD_01196,2024-07-02,2024-07-04,CUST_0086,Sunil Chauhan,Male,28,Guwahati,Assam,East,STR_109,Patna Central Outlet,PRD_F07,King Size Engineered Wood Bed,Furniture,Bedroom,Wakefit,1,24999.0,5.0,23749.05,15000.0,8749.05,UPI,Delivered
ORD_01197,2024-07-03,2024-07-08,CUST_0040,Arjun Bose,Male,25,Hyderabad,Telangana,South,STR_106,Hyderabad Hitech Outlet,PRD_E11,Logitech MX Master 3S Mouse,Electronics,Accessories,Logitech,1,8995.0,15.0,7645.75,6200.0,1445.75,UPI,Delivered
ORD_01198,2024-07-03,2024-07-05,CUST_0212,Preeti Das,Female,25,Noida,Uttar Pradesh,North,STR_103,Delhi Connaught Hub,PRD_C07,Nike Air Zoom Pegasus Running Shoes,Clothing,Footwear,Nike,1,8995.0,10.0,8095.5,4200.0,3895.5,Credit Card,Delivered
ORD_01199,2024-07-03,2024-07-06,CUST_0074,Reyansh Nair,Male,23,Chennai,Tamil Nadu,South,STR_107,Chennai Express Store,PRD_C02,Premium Egyptian Cotton Shirt,Clothing,Formal Wear,Louis Philippe,1,2499.0,0.0,2499.0,950.0,1549.0,Net Banking,Delivered
ORD_01199,2024-07-03,2024-07-06,CUST_0074,Reyansh Nair,Male,23,Chennai,Tamil Nadu,South,STR_107,Chennai Express Store,PRD_F03,Motorized Standing Desk,Furniture,Desks,ErgoSmart,1,26999.0,0.0,26999.0,18000.0,8999.0,Net Banking,Delivered
ORD_01199,2024-07-03,2024-07-06,CUST_0074,Reyansh Nair,Male,23,Chennai,Tamil Nadu,South,STR_107,Chennai Express Store,PRD_F04,Solid Teak Wood Study Table,Furniture,Desks,Urban Ladder,2,14500.0,0.0,29000.0,18000.0,11000.0,Net Banking,Delivered
ORD_01200,2024-07-04,2024-07-05,CUST_0140,Meena Reddy,Female,37,Chennai,Tamil Nadu,South,STR_105,Bengaluru Indiranagar Mall,PRD_F07,King Size Engineered Wood Bed,Furniture,Bedroom,Wakefit,1,24999.0,5.0,23749.05,15000.0,8749.05,Credit Card,Cancelled
ORD_01200,2024-07-04,2024-07-05,CUST_0140,Meena Reddy,Female,37,Chennai,Tamil Nadu,South,STR_105,Bengaluru Indiranagar Mall,PRD_E04,iPhone 15 Pro,Electronics,Smartphones,Apple,1,124900.0,0.0,124900.0,95000.0,29900.0,Credit Card,Cancelled
ORD_01200,2024-07-04,2024-07-05,CUST_0140,Meena Reddy,Female,37,Chennai,Tamil Nadu,South,STR_105,Bengaluru Indiranagar Mall,PRD_F03,Motorized Standing Desk,Furniture,Desks,ErgoSmart,1,26999.0,5.0,25649.05,18000.0,7649.05,Credit Card,Cancelled
ORD_01201,2024-07-04,2024-07-06,CUST_0271,Shaurya Chatterjee,Male,34,Guwahati,Assam,East,STR_108,Kolkata Park Street Store,PRD_C09,Athletic Dry-Fit Tracksuit,Clothing,Activewear,Under Armour,2,3299.0,10.0,5938.2,2400.0,3538.2,UPI,Delivered
ORD_01201,2024-07-04,2024-07-06,CUST_0271,Shaurya Chatterjee,Male,34,Guwahati,Assam,East,STR_108,Kolkata Park Street Store,PRD_C10,UV Protected Polarized Sunglasses,Clothing,Accessories,Ray-Ban,1,3490.0,0.0,3490.0,1100.0,2390.0,UPI,Delivered
ORD_01202,2024-07-05,2024-07-09,CUST_0218,Preeti Mishra,Female,59,Jaipur,Rajasthan,North,STR_107,Chennai Express Store,PRD_F01,Ergonomic Mesh Office Chair,Furniture,Chairs,Green Soul,2,12999.0,0.0,25998.0,15000.0,10998.0,UPI,Delivered
ORD_01203,2024-07-05,2024-07-08,CUST_0070,Aarav Joshi,Male,61,New Delhi,Delhi,North,STR_104,Noida Cyber Express,PRD_E01,MacBook Air M2,Electronics,Laptops,Apple,1,94900.0,0.0,94900.0,72000.0,22900.0,UPI,Delivered
ORD_01203,2024-07-05,2024-07-08,CUST_0070,Aarav Joshi,Male,61,New Delhi,Delhi,North,STR_104,Noida Cyber Express,PRD_E04,iPhone 15 Pro,Electronics,Smartphones,Apple,1,124900.0,0.0,124900.0,95000.0,29900.0,UPI,Delivered
ORD_01203,2024-07-05,2024-07-08,CUST_0070,Aarav Joshi,Male,61,New Delhi,Delhi,North,STR_104,Noida Cyber Express,PRD_E06,OnePlus 12,Electronics,Smartphones,OnePlus,1,64999.0,15.0,55249.15,45000.0,10249.15,UPI,Delivered
ORD_01204,2024-07-06,2024-07-07,CUST_0141,Sunita Menon,Female,56,Lucknow,Uttar Pradesh,North,STR_110,Ahmedabad SG Highway Store,PRD_E04,iPhone 15 Pro,Electronics,Smartphones,Apple,1,124900.0,5.0,118655.0,95000.0,23655.0,Credit Card,Delivered
ORD_01205,2024-07-07,2024-07-12,CUST_0306,Rajesh Das,Male,61,Pune,Maharashtra,West,STR_101,Mumbai Flagship Store,PRD_F07,King Size Engineered Wood Bed,Furniture,Bedroom,Wakefit,1,24999.0,0.0,24999.0,15000.0,9999.0,Cash on Delivery (COD),Cancelled
ORD_01205,2024-07-07,2024-07-12,CUST_0306,Rajesh Das,Male,61,Pune,Maharashtra,West,STR_101,Mumbai Flagship Store,PRD_C06,Men Stretch Denim Jeans,Clothing,Casual Wear,Levi's,2,2999.0,0.0,5998.0,2200.0,3798.0,Cash on Delivery (COD),Cancelled
ORD_01206,2024-07-07,2024-07-12,CUST_0051,Ananya Rao,Female,45,Mumbai,Maharashtra,West,STR_110,Ahmedabad SG Highway Store,PRD_H01,Philips Air Fryer XL 4.1L,Home & Kitchen,Appliances,Philips,1,8495.0,0.0,8495.0,4800.0,3695.0,UPI,Delivered
ORD_01207,2024-07-08,2024-07-10,CUST_0306,Rajesh Das,Male,61,Pune,Maharashtra,West,STR_102,Pune Tech Hub Outlet,PRD_C02,Premium Egyptian Cotton Shirt,Clothing,Formal Wear,Louis Philippe,1,2499.0,0.0,2499.0,950.0,1549.0,UPI,Delivered
ORD_01208,2024-07-08,2024-07-11,CUST_0113,Rajendra Rao,Male,57,Mumbai,Maharashtra,West,STR_110,Ahmedabad SG Highway Store,PRD_F03,Motorized Standing Desk,Furniture,Desks,ErgoSmart,1,26999.0,10.0,24299.1,18000.0,6299.1,Cash on Delivery (COD),Returned
ORD_01209,2024-07-09,2024-07-13,CUST_0155,Preeti Bhat,Female,49,Bhubaneswar,Odisha,East,STR_109,Patna Central Outlet,PRD_C04,Women Silk Embroidered Kurta Set,Clothing,Ethnic Wear,Biba,2,3899.0,20.0,6238.4,2800.0,3438.4,UPI,Returned
ORD_01210,2024-07-10,2024-07-15,CUST_0243,Kavita Joshi,Female,59,New Delhi,Delhi,North,STR_103,Delhi Connaught Hub,PRD_E05,Samsung Galaxy S24,Electronics,Smartphones,Samsung,1,79999.0,0.0,79999.0,60000.0,19999.0,UPI,Delivered
ORD_01211,2024-07-10,2024-07-13,CUST_0186,Aadhya Nair,Female,56,Mumbai,Maharashtra,West,STR_110,Ahmedabad SG Highway Store,PRD_F09,6-Seater Solid Oak Dining Set,Furniture,Dining,Durian,1,38000.0,0.0,38000.0,24000.0,14000.0,UPI,Delivered
ORD_01211,2024-07-10,2024-07-13,CUST_0186,Aadhya Nair,Female,56,Mumbai,Maharashtra,West,STR_110,Ahmedabad SG Highway Store,PRD_E10,LG 27-inch 4K UHD Monitor,Electronics,Monitors,LG,1,28500.0,0.0,28500.0,21000.0,7500.0,UPI,Delivered
ORD_01212,2024-07-11,2024-07-15,CUST_0184,Rashmi Thakur,Female,39,New Delhi,Delhi,North,STR_109,Patna Central Outlet,PRD_H02,Prestige 750W Mixer Grinder,Home & Kitchen,Appliances,Prestige,2,3890.0,15.0,6613.0,4200.0,2413.0,Credit Card,Delivered
ORD_01213,2024-07-11,2024-07-13,CUST_0262,Pooja Thakur,Female,58,Pune,Maharashtra,West,STR_101,Mumbai Flagship Store,PRD_F04,Solid Teak Wood Study Table,Furniture,Desks,Urban Ladder,1,14500.0,0.0,14500.0,9000.0,5500.0,UPI,Delivered
ORD_01214,2024-07-11,2024-07-12,CUST_0140,Meena Reddy,Female,37,Chennai,Tamil Nadu,South,STR_106,Hyderabad Hitech Outlet,PRD_E06,OnePlus 12,Electronics,Smartphones,OnePlus,1,64999.0,10.0,58499.1,45000.0,13499.1,Net Banking,Delivered
ORD_01214,2024-07-11,2024-07-12,CUST_0140,Meena Reddy,Female,37,Chennai,Tamil Nadu,South,STR_106,Hyderabad Hitech Outlet,PRD_C03,Men Tapered Chinos,Clothing,Casual Wear,Allen Solly,2,2199.0,0.0,4398.0,1600.0,2798.0,Net Banking,Delivered
ORD_01215,2024-11-24,2024-11-26,CUST_0198,Aanya Bhat,Female,29,Pune,Maharashtra,West,STR_110,Ahmedabad SG Highway Store,PRD_H01,Philips Air Fryer XL 4.1L,Home & Kitchen,Appliances,Philips,2,8495.0,10.0,15291.0,9600.0,5691.0,UPI,Delivered
ORD_01215,2024-11-24,2024-11-26,CUST_0198,Aanya Bhat,Female,29,Pune,Maharashtra,West,STR_110,Ahmedabad SG Highway Store,PRD_E11,Logitech MX Master 3S Mouse,Electronics,Accessories,Logitech,1,8995.0,0.0,8995.0,6200.0,2795.0,UPI,Delivered
ORD_01216,2024-07-12,2024-07-16,CUST_0253,Meena Banerjee,Female,25,Patna,Bihar,East,STR_109,Patna Central Outlet,PRD_C07,Nike Air Zoom Pegasus Running Shoes,Clothing,Footwear,Nike,2,8995.0,0.0,17990.0,8400.0,9590.0,Debit Card,Delivered
ORD_01217,2024-07-12,2024-07-15,CUST_0184,Rashmi Thakur,Female,39,New Delhi,Delhi,North,STR_104,Noida Cyber Express,PRD_C06,Men Stretch Denim Jeans,Clothing,Casual Wear,Levi's,2,2999.0,20.0,4798.4,2200.0,2598.4,UPI,Delivered
ORD_01218,2024-07-13,2024-07-17,CUST_0308,Preeti Yadav,Female,42,New Delhi,Delhi,North,STR_102,Pune Tech Hub Outlet,PRD_C08,Puma UltraRide Sneakers,Clothing,Footwear,Puma,2,4999.0,5.0,9498.1,4400.0,5098.1,UPI,Delivered
ORD_01219,2024-07-13,2024-07-18,CUST_0200,Pranav Pillai,Male,21,Patna,Bihar,East,STR_106,Hyderabad Hitech Outlet,PRD_F01,Ergonomic Mesh Office Chair,Furniture,Chairs,Green Soul,1,12999.0,0.0,12999.0,7500.0,5499.0,Credit Card,Delivered
ORD_01220,2024-07-13,2024-07-17,CUST_0141,Sunita Menon,Female,56,Lucknow,Uttar Pradesh,North,STR_103,Delhi Connaught Hub,PRD_C01,Men Slim Fit Formal Blazer,Clothing,Formal Wear,Raymond,1,5999.0,0.0,5999.0,2600.0,3399.0,UPI,Returned
ORD_01220,2024-07-13,2024-07-17,CUST_0141,Sunita Menon,Female,56,Lucknow,Uttar Pradesh,North,STR_103,Delhi Connaught Hub,PRD_F07,King Size Engineered Wood Bed,Furniture,Bedroom,Wakefit,2,24999.0,20.0,39998.4,30000.0,9998.4,UPI,Returned
ORD_01221,2024-10-19,2024-10-24,CUST_0107,Divya Saxena,Female,54,Lucknow,Uttar Pradesh,North,STR_104,Noida Cyber Express,PRD_C04,Women Silk Embroidered Kurta Set,Clothing,Ethnic Wear,Biba,1,3899.0,5.0,3704.05,1400.0,2304.05,Net Banking,Delivered
ORD_01222,2024-07-15,2024-07-16,CUST_0306,Rajesh Das,Male,61,Pune,Maharashtra,West,STR_110,Ahmedabad SG Highway Store,PRD_E01,MacBook Air M2,Electronics,Laptops,Apple,1,94900.0,10.0,85410.0,72000.0,13410.0,UPI,Delivered
ORD_01223,2024-07-15,2024-07-19,CUST_0179,Mohan Saxena,Male,50,Pune,Maharashtra,West,STR_110,Ahmedabad SG Highway Store,PRD_H01,Philips Air Fryer XL 4.1L,Home & Kitchen,Appliances,Philips,1,8495.0,5.0,8070.25,4800.0,3270.25,Credit Card,Delivered
ORD_01224,2024-07-18,2024-07-20,CUST_0040,Arjun Bose,Male,25,Hyderabad,Telangana,South,STR_106,Hyderabad Hitech Outlet,PRD_E14,SanDisk 1TB Portable SSD,Electronics,Storage,SanDisk,1,8499.0,10.0,7649.1,6000.0,1649.1,Debit Card,Delivered
ORD_01225,2024-07-18,2024-07-19,CUST_0281,Amit Singh,Male,52,Mumbai,Maharashtra,West,STR_102,Pune Tech Hub Outlet,PRD_E13,TP-Link AX3000 Wi-Fi 6 Router,Electronics,Networking,TP-Link,1,4999.0,5.0,4749.05,3200.0,1549.05,Cash on Delivery (COD),Delivered
ORD_01226,2024-07-18,2024-07-19,CUST_0344,Diya Verma,Female,55,Chennai,Tamil Nadu,South,STR_106,Hyderabad Hitech Outlet,PRD_F09,6-Seater Solid Oak Dining Set,Furniture,Dining,Durian,1,38000.0,20.0,30400.0,24000.0,6400.0,Debit Card,Cancelled
ORD_01227,2024-07-18,2024-07-22,CUST_0280,Deepa Reddy,Female,37,New Delhi,Delhi,North,STR_104,Noida Cyber Express,PRD_C01,Men Slim Fit Formal Blazer,Clothing,Formal Wear,Raymond,1,5999.0,5.0,5699.05,2600.0,3099.05,Credit Card,Delivered
ORD_01228,2024-07-19,2024-07-22,CUST_0239,Sai Rao,Male,33,Lucknow,Uttar Pradesh,North,STR_106,Hyderabad Hitech Outlet,PRD_C06,Men Stretch Denim Jeans,Clothing,Casual Wear,Levi's,2,2999.0,0.0,5998.0,2200.0,3798.0,Credit Card,Delivered
ORD_01229,2024-07-19,2024-07-22,CUST_0262,Pooja Thakur,Female,58,Pune,Maharashtra,West,STR_110,Ahmedabad SG Highway Store,PRD_C10,UV Protected Polarized Sunglasses,Clothing,Accessories,Ray-Ban,1,3490.0,5.0,3315.5,1100.0,2215.5,Credit Card,Delivered
ORD_01230,2024-07-19,2024-07-24,CUST_0076,Kiran Chauhan,Male,36,New Delhi,Delhi,North,STR_110,Ahmedabad SG Highway Store,PRD_E01,MacBook Air M2,Electronics,Laptops,Apple,1,94900.0,5.0,90155.0,72000.0,18155.0,UPI,Delivered
ORD_01231,2024-07-20,2024-07-24,CUST_0243,Kavita Joshi,Female,59,New Delhi,Delhi,North,STR_103,Delhi Connaught Hub,PRD_C05,Women Designer Georgette Saree,Clothing,Ethnic Wear,FabIndia,1,4999.0,0.0,4999.0,1800.0,3199.0,UPI,Delivered
ORD_01231,2024-07-20,2024-07-24,CUST_0243,Kavita Joshi,Female,59,New Delhi,Delhi,North,STR_103,Delhi Connaught Hub,PRD_F01,Ergonomic Mesh Office Chair,Furniture,Chairs,Green Soul,1,12999.0,5.0,12349.05,7500.0,4849.05,UPI,Delivered
ORD_01232,2024-07-20,2024-07-21,CUST_0002,Diya Chatterjee,Female,55,Surat,Gujarat,West,STR_110,Ahmedabad SG Highway Store,PRD_E04,iPhone 15 Pro,Electronics,Smartphones,Apple,1,124900.0,10.0,112410.0,95000.0,17410.0,Debit Card,Delivered
ORD_01232,2024-07-20,2024-07-21,CUST_0002,Diya Chatterjee,Female,55,Surat,Gujarat,West,STR_110,Ahmedabad SG Highway Store,PRD_H05,Kent Grand Plus Water Purifier,Home & Kitchen,Appliances,Kent,2,14999.0,5.0,28498.1,19000.0,9498.1,Debit Card,Delivered
ORD_01233,2024-07-22,2024-07-27,CUST_0044,Kiran Deshmukh,Male,62,Pune,Maharashtra,West,STR_110,Ahmedabad SG Highway Store,PRD_E03,HP Pavilion Gaming Laptop,Electronics,Laptops,HP,1,62000.0,0.0,62000.0,48000.0,14000.0,UPI,Delivered
ORD_01233,2024-07-22,2024-07-27,CUST_0044,Kiran Deshmukh,Male,62,Pune,Maharashtra,West,STR_110,Ahmedabad SG Highway Store,PRD_E10,LG 27-inch 4K UHD Monitor,Electronics,Monitors,LG,1,28500.0,15.0,24225.0,21000.0,3225.0,UPI,Delivered
ORD_01234,2024-07-23,2024-07-26,CUST_0325,Nikhil Bose,Male,39,Surat,Gujarat,West,STR_110,Ahmedabad SG Highway Store,PRD_H01,Philips Air Fryer XL 4.1L,Home & Kitchen,Appliances,Philips,1,8495.0,20.0,6796.0,4800.0,1996.0,UPI,Returned
ORD_01235,2024-07-24,2024-07-28,CUST_0246,Deepak Pandey,Male,58,Jaipur,Rajasthan,North,STR_104,Noida Cyber Express,PRD_C10,UV Protected Polarized Sunglasses,Clothing,Accessories,Ray-Ban,1,3490.0,0.0,3490.0,1100.0,2390.0,Debit Card,Delivered
ORD_01236,2024-07-24,2024-07-26,CUST_0081,Anita Saxena,Female,35,Jaipur,Rajasthan,North,STR_109,Patna Central Outlet,PRD_E09,boAt Rockerz 450,Electronics,Audio,boAt,1,1499.0,0.0,1499.0,800.0,699.0,Debit Card,Delivered
ORD_01237,2024-09-04,2024-09-06,CUST_0248,Rajendra Kapoor,Male,25,Surat,Gujarat,West,STR_101,Mumbai Flagship Store,PRD_E04,iPhone 15 Pro,Electronics,Smartphones,Apple,1,124900.0,10.0,112410.0,95000.0,17410.0,Credit Card,Delivered
ORD_01238,2024-07-25,2024-07-29,CUST_0135,Aanya Patil,Female,54,Noida,Uttar Pradesh,North,STR_103,Delhi Connaught Hub,PRD_E03,HP Pavilion Gaming Laptop,Electronics,Laptops,HP,1,62000.0,15.0,52700.0,48000.0,4700.0,UPI,Delivered
ORD_01239,2024-07-25,2024-07-29,CUST_0296,Ayaan Bhat,Male,61,Patna,Bihar,East,STR_108,Kolkata Park Street Store,PRD_H02,Prestige 750W Mixer Grinder,Home & Kitchen,Appliances,Prestige,1,3890.0,5.0,3695.5,2100.0,1595.5,Debit Card,Delivered
ORD_01240,2024-07-25,2024-07-27,CUST_0293,Saanvi Yadav,Female,32,Gurugram,Haryana,North,STR_104,Noida Cyber Express,PRD_E05,Samsung Galaxy S24,Electronics,Smartphones,Samsung,1,79999.0,15.0,67999.15,60000.0,7999.15,UPI,Returned
ORD_01241,2024-07-25,2024-07-26,CUST_0229,Karthik Saxena,Male,27,Chennai,Tamil Nadu,South,STR_105,Bengaluru Indiranagar Mall,PRD_F09,6-Seater Solid Oak Dining Set,Furniture,Dining,Durian,1,38000.0,5.0,36100.0,24000.0,12100.0,Credit Card,Delivered
ORD_01242,2024-07-25,2024-07-30,CUST_0314,Sara Mehta,Female,30,New Delhi,Delhi,North,STR_108,Kolkata Park Street Store,PRD_H01,Philips Air Fryer XL 4.1L,Home & Kitchen,Appliances,Philips,1,8495.0,5.0,8070.25,4800.0,3270.25,Debit Card,Delivered
ORD_01243,2024-07-26,2024-07-28,CUST_0249,Naveen Mishra,Male,53,Chennai,Tamil Nadu,South,STR_105,Bengaluru Indiranagar Mall,PRD_C03,Men Tapered Chinos,Clothing,Casual Wear,Allen Solly,2,2199.0,10.0,3958.2,1600.0,2358.2,Credit Card,Delivered
ORD_01244,2024-07-27,2024-07-28,CUST_0141,Sunita Menon,Female,56,Lucknow,Uttar Pradesh,North,STR_109,Patna Central Outlet,PRD_E08,Apple AirPods Pro 2,Electronics,Audio,Apple,1,22900.0,0.0,22900.0,16000.0,6900.0,UPI,Delivered
ORD_01245,2024-07-28,2024-08-01,CUST_0002,Diya Chatterjee,Female,55,Surat,Gujarat,West,STR_101,Mumbai Flagship Store,PRD_E01,MacBook Air M2,Electronics,Laptops,Apple,1,94900.0,5.0,90155.0,72000.0,18155.0,UPI,Delivered
ORD_01246,2024-07-28,2024-07-29,CUST_0192,Rajendra Joshi,Male,38,Guwahati,Assam,East,STR_108,Kolkata Park Street Store,PRD_H02,Prestige 750W Mixer Grinder,Home & Kitchen,Appliances,Prestige,1,3890.0,0.0,3890.0,2100.0,1790.0,UPI,Delivered
ORD_01246,2024-07-28,2024-07-29,CUST_0192,Rajendra Joshi,Male,38,Guwahati,Assam,East,STR_108,Kolkata Park Street Store,PRD_E06,OnePlus 12,Electronics,Smartphones,OnePlus,1,64999.0,0.0,64999.0,45000.0,19999.0,UPI,Delivered
ORD_01247,2024-11-24,2024-11-29,CUST_0198,Aanya Bhat,Female,29,Pune,Maharashtra,West,STR_101,Mumbai Flagship Store,PRD_E04,iPhone 15 Pro,Electronics,Smartphones,Apple,1,124900.0,0.0,124900.0,95000.0,29900.0,UPI,Delivered
ORD_01248,2024-07-29,2024-08-02,CUST_0262,Pooja Thakur,Female,58,Pune,Maharashtra,West,STR_110,Ahmedabad SG Highway Store,PRD_C05,Women Designer Georgette Saree,Clothing,Ethnic Wear,FabIndia,2,4999.0,10.0,8998.2,3600.0,5398.2,Cash on Delivery (COD),Cancelled
ORD_01249,2024-07-29,2024-07-30,CUST_0155,Preeti Bhat,Female,49,Bhubaneswar,Odisha,East,STR_109,Patna Central Outlet,PRD_H02,Prestige 750W Mixer Grinder,Home & Kitchen,Appliances,Prestige,1,3890.0,0.0,3890.0,2100.0,1790.0,Credit Card,Delivered
ORD_01250,2024-07-29,2024-07-31,CUST_0002,Diya Chatterjee,Female,55,Surat,Gujarat,West,STR_109,Patna Central Outlet,PRD_F10,Geometric Minimalist Bookshelf,Furniture,Storage,Home Centre,1,7999.0,0.0,7999.0,4500.0,3499.0,Credit Card,Delivered
ORD_01250,2024-07-29,2024-07-31,CUST_0002,Diya Chatterjee,Female,55,Surat,Gujarat,West,STR_109,Patna Central Outlet,PRD_E02,Dell XPS 13,Electronics,Laptops,Dell,1,85000.0,0.0,85000.0,65000.0,20000.0,Credit Card,Delivered
ORD_01251,2024-07-31,2024-08-04,CUST_0070,Aarav Joshi,Male,61,New Delhi,Delhi,North,STR_104,Noida Cyber Express,PRD_H04,Dyson V8 Cordless Vacuum Cleaner,Home & Kitchen,Home Care,Dyson,1,29900.0,0.0,29900.0,19000.0,10900.0,UPI,Delivered
ORD_01252,2024-10-15,2024-10-20,CUST_0143,Meena Thakur,Female,51,Jaipur,Rajasthan,North,STR_104,Noida Cyber Express,PRD_H03,Instant Pot Duo 7-in-1 Cooker,Home & Kitchen,Appliances,Instant Pot,1,9999.0,5.0,9499.05,5500.0,3999.05,Credit Card,Delivered
ORD_01253,2024-09-29,2024-10-04,CUST_0193,Preeti Chatterjee,Female,58,Bengaluru,Karnataka,South,STR_105,Bengaluru Indiranagar Mall,PRD_F07,King Size Engineered Wood Bed,Furniture,Bedroom,Wakefit,1,24999.0,10.0,22499.1,15000.0,7499.1,Credit Card,Delivered
ORD_01254,2024-08-02,2024-08-07,CUST_0350,Muhammad Bose,Male,38,Hyderabad,Telangana,South,STR_105,Bengaluru Indiranagar Mall,PRD_F03,Motorized Standing Desk,Furniture,Desks,ErgoSmart,1,26999.0,0.0,26999.0,18000.0,8999.0,UPI,Delivered
ORD_01255,2024-08-02,2024-08-04,CUST_0192,Rajendra Joshi,Male,38,Guwahati,Assam,East,STR_108,Kolkata Park Street Store,PRD_F03,Motorized Standing Desk,Furniture,Desks,ErgoSmart,1,26999.0,5.0,25649.05,18000.0,7649.05,Credit Card,Delivered
ORD_01256,2024-08-02,2024-08-03,CUST_0325,Nikhil Bose,Male,39,Surat,Gujarat,West,STR_102,Pune Tech Hub Outlet,PRD_E06,OnePlus 12,Electronics,Smartphones,OnePlus,1,64999.0,0.0,64999.0,45000.0,19999.0,UPI,Delivered
ORD_01257,2024-08-03,2024-08-08,CUST_0262,Pooja Thakur,Female,58,Pune,Maharashtra,West,STR_103,Delhi Connaught Hub,PRD_C02,Premium Egyptian Cotton Shirt,Clothing,Formal Wear,Louis Philippe,1,2499.0,0.0,2499.0,950.0,1549.0,Cash on Delivery (COD),Delivered
ORD_01258,2024-08-03,2024-08-04,CUST_0155,Preeti Bhat,Female,49,Bhubaneswar,Odisha,East,STR_108,Kolkata Park Street Store,PRD_F02,Executive Leather Boss Chair,Furniture,Chairs,Featherlite,1,18500.0,20.0,14800.0,11000.0,3800.0,UPI,Delivered
ORD_01259,2024-08-04,2024-08-06,CUST_0179,Mohan Saxena,Male,50,Pune,Maharashtra,West,STR_110,Ahmedabad SG Highway Store,PRD_C02,Premium Egyptian Cotton Shirt,Clothing,Formal Wear,Louis Philippe,2,2499.0,15.0,4248.3,1900.0,2348.3,UPI,Delivered
ORD_01260,2024-08-04,2024-08-09,CUST_0147,Vijay Iyer,Male,38,Patna,Bihar,East,STR_108,Kolkata Park Street Store,PRD_F09,6-Seater Solid Oak Dining Set,Furniture,Dining,Durian,1,38000.0,0.0,38000.0,24000.0,14000.0,Credit Card,Delivered
ORD_01261,2024-08-04,2024-08-09,CUST_0323,Anika Pandey,Female,37,New Delhi,Delhi,North,STR_103,Delhi Connaught Hub,PRD_H03,Instant Pot Duo 7-in-1 Cooker,Home & Kitchen,Appliances,Instant Pot,1,9999.0,5.0,9499.05,5500.0,3999.05,UPI,Delivered
ORD_01262,2024-08-05,2024-08-10,CUST_0009,Swati Pandey,Female,50,Pune,Maharashtra,West,STR_107,Chennai Express Store,PRD_F03,Motorized Standing Desk,Furniture,Desks,ErgoSmart,2,26999.0,0.0,53998.0,36000.0,17998.0,Credit Card,Delivered
ORD_01262,2024-08-05,2024-08-10,CUST_0009,Swati Pandey,Female,50,Pune,Maharashtra,West,STR_107,Chennai Express Store,PRD_E10,LG 27-inch 4K UHD Monitor,Electronics,Monitors,LG,1,28500.0,0.0,28500.0,21000.0,7500.0,Credit Card,Delivered
ORD_01263,2024-08-05,2024-08-06,CUST_0092,Sara Patil,Female,32,Kochi,Kerala,South,STR_107,Chennai Express Store,PRD_E10,LG 27-inch 4K UHD Monitor,Electronics,Monitors,LG,1,28500.0,5.0,27075.0,21000.0,6075.0,UPI,Delivered
ORD_01263,2024-08-05,2024-08-06,CUST_0092,Sara Patil,Female,32,Kochi,Kerala,South,STR_107,Chennai Express Store,PRD_E14,SanDisk 1TB Portable SSD,Electronics,Storage,SanDisk,2,8499.0,0.0,16998.0,12000.0,4998.0,UPI,Delivered
ORD_01264,2024-08-05,2024-08-09,CUST_0002,Diya Chatterjee,Female,55,Surat,Gujarat,West,STR_101,Mumbai Flagship Store,PRD_C09,Athletic Dry-Fit Tracksuit,Clothing,Activewear,Under Armour,3,3299.0,0.0,9897.0,3600.0,6297.0,Credit Card,Delivered
ORD_01264,2024-08-05,2024-08-09,CUST_0002,Diya Chatterjee,Female,55,Surat,Gujarat,West,STR_101,Mumbai Flagship Store,PRD_E06,OnePlus 12,Electronics,Smartphones,OnePlus,1,64999.0,0.0,64999.0,45000.0,19999.0,Credit Card,Delivered
ORD_01265,2024-08-05,2024-08-10,CUST_0151,Atharva Saxena,Male,39,Gurugram,Haryana,North,STR_102,Pune Tech Hub Outlet,PRD_E03,HP Pavilion Gaming Laptop,Electronics,Laptops,HP,1,62000.0,5.0,58900.0,48000.0,10900.0,Cash on Delivery (COD),Delivered
ORD_01266,2024-08-06,2024-08-08,CUST_0262,Pooja Thakur,Female,58,Pune,Maharashtra,West,STR_101,Mumbai Flagship Store,PRD_H04,Dyson V8 Cordless Vacuum Cleaner,Home & Kitchen,Home Care,Dyson,1,29900.0,0.0,29900.0,19000.0,10900.0,UPI,Delivered
ORD_01267,2024-08-06,2024-08-09,CUST_0306,Rajesh Das,Male,61,Pune,Maharashtra,West,STR_101,Mumbai Flagship Store,PRD_E06,OnePlus 12,Electronics,Smartphones,OnePlus,1,64999.0,0.0,64999.0,45000.0,19999.0,Debit Card,Delivered
ORD_01267,2024-08-06,2024-08-09,CUST_0306,Rajesh Das,Male,61,Pune,Maharashtra,West,STR_101,Mumbai Flagship Store,PRD_F04,Solid Teak Wood Study Table,Furniture,Desks,Urban Ladder,1,14500.0,0.0,14500.0,9000.0,5500.0,Debit Card,Delivered
ORD_01268,2024-08-06,2024-08-11,CUST_0184,Rashmi Thakur,Female,39,New Delhi,Delhi,North,STR_103,Delhi Connaught Hub,PRD_E10,LG 27-inch 4K UHD Monitor,Electronics,Monitors,LG,1,28500.0,10.0,25650.0,21000.0,4650.0,UPI,Delivered
ORD_01269,2024-08-07,2024-08-12,CUST_0044,Kiran Deshmukh,Male,62,Pune,Maharashtra,West,STR_101,Mumbai Flagship Store,PRD_E01,MacBook Air M2,Electronics,Laptops,Apple,1,94900.0,10.0,85410.0,72000.0,13410.0,Cash on Delivery (COD),Cancelled
ORD_01269,2024-08-07,2024-08-12,CUST_0044,Kiran Deshmukh,Male,62,Pune,Maharashtra,West,STR_101,Mumbai Flagship Store,PRD_C06,Men Stretch Denim Jeans,Clothing,Casual Wear,Levi's,2,2999.0,5.0,5698.1,2200.0,3498.1,Cash on Delivery (COD),Cancelled
ORD_01270,2024-08-07,2024-08-12,CUST_0293,Saanvi Yadav,Female,32,Gurugram,Haryana,North,STR_103,Delhi Connaught Hub,PRD_H05,Kent Grand Plus Water Purifier,Home & Kitchen,Appliances,Kent,2,14999.0,0.0,29998.0,19000.0,10998.0,Credit Card,Delivered
ORD_01270,2024-08-07,2024-08-12,CUST_0293,Saanvi Yadav,Female,32,Gurugram,Haryana,North,STR_103,Delhi Connaught Hub,PRD_C09,Athletic Dry-Fit Tracksuit,Clothing,Activewear,Under Armour,1,3299.0,15.0,2804.15,1200.0,1604.15,Credit Card,Delivered
ORD_01271,2024-08-09,2024-08-14,CUST_0071,Aadhya Chatterjee,Female,56,Patna,Bihar,East,STR_109,Patna Central Outlet,PRD_C10,UV Protected Polarized Sunglasses,Clothing,Accessories,Ray-Ban,1,3490.0,0.0,3490.0,1100.0,2390.0,UPI,Delivered
ORD_01271,2024-08-09,2024-08-14,CUST_0071,Aadhya Chatterjee,Female,56,Patna,Bihar,East,STR_109,Patna Central Outlet,PRD_E06,OnePlus 12,Electronics,Smartphones,OnePlus,1,64999.0,5.0,61749.05,45000.0,16749.05,UPI,Delivered
ORD_01272,2024-08-09,2024-08-12,CUST_0088,Nikhil Pillai,Male,44,Gurugram,Haryana,North,STR_103,Delhi Connaught Hub,PRD_E12,Logitech Mechanical Keyboard,Electronics,Accessories,Logitech,1,6495.0,0.0,6495.0,4500.0,1995.0,Credit Card,Delivered
ORD_01273,2024-08-10,2024-08-15,CUST_0070,Aarav Joshi,Male,61,New Delhi,Delhi,North,STR_104,Noida Cyber Express,PRD_E13,TP-Link AX3000 Wi-Fi 6 Router,Electronics,Networking,TP-Link,1,4999.0,20.0,3999.2,3200.0,799.2,Debit Card,Delivered
ORD_01274,2024-08-10,2024-08-15,CUST_0135,Aanya Patil,Female,54,Noida,Uttar Pradesh,North,STR_105,Bengaluru Indiranagar Mall,PRD_F04,Solid Teak Wood Study Table,Furniture,Desks,Urban Ladder,1,14500.0,5.0,13775.0,9000.0,4775.0,Cash on Delivery (COD),Delivered
ORD_01275,2024-09-17,2024-09-21,CUST_0248,Rajendra Kapoor,Male,25,Surat,Gujarat,West,STR_102,Pune Tech Hub Outlet,PRD_C08,Puma UltraRide Sneakers,Clothing,Footwear,Puma,2,4999.0,0.0,9998.0,4400.0,5598.0,Debit Card,Delivered
ORD_01276,2024-08-11,2024-08-16,CUST_0204,Sameer Verma,Male,36,Ahmedabad,Gujarat,West,STR_107,Chennai Express Store,PRD_C05,Women Designer Georgette Saree,Clothing,Ethnic Wear,FabIndia,3,4999.0,20.0,11997.6,5400.0,6597.6,UPI,Delivered
ORD_01277,2024-09-24,2024-09-26,CUST_0248,Rajendra Kapoor,Male,25,Surat,Gujarat,West,STR_110,Ahmedabad SG Highway Store,PRD_F03,Motorized Standing Desk,Furniture,Desks,ErgoSmart,1,26999.0,5.0,25649.05,18000.0,7649.05,UPI,Delivered
ORD_01278,2024-08-12,2024-08-16,CUST_0141,Sunita Menon,Female,56,Lucknow,Uttar Pradesh,North,STR_103,Delhi Connaught Hub,PRD_F01,Ergonomic Mesh Office Chair,Furniture,Chairs,Green Soul,1,12999.0,5.0,12349.05,7500.0,4849.05,UPI,Delivered
ORD_01279,2024-08-13,2024-08-15,CUST_0151,Atharva Saxena,Male,39,Gurugram,Haryana,North,STR_104,Noida Cyber Express,PRD_F07,King Size Engineered Wood Bed,Furniture,Bedroom,Wakefit,1,24999.0,0.0,24999.0,15000.0,9999.0,UPI,Returned
ORD_01279,2024-08-13,2024-08-15,CUST_0151,Atharva Saxena,Male,39,Gurugram,Haryana,North,STR_104,Noida Cyber Express,PRD_F04,Solid Teak Wood Study Table,Furniture,Desks,Urban Ladder,2,14500.0,0.0,29000.0,18000.0,11000.0,UPI,Returned
ORD_01279,2024-08-13,2024-08-15,CUST_0151,Atharva Saxena,Male,39,Gurugram,Haryana,North,STR_104,Noida Cyber Express,PRD_F02,Executive Leather Boss Chair,Furniture,Chairs,Featherlite,1,18500.0,0.0,18500.0,11000.0,7500.0,UPI,Returned
ORD_01280,2024-08-13,2024-08-17,CUST_0035,Swati Kapoor,Female,34,Kolkata,West Bengal,East,STR_104,Noida Cyber Express,PRD_C05,Women Designer Georgette Saree,Clothing,Ethnic Wear,FabIndia,4,4999.0,10.0,17996.4,7200.0,10796.4,UPI,Delivered
ORD_01281,2024-08-14,2024-08-19,CUST_0222,Pooja Patel,Female,41,Bengaluru,Karnataka,South,STR_106,Hyderabad Hitech Outlet,PRD_E02,Dell XPS 13,Electronics,Laptops,Dell,1,85000.0,0.0,85000.0,65000.0,20000.0,Cash on Delivery (COD),Delivered
ORD_01282,2024-08-14,2024-08-16,CUST_0229,Karthik Saxena,Male,27,Chennai,Tamil Nadu,South,STR_105,Bengaluru Indiranagar Mall,PRD_E09,boAt Rockerz 450,Electronics,Audio,boAt,1,1499.0,15.0,1274.15,800.0,474.15,UPI,Delivered
ORD_01282,2024-08-14,2024-08-16,CUST_0229,Karthik Saxena,Male,27,Chennai,Tamil Nadu,South,STR_105,Bengaluru Indiranagar Mall,PRD_F01,Ergonomic Mesh Office Chair,Furniture,Chairs,Green Soul,1,12999.0,15.0,11049.15,7500.0,3549.15,UPI,Delivered
ORD_01283,2024-08-15,2024-08-16,CUST_0276,Dinesh Patil,Male,34,Lucknow,Uttar Pradesh,North,STR_104,Noida Cyber Express,PRD_E03,HP Pavilion Gaming Laptop,Electronics,Laptops,HP,1,62000.0,10.0,55800.0,48000.0,7800.0,Credit Card,Delivered
ORD_01283,2024-08-15,2024-08-16,CUST_0276,Dinesh Patil,Male,34,Lucknow,Uttar Pradesh,North,STR_104,Noida Cyber Express,PRD_C04,Women Silk Embroidered Kurta Set,Clothing,Ethnic Wear,Biba,1,3899.0,20.0,3119.2,1400.0,1719.2,Credit Card,Delivered
ORD_01284,2024-08-15,2024-08-20,CUST_0250,Naveen Kapoor,Male,60,Jaipur,Rajasthan,North,STR_103,Delhi Connaught Hub,PRD_E03,HP Pavilion Gaming Laptop,Electronics,Laptops,HP,1,62000.0,0.0,62000.0,48000.0,14000.0,Credit Card,Delivered
ORD_01285,2024-08-16,2024-08-17,CUST_0070,Aarav Joshi,Male,61,New Delhi,Delhi,North,STR_109,Patna Central Outlet,PRD_E08,Apple AirPods Pro 2,Electronics,Audio,Apple,1,22900.0,10.0,20610.0,16000.0,4610.0,UPI,Returned
ORD_01286,2024-08-17,2024-08-22,CUST_0280,Deepa Reddy,Female,37,New Delhi,Delhi,North,STR_103,Delhi Connaught Hub,PRD_C06,Men Stretch Denim Jeans,Clothing,Casual Wear,Levi's,2,2999.0,10.0,5398.2,2200.0,3198.2,UPI,Delivered
ORD_01287,2024-08-17,2024-08-19,CUST_0227,Arun Patel,Male,21,Kochi,Kerala,South,STR_103,Delhi Connaught Hub,PRD_F03,Motorized Standing Desk,Furniture,Desks,ErgoSmart,1,26999.0,15.0,22949.15,18000.0,4949.15,Credit Card,Delivered
ORD_01288,2024-08-17,2024-08-20,CUST_0246,Deepak Pandey,Male,58,Jaipur,Rajasthan,North,STR_104,Noida Cyber Express,PRD_E07,Sony WH-1000XM5 Headphones,Electronics,Audio,Sony,1,28990.0,20.0,23192.0,20000.0,3192.0,UPI,Delivered
ORD_01289,2024-08-18,2024-08-19,CUST_0262,Pooja Thakur,Female,58,Pune,Maharashtra,West,STR_106,Hyderabad Hitech Outlet,PRD_F07,King Size Engineered Wood Bed,Furniture,Bedroom,Wakefit,1,24999.0,15.0,21249.15,15000.0,6249.15,UPI,Delivered
ORD_01290,2024-08-18,2024-08-22,CUST_0276,Dinesh Patil,Male,34,Lucknow,Uttar Pradesh,North,STR_103,Delhi Connaught Hub,PRD_E14,SanDisk 1TB Portable SSD,Electronics,Storage,SanDisk,1,8499.0,0.0,8499.0,6000.0,2499.0,Net Banking,Delivered
ORD_01291,2024-08-18,2024-08-22,CUST_0012,Kusum Patel,Female,27,Jaipur,Rajasthan,North,STR_109,Patna Central Outlet,PRD_E04,iPhone 15 Pro,Electronics,Smartphones,Apple,1,124900.0,0.0,124900.0,95000.0,29900.0,Credit Card,Delivered
ORD_01292,2024-08-19,2024-08-20,CUST_0232,Rudra Gupta,Male,23,Pune,Maharashtra,West,STR_109,Patna Central Outlet,PRD_H01,Philips Air Fryer XL 4.1L,Home & Kitchen,Appliances,Philips,1,8495.0,0.0,8495.0,4800.0,3695.0,Cash on Delivery (COD),Delivered
ORD_01292,2024-08-19,2024-08-20,CUST_0232,Rudra Gupta,Male,23,Pune,Maharashtra,West,STR_109,Patna Central Outlet,PRD_H02,Prestige 750W Mixer Grinder,Home & Kitchen,Appliances,Prestige,1,3890.0,10.0,3501.0,2100.0,1401.0,Cash on Delivery (COD),Delivered
ORD_01292,2024-08-19,2024-08-20,CUST_0232,Rudra Gupta,Male,23,Pune,Maharashtra,West,STR_109,Patna Central Outlet,PRD_E04,iPhone 15 Pro,Electronics,Smartphones,Apple,1,124900.0,10.0,112410.0,95000.0,17410.0,Cash on Delivery (COD),Delivered
ORD_01293,2024-08-19,2024-08-22,CUST_0012,Kusum Patel,Female,27,Jaipur,Rajasthan,North,STR_103,Delhi Connaught Hub,PRD_E10,LG 27-inch 4K UHD Monitor,Electronics,Monitors,LG,1,28500.0,0.0,28500.0,21000.0,7500.0,UPI,Delivered
ORD_01293,2024-08-19,2024-08-22,CUST_0012,Kusum Patel,Female,27,Jaipur,Rajasthan,North,STR_103,Delhi Connaught Hub,PRD_H03,Instant Pot Duo 7-in-1 Cooker,Home & Kitchen,Appliances,Instant Pot,1,9999.0,0.0,9999.0,5500.0,4499.0,UPI,Delivered
ORD_01293,2024-08-19,2024-08-22,CUST_0012,Kusum Patel,Female,27,Jaipur,Rajasthan,North,STR_103,Delhi Connaught Hub,PRD_F01,Ergonomic Mesh Office Chair,Furniture,Chairs,Green Soul,2,12999.0,15.0,22098.3,15000.0,7098.3,UPI,Delivered
ORD_01294,2024-08-20,2024-08-22,CUST_0092,Sara Patil,Female,32,Kochi,Kerala,South,STR_106,Hyderabad Hitech Outlet,PRD_F09,6-Seater Solid Oak Dining Set,Furniture,Dining,Durian,1,38000.0,5.0,36100.0,24000.0,12100.0,Credit Card,Delivered
ORD_01295,2024-08-20,2024-08-23,CUST_0315,Kusum Bose,Female,53,Surat,Gujarat,West,STR_101,Mumbai Flagship Store,PRD_E10,LG 27-inch 4K UHD Monitor,Electronics,Monitors,LG,1,28500.0,20.0,22800.0,21000.0,1800.0,UPI,Delivered
ORD_01295,2024-08-20,2024-08-23,CUST_0315,Kusum Bose,Female,53,Surat,Gujarat,West,STR_101,Mumbai Flagship Store,PRD_E14,SanDisk 1TB Portable SSD,Electronics,Storage,SanDisk,1,8499.0,0.0,8499.0,6000.0,2499.0,UPI,Delivered
ORD_01296,2024-08-20,2024-08-23,CUST_0116,Rashmi Patil,Female,22,Bhubaneswar,Odisha,East,STR_104,Noida Cyber Express,PRD_H02,Prestige 750W Mixer Grinder,Home & Kitchen,Appliances,Prestige,2,3890.0,15.0,6613.0,4200.0,2413.0,UPI,Delivered
ORD_01297,2024-08-20,2024-08-24,CUST_0257,Neha Patil,Female,35,Patna,Bihar,East,STR_108,Kolkata Park Street Store,PRD_C01,Men Slim Fit Formal Blazer,Clothing,Formal Wear,Raymond,3,5999.0,0.0,17997.0,7800.0,10197.0,Credit Card,Delivered
ORD_01297,2024-08-20,2024-08-24,CUST_0257,Neha Patil,Female,35,Patna,Bihar,East,STR_108,Kolkata Park Street Store,PRD_C04,Women Silk Embroidered Kurta Set,Clothing,Ethnic Wear,Biba,1,3899.0,10.0,3509.1,1400.0,2109.1,Credit Card,Delivered
ORD_01297,2024-08-20,2024-08-24,CUST_0257,Neha Patil,Female,35,Patna,Bihar,East,STR_108,Kolkata Park Street Store,PRD_C06,Men Stretch Denim Jeans,Clothing,Casual Wear,Levi's,2,2999.0,0.0,5998.0,2200.0,3798.0,Credit Card,Delivered
ORD_01298,2024-08-21,2024-08-26,CUST_0243,Kavita Joshi,Female,59,New Delhi,Delhi,North,STR_105,Bengaluru Indiranagar Mall,PRD_C05,Women Designer Georgette Saree,Clothing,Ethnic Wear,FabIndia,1,4999.0,0.0,4999.0,1800.0,3199.0,Debit Card,Delivered
ORD_01298,2024-08-21,2024-08-26,CUST_0243,Kavita Joshi,Female,59,New Delhi,Delhi,North,STR_105,Bengaluru Indiranagar Mall,PRD_C06,Men Stretch Denim Jeans,Clothing,Casual Wear,Levi's,2,2999.0,0.0,5998.0,2200.0,3798.0,Debit Card,Delivered
ORD_01298,2024-08-21,2024-08-26,CUST_0243,Kavita Joshi,Female,59,New Delhi,Delhi,North,STR_105,Bengaluru Indiranagar Mall,PRD_F04,Solid Teak Wood Study Table,Furniture,Desks,Urban Ladder,1,14500.0,5.0,13775.0,9000.0,4775.0,Debit Card,Delivered
ORD_01299,2024-08-21,2024-08-26,CUST_0122,Sunita Mishra,Female,37,Kolkata,West Bengal,East,STR_109,Patna Central Outlet,PRD_H01,Philips Air Fryer XL 4.1L,Home & Kitchen,Appliances,Philips,1,8495.0,20.0,6796.0,4800.0,1996.0,Credit Card,Cancelled
ORD_01299,2024-08-21,2024-08-26,CUST_0122,Sunita Mishra,Female,37,Kolkata,West Bengal,East,STR_109,Patna Central Outlet,PRD_F05,3-Seater Velvet Fabric Sofa,Furniture,Living Room,Wakefit,2,34999.0,15.0,59498.3,44000.0,15498.3,Credit Card,Cancelled
ORD_01300,2024-08-21,2024-08-24,CUST_0227,Arun Patel,Male,21,Kochi,Kerala,South,STR_108,Kolkata Park Street Store,PRD_E03,HP Pavilion Gaming Laptop,Electronics,Laptops,HP,1,62000.0,0.0,62000.0,48000.0,14000.0,Debit Card,Delivered
ORD_01301,2024-08-21,2024-08-24,CUST_0070,Aarav Joshi,Male,61,New Delhi,Delhi,North,STR_104,Noida Cyber Express,PRD_F01,Ergonomic Mesh Office Chair,Furniture,Chairs,Green Soul,2,12999.0,15.0,22098.3,15000.0,7098.3,Credit Card,Cancelled
ORD_01302,2024-08-23,2024-08-25,CUST_0158,Aanya Gupta,Female,26,Bengaluru,Karnataka,South,STR_106,Hyderabad Hitech Outlet,PRD_H01,Philips Air Fryer XL 4.1L,Home & Kitchen,Appliances,Philips,2,8495.0,10.0,15291.0,9600.0,5691.0,Credit Card,Delivered
ORD_01303,2024-08-23,2024-08-26,CUST_0329,Ravi Mehta,Male,26,Kochi,Kerala,South,STR_105,Bengaluru Indiranagar Mall,PRD_E03,HP Pavilion Gaming Laptop,Electronics,Laptops,HP,1,62000.0,0.0,62000.0,48000.0,14000.0,Credit Card,Delivered
ORD_01303,2024-08-23,2024-08-26,CUST_0329,Ravi Mehta,Male,26,Kochi,Kerala,South,STR_105,Bengaluru Indiranagar Mall,PRD_C01,Men Slim Fit Formal Blazer,Clothing,Formal Wear,Raymond,1,5999.0,0.0,5999.0,2600.0,3399.0,Credit Card,Delivered
ORD_01304,2024-08-24,2024-08-26,CUST_0251,Nikhil Nair,Male,62,Patna,Bihar,East,STR_108,Kolkata Park Street Store,PRD_C08,Puma UltraRide Sneakers,Clothing,Footwear,Puma,1,4999.0,0.0,4999.0,2200.0,2799.0,UPI,Delivered
ORD_01305,2024-08-24,2024-08-25,CUST_0063,Pooja Pillai,Female,25,Chennai,Tamil Nadu,South,STR_106,Hyderabad Hitech Outlet,PRD_F01,Ergonomic Mesh Office Chair,Furniture,Chairs,Green Soul,1,12999.0,0.0,12999.0,7500.0,5499.0,Cash on Delivery (COD),Delivered
ORD_01306,2024-10-28,2024-11-02,CUST_0193,Preeti Chatterjee,Female,58,Bengaluru,Karnataka,South,STR_105,Bengaluru Indiranagar Mall,PRD_C06,Men Stretch Denim Jeans,Clothing,Casual Wear,Levi's,1,2999.0,10.0,2699.1,1100.0,1599.1,UPI,Delivered
ORD_01307,2024-08-25,2024-08-30,CUST_0157,Ayaan Rao,Male,25,Bhubaneswar,Odisha,East,STR_101,Mumbai Flagship Store,PRD_E03,HP Pavilion Gaming Laptop,Electronics,Laptops,HP,1,62000.0,0.0,62000.0,48000.0,14000.0,UPI,Returned
ORD_01307,2024-08-25,2024-08-30,CUST_0157,Ayaan Rao,Male,25,Bhubaneswar,Odisha,East,STR_101,Mumbai Flagship Store,PRD_E09,boAt Rockerz 450,Electronics,Audio,boAt,1,1499.0,10.0,1349.1,800.0,549.1,UPI,Returned
ORD_01308,2024-08-26,2024-08-30,CUST_0138,Naveen Mehta,Male,57,Patna,Bihar,East,STR_109,Patna Central Outlet,PRD_C02,Premium Egyptian Cotton Shirt,Clothing,Formal Wear,Louis Philippe,1,2499.0,0.0,2499.0,950.0,1549.0,UPI,Delivered
ORD_01308,2024-08-26,2024-08-30,CUST_0138,Naveen Mehta,Male,57,Patna,Bihar,East,STR_109,Patna Central Outlet,PRD_F08,4-Door Wardrobe with Mirror,Furniture,Bedroom,Spacewood,2,25500.0,10.0,45900.0,32000.0,13900.0,UPI,Delivered
ORD_01309,2024-08-26,2024-08-29,CUST_0048,Dinesh Pandey,Male,24,Surat,Gujarat,West,STR_101,Mumbai Flagship Store,PRD_F02,Executive Leather Boss Chair,Furniture,Chairs,Featherlite,1,18500.0,10.0,16650.0,11000.0,5650.0,UPI,Delivered
ORD_01309,2024-08-26,2024-08-29,CUST_0048,Dinesh Pandey,Male,24,Surat,Gujarat,West,STR_101,Mumbai Flagship Store,PRD_E06,OnePlus 12,Electronics,Smartphones,OnePlus,1,64999.0,10.0,58499.1,45000.0,13499.1,UPI,Delivered
ORD_01310,2024-08-27,2024-08-28,CUST_0306,Rajesh Das,Male,61,Pune,Maharashtra,West,STR_109,Patna Central Outlet,PRD_H03,Instant Pot Duo 7-in-1 Cooker,Home & Kitchen,Appliances,Instant Pot,1,9999.0,10.0,8999.1,5500.0,3499.1,Credit Card,Delivered
ORD_01310,2024-08-27,2024-08-28,CUST_0306,Rajesh Das,Male,61,Pune,Maharashtra,West,STR_109,Patna Central Outlet,PRD_E13,TP-Link AX3000 Wi-Fi 6 Router,Electronics,Networking,TP-Link,2,4999.0,0.0,9998.0,6400.0,3598.0,Credit Card,Delivered
ORD_01311,2024-08-28,2024-08-30,CUST_0140,Meena Reddy,Female,37,Chennai,Tamil Nadu,South,STR_106,Hyderabad Hitech Outlet,PRD_E11,Logitech MX Master 3S Mouse,Electronics,Accessories,Logitech,1,8995.0,0.0,8995.0,6200.0,2795.0,Debit Card,Delivered
ORD_01311,2024-08-28,2024-08-30,CUST_0140,Meena Reddy,Female,37,Chennai,Tamil Nadu,South,STR_106,Hyderabad Hitech Outlet,PRD_F05,3-Seater Velvet Fabric Sofa,Furniture,Living Room,Wakefit,1,34999.0,5.0,33249.05,22000.0,11249.05,Debit Card,Delivered
ORD_01312,2024-08-29,2024-09-02,CUST_0012,Kusum Patel,Female,27,Jaipur,Rajasthan,North,STR_104,Noida Cyber Express,PRD_F08,4-Door Wardrobe with Mirror,Furniture,Bedroom,Spacewood,1,25500.0,20.0,20400.0,16000.0,4400.0,Debit Card,Delivered
ORD_01312,2024-08-29,2024-09-02,CUST_0012,Kusum Patel,Female,27,Jaipur,Rajasthan,North,STR_104,Noida Cyber Express,PRD_F03,Motorized Standing Desk,Furniture,Desks,ErgoSmart,1,26999.0,0.0,26999.0,18000.0,8999.0,Debit Card,Delivered
ORD_01313,2024-08-29,2024-09-03,CUST_0081,Anita Saxena,Female,35,Jaipur,Rajasthan,North,STR_103,Delhi Connaught Hub,PRD_E05,Samsung Galaxy S24,Electronics,Smartphones,Samsung,1,79999.0,5.0,75999.05,60000.0,15999.05,Debit Card,Delivered
ORD_01314,2024-08-30,2024-08-31,CUST_0061,Krishna Sharma,Male,60,Patna,Bihar,East,STR_108,Kolkata Park Street Store,PRD_H02,Prestige 750W Mixer Grinder,Home & Kitchen,Appliances,Prestige,2,3890.0,0.0,7780.0,4200.0,3580.0,Credit Card,Delivered
ORD_01315,2024-08-31,2024-09-03,CUST_0262,Pooja Thakur,Female,58,Pune,Maharashtra,West,STR_105,Bengaluru Indiranagar Mall,PRD_F07,King Size Engineered Wood Bed,Furniture,Bedroom,Wakefit,1,24999.0,20.0,19999.2,15000.0,4999.2,UPI,Delivered
ORD_01316,2024-08-31,2024-09-01,CUST_0008,Shaurya Rao,Male,43,Surat,Gujarat,West,STR_104,Noida Cyber Express,PRD_C04,Women Silk Embroidered Kurta Set,Clothing,Ethnic Wear,Biba,2,3899.0,0.0,7798.0,2800.0,4998.0,Credit Card,Delivered
ORD_01316,2024-08-31,2024-09-01,CUST_0008,Shaurya Rao,Male,43,Surat,Gujarat,West,STR_104,Noida Cyber Express,PRD_C02,Premium Egyptian Cotton Shirt,Clothing,Formal Wear,Louis Philippe,2,2499.0,5.0,4748.1,1900.0,2848.1,Credit Card,Delivered
ORD_01317,2024-08-31,2024-09-03,CUST_0322,Karthik Kapoor,Male,47,Guwahati,Assam,East,STR_110,Ahmedabad SG Highway Store,PRD_C09,Athletic Dry-Fit Tracksuit,Clothing,Activewear,Under Armour,2,3299.0,20.0,5278.4,2400.0,2878.4,UPI,Delivered
ORD_01318,2024-08-31,2024-09-03,CUST_0227,Arun Patel,Male,21,Kochi,Kerala,South,STR_105,Bengaluru Indiranagar Mall,PRD_C06,Men Stretch Denim Jeans,Clothing,Casual Wear,Levi's,2,2999.0,15.0,5098.3,2200.0,2898.3,Credit Card,Delivered
ORD_01319,2024-09-01,2024-09-03,CUST_0051,Ananya Rao,Female,45,Mumbai,Maharashtra,West,STR_101,Mumbai Flagship Store,PRD_E13,TP-Link AX3000 Wi-Fi 6 Router,Electronics,Networking,TP-Link,1,4999.0,10.0,4499.1,3200.0,1299.1,UPI,Delivered
ORD_01320,2024-09-01,2024-09-04,CUST_0297,Sunita Malhotra,Female,43,Pune,Maharashtra,West,STR_102,Pune Tech Hub Outlet,PRD_E14,SanDisk 1TB Portable SSD,Electronics,Storage,SanDisk,1,8499.0,5.0,8074.05,6000.0,2074.05,Net Banking,Delivered
ORD_01321,2024-09-02,2024-09-05,CUST_0274,Muhammad Gupta,Male,60,Noida,Uttar Pradesh,North,STR_103,Delhi Connaught Hub,PRD_C02,Premium Egyptian Cotton Shirt,Clothing,Formal Wear,Louis Philippe,1,2499.0,5.0,2374.05,950.0,1424.05,UPI,Delivered
ORD_01322,2024-09-02,2024-09-03,CUST_0236,Meena Chauhan,Female,38,Kolkata,West Bengal,East,STR_108,Kolkata Park Street Store,PRD_E01,MacBook Air M2,Electronics,Laptops,Apple,1,94900.0,10.0,85410.0,72000.0,13410.0,UPI,Delivered
ORD_01323,2024-09-03,2024-09-08,CUST_0184,Rashmi Thakur,Female,39,New Delhi,Delhi,North,STR_105,Bengaluru Indiranagar Mall,PRD_H02,Prestige 750W Mixer Grinder,Home & Kitchen,Appliances,Prestige,1,3890.0,0.0,3890.0,2100.0,1790.0,UPI,Cancelled
ORD_01324,2024-09-03,2024-09-08,CUST_0177,Suresh Patil,Male,41,Hyderabad,Telangana,South,STR_107,Chennai Express Store,PRD_H01,Philips Air Fryer XL 4.1L,Home & Kitchen,Appliances,Philips,1,8495.0,10.0,7645.5,4800.0,2845.5,Debit Card,Delivered
ORD_01324,2024-09-03,2024-09-08,CUST_0177,Suresh Patil,Male,41,Hyderabad,Telangana,South,STR_107,Chennai Express Store,PRD_F08,4-Door Wardrobe with Mirror,Furniture,Bedroom,Spacewood,2,25500.0,0.0,51000.0,32000.0,19000.0,Debit Card,Delivered
ORD_01325,2024-09-03,2024-09-06,CUST_0127,Vikrant Banerjee,Male,44,Lucknow,Uttar Pradesh,North,STR_103,Delhi Connaught Hub,PRD_F07,King Size Engineered Wood Bed,Furniture,Bedroom,Wakefit,1,24999.0,0.0,24999.0,15000.0,9999.0,UPI,Delivered
ORD_01326,2024-09-03,2024-09-06,CUST_0070,Aarav Joshi,Male,61,New Delhi,Delhi,North,STR_103,Delhi Connaught Hub,PRD_H05,Kent Grand Plus Water Purifier,Home & Kitchen,Appliances,Kent,1,14999.0,5.0,14249.05,9500.0,4749.05,Net Banking,Delivered
ORD_01327,2024-09-04,2024-09-05,CUST_0220,Diya Saini,Female,61,Surat,Gujarat,West,STR_110,Ahmedabad SG Highway Store,PRD_E05,Samsung Galaxy S24,Electronics,Smartphones,Samsung,1,79999.0,0.0,79999.0,60000.0,19999.0,UPI,Delivered
ORD_01328,2024-09-04,2024-09-07,CUST_0280,Deepa Reddy,Female,37,New Delhi,Delhi,North,STR_103,Delhi Connaught Hub,PRD_E03,HP Pavilion Gaming Laptop,Electronics,Laptops,HP,1,62000.0,0.0,62000.0,48000.0,14000.0,UPI,Delivered
ORD_01329,2024-09-04,2024-09-06,CUST_0035,Swati Kapoor,Female,34,Kolkata,West Bengal,East,STR_109,Patna Central Outlet,PRD_E04,iPhone 15 Pro,Electronics,Smartphones,Apple,1,124900.0,5.0,118655.0,95000.0,23655.0,Credit Card,Delivered
ORD_01330,2024-09-04,2024-09-05,CUST_0325,Nikhil Bose,Male,39,Surat,Gujarat,West,STR_110,Ahmedabad SG Highway Store,PRD_C06,Men Stretch Denim Jeans,Clothing,Casual Wear,Levi's,2,2999.0,15.0,5098.3,2200.0,2898.3,Credit Card,Delivered
ORD_01331,2024-09-04,2024-09-05,CUST_0306,Rajesh Das,Male,61,Pune,Maharashtra,West,STR_110,Ahmedabad SG Highway Store,PRD_C07,Nike Air Zoom Pegasus Running Shoes,Clothing,Footwear,Nike,2,8995.0,5.0,17090.5,8400.0,8690.5,UPI,Delivered
ORD_01332,2024-09-05,2024-09-10,CUST_0070,Aarav Joshi,Male,61,New Delhi,Delhi,North,STR_104,Noida Cyber Express,PRD_E13,TP-Link AX3000 Wi-Fi 6 Router,Electronics,Networking,TP-Link,1,4999.0,10.0,4499.1,3200.0,1299.1,UPI,Delivered
ORD_01333,2024-09-05,2024-09-09,CUST_0127,Vikrant Banerjee,Male,44,Lucknow,Uttar Pradesh,North,STR_104,Noida Cyber Express,PRD_C05,Women Designer Georgette Saree,Clothing,Ethnic Wear,FabIndia,2,4999.0,0.0,9998.0,3600.0,6398.0,Credit Card,Delivered
ORD_01334,2024-09-06,2024-09-09,CUST_0097,Shaurya Saxena,Male,40,Jaipur,Rajasthan,North,STR_103,Delhi Connaught Hub,PRD_E07,Sony WH-1000XM5 Headphones,Electronics,Audio,Sony,1,28990.0,5.0,27540.5,20000.0,7540.5,Net Banking,Delivered
ORD_01334,2024-09-06,2024-09-09,CUST_0097,Shaurya Saxena,Male,40,Jaipur,Rajasthan,North,STR_103,Delhi Connaught Hub,PRD_F04,Solid Teak Wood Study Table,Furniture,Desks,Urban Ladder,1,14500.0,10.0,13050.0,9000.0,4050.0,Net Banking,Delivered
ORD_01335,2024-09-06,2024-09-11,CUST_0257,Neha Patil,Female,35,Patna,Bihar,East,STR_108,Kolkata Park Street Store,PRD_H04,Dyson V8 Cordless Vacuum Cleaner,Home & Kitchen,Home Care,Dyson,2,29900.0,15.0,50830.0,38000.0,12830.0,UPI,Delivered
ORD_01335,2024-09-06,2024-09-11,CUST_0257,Neha Patil,Female,35,Patna,Bihar,East,STR_108,Kolkata Park Street Store,PRD_C03,Men Tapered Chinos,Clothing,Casual Wear,Allen Solly,1,2199.0,10.0,1979.1,800.0,1179.1,UPI,Delivered
ORD_01336,2024-09-08,2024-09-12,CUST_0184,Rashmi Thakur,Female,39,New Delhi,Delhi,North,STR_101,Mumbai Flagship Store,PRD_F06,L-Shape Sectional Luxury Sofa,Furniture,Living Room,Godrej Interio,1,52000.0,0.0,52000.0,34000.0,18000.0,Credit Card,Delivered
ORD_01337,2024-09-10,2024-09-14,CUST_0104,Vikrant Das,Male,56,Guwahati,Assam,East,STR_109,Patna Central Outlet,PRD_E09,boAt Rockerz 450,Electronics,Audio,boAt,2,1499.0,0.0,2998.0,1600.0,1398.0,Credit Card,Delivered
ORD_01338,2024-09-10,2024-09-14,CUST_0241,Muhammad Pandey,Male,36,Hyderabad,Telangana,South,STR_105,Bengaluru Indiranagar Mall,PRD_F01,Ergonomic Mesh Office Chair,Furniture,Chairs,Green Soul,1,12999.0,0.0,12999.0,7500.0,5499.0,Debit Card,Delivered
ORD_01339,2024-10-06,2024-10-08,CUST_0193,Preeti Chatterjee,Female,58,Bengaluru,Karnataka,South,STR_103,Delhi Connaught Hub,PRD_F07,King Size Engineered Wood Bed,Furniture,Bedroom,Wakefit,1,24999.0,10.0,22499.1,15000.0,7499.1,UPI,Cancelled
ORD_01339,2024-10-06,2024-10-08,CUST_0193,Preeti Chatterjee,Female,58,Bengaluru,Karnataka,South,STR_103,Delhi Connaught Hub,PRD_E03,HP Pavilion Gaming Laptop,Electronics,Laptops,HP,1,62000.0,0.0,62000.0,48000.0,14000.0,UPI,Cancelled
ORD_01340,2024-09-11,2024-09-14,CUST_0220,Diya Saini,Female,61,Surat,Gujarat,West,STR_101,Mumbai Flagship Store,PRD_C06,Men Stretch Denim Jeans,Clothing,Casual Wear,Levi's,2,2999.0,15.0,5098.3,2200.0,2898.3,UPI,Returned
ORD_01341,2024-09-12,2024-09-15,CUST_0070,Aarav Joshi,Male,61,New Delhi,Delhi,North,STR_103,Delhi Connaught Hub,PRD_F08,4-Door Wardrobe with Mirror,Furniture,Bedroom,Spacewood,1,25500.0,0.0,25500.0,16000.0,9500.0,Credit Card,Delivered
ORD_01342,2024-09-13,2024-09-14,CUST_0227,Arun Patel,Male,21,Kochi,Kerala,South,STR_106,Hyderabad Hitech Outlet,PRD_C05,Women Designer Georgette Saree,Clothing,Ethnic Wear,FabIndia,1,4999.0,10.0,4499.1,1800.0,2699.1,Credit Card,Delivered
ORD_01343,2024-09-13,2024-09-16,CUST_0053,Aanya Reddy,Female,34,Bengaluru,Karnataka,South,STR_105,Bengaluru Indiranagar Mall,PRD_E10,LG 27-inch 4K UHD Monitor,Electronics,Monitors,LG,1,28500.0,0.0,28500.0,21000.0,7500.0,Credit Card,Delivered
ORD_01343,2024-09-13,2024-09-16,CUST_0053,Aanya Reddy,Female,34,Bengaluru,Karnataka,South,STR_105,Bengaluru Indiranagar Mall,PRD_C09,Athletic Dry-Fit Tracksuit,Clothing,Activewear,Under Armour,2,3299.0,20.0,5278.4,2400.0,2878.4,Credit Card,Delivered
ORD_01344,2024-09-13,2024-09-15,CUST_0127,Vikrant Banerjee,Male,44,Lucknow,Uttar Pradesh,North,STR_103,Delhi Connaught Hub,PRD_C09,Athletic Dry-Fit Tracksuit,Clothing,Activewear,Under Armour,1,3299.0,20.0,2639.2,1200.0,1439.2,Net Banking,Delivered
ORD_01345,2024-09-14,2024-09-19,CUST_0346,Diya Patel,Female,23,Patna,Bihar,East,STR_101,Mumbai Flagship Store,PRD_E01,MacBook Air M2,Electronics,Laptops,Apple,1,94900.0,0.0,94900.0,72000.0,22900.0,Credit Card,Delivered
ORD_01346,2024-09-15,2024-09-16,CUST_0166,Rakesh Patel,Male,37,Jaipur,Rajasthan,North,STR_104,Noida Cyber Express,PRD_C08,Puma UltraRide Sneakers,Clothing,Footwear,Puma,1,4999.0,10.0,4499.1,2200.0,2299.1,Credit Card,Delivered
ORD_01347,2024-09-15,2024-09-16,CUST_0105,Dinesh Chauhan,Male,48,Guwahati,Assam,East,STR_102,Pune Tech Hub Outlet,PRD_E01,MacBook Air M2,Electronics,Laptops,Apple,1,94900.0,0.0,94900.0,72000.0,22900.0,UPI,Delivered
ORD_01347,2024-09-15,2024-09-16,CUST_0105,Dinesh Chauhan,Male,48,Guwahati,Assam,East,STR_102,Pune Tech Hub Outlet,PRD_H04,Dyson V8 Cordless Vacuum Cleaner,Home & Kitchen,Home Care,Dyson,2,29900.0,10.0,53820.0,38000.0,15820.0,UPI,Delivered
ORD_01348,2024-09-15,2024-09-16,CUST_0248,Rajendra Kapoor,Male,25,Surat,Gujarat,West,STR_110,Ahmedabad SG Highway Store,PRD_E04,iPhone 15 Pro,Electronics,Smartphones,Apple,1,124900.0,5.0,118655.0,95000.0,23655.0,UPI,Delivered
ORD_01349,2024-09-15,2024-09-19,CUST_0192,Rajendra Joshi,Male,38,Guwahati,Assam,East,STR_109,Patna Central Outlet,PRD_F04,Solid Teak Wood Study Table,Furniture,Desks,Urban Ladder,1,14500.0,15.0,12325.0,9000.0,3325.0,Net Banking,Delivered
ORD_01350,2024-09-16,2024-09-21,CUST_0075,Riya Das,Female,27,Jaipur,Rajasthan,North,STR_103,Delhi Connaught Hub,PRD_C05,Women Designer Georgette Saree,Clothing,Ethnic Wear,FabIndia,1,4999.0,15.0,4249.15,1800.0,2449.15,UPI,Delivered
ORD_01351,2024-09-16,2024-09-20,CUST_0114,Rajeev Sharma,Male,40,Chennai,Tamil Nadu,South,STR_105,Bengaluru Indiranagar Mall,PRD_H01,Philips Air Fryer XL 4.1L,Home & Kitchen,Appliances,Philips,1,8495.0,10.0,7645.5,4800.0,2845.5,Debit Card,Returned
ORD_01352,2024-09-16,2024-09-18,CUST_0137,Rashmi Joshi,Female,26,Jaipur,Rajasthan,North,STR_103,Delhi Connaught Hub,PRD_F03,Motorized Standing Desk,Furniture,Desks,ErgoSmart,2,26999.0,0.0,53998.0,36000.0,17998.0,Credit Card,Delivered
ORD_01353,2024-09-16,2024-09-20,CUST_0229,Karthik Saxena,Male,27,Chennai,Tamil Nadu,South,STR_105,Bengaluru Indiranagar Mall,PRD_F07,King Size Engineered Wood Bed,Furniture,Bedroom,Wakefit,1,24999.0,0.0,24999.0,15000.0,9999.0,Net Banking,Delivered
ORD_01354,2024-09-17,2024-09-22,CUST_0070,Aarav Joshi,Male,61,New Delhi,Delhi,North,STR_110,Ahmedabad SG Highway Store,PRD_F10,Geometric Minimalist Bookshelf,Furniture,Storage,Home Centre,1,7999.0,10.0,7199.1,4500.0,2699.1,UPI,Delivered
ORD_01354,2024-09-17,2024-09-22,CUST_0070,Aarav Joshi,Male,61,New Delhi,Delhi,North,STR_110,Ahmedabad SG Highway Store,PRD_C06,Men Stretch Denim Jeans,Clothing,Casual Wear,Levi's,3,2999.0,5.0,8547.15,3300.0,5247.15,UPI,Delivered
ORD_01355,2024-09-17,2024-09-18,CUST_0070,Aarav Joshi,Male,61,New Delhi,Delhi,North,STR_103,Delhi Connaught Hub,PRD_E09,boAt Rockerz 450,Electronics,Audio,boAt,1,1499.0,5.0,1424.05,800.0,624.05,Credit Card,Delivered
ORD_01356,2024-09-17,2024-09-18,CUST_0204,Sameer Verma,Male,36,Ahmedabad,Gujarat,West,STR_101,Mumbai Flagship Store,PRD_C10,UV Protected Polarized Sunglasses,Clothing,Accessories,Ray-Ban,2,3490.0,0.0,6980.0,2200.0,4780.0,Credit Card,Delivered
ORD_01357,2024-09-17,2024-09-20,CUST_0243,Kavita Joshi,Female,59,New Delhi,Delhi,North,STR_104,Noida Cyber Express,PRD_E01,MacBook Air M2,Electronics,Laptops,Apple,1,94900.0,0.0,94900.0,72000.0,22900.0,Debit Card,Delivered
ORD_01357,2024-09-17,2024-09-20,CUST_0243,Kavita Joshi,Female,59,New Delhi,Delhi,North,STR_104,Noida Cyber Express,PRD_F10,Geometric Minimalist Bookshelf,Furniture,Storage,Home Centre,1,7999.0,0.0,7999.0,4500.0,3499.0,Debit Card,Delivered
ORD_01358,2024-09-18,2024-09-22,CUST_0314,Sara Mehta,Female,30,New Delhi,Delhi,North,STR_104,Noida Cyber Express,PRD_F07,King Size Engineered Wood Bed,Furniture,Bedroom,Wakefit,1,24999.0,5.0,23749.05,15000.0,8749.05,UPI,Cancelled
ORD_01359,2024-09-18,2024-09-22,CUST_0135,Aanya Patil,Female,54,Noida,Uttar Pradesh,North,STR_103,Delhi Connaught Hub,PRD_F02,Executive Leather Boss Chair,Furniture,Chairs,Featherlite,2,18500.0,15.0,31450.0,22000.0,9450.0,UPI,Delivered
ORD_01359,2024-09-18,2024-09-22,CUST_0135,Aanya Patil,Female,54,Noida,Uttar Pradesh,North,STR_103,Delhi Connaught Hub,PRD_F07,King Size Engineered Wood Bed,Furniture,Bedroom,Wakefit,1,24999.0,0.0,24999.0,15000.0,9999.0,UPI,Delivered
ORD_01360,2024-09-18,2024-09-23,CUST_0227,Arun Patel,Male,21,Kochi,Kerala,South,STR_105,Bengaluru Indiranagar Mall,PRD_E06,OnePlus 12,Electronics,Smartphones,OnePlus,1,64999.0,5.0,61749.05,45000.0,16749.05,Credit Card,Delivered
ORD_01361,2024-09-19,2024-09-20,CUST_0002,Diya Chatterjee,Female,55,Surat,Gujarat,West,STR_110,Ahmedabad SG Highway Store,PRD_F01,Ergonomic Mesh Office Chair,Furniture,Chairs,Green Soul,1,12999.0,15.0,11049.15,7500.0,3549.15,Debit Card,Delivered
ORD_01361,2024-09-19,2024-09-20,CUST_0002,Diya Chatterjee,Female,55,Surat,Gujarat,West,STR_110,Ahmedabad SG Highway Store,PRD_E08,Apple AirPods Pro 2,Electronics,Audio,Apple,1,22900.0,10.0,20610.0,16000.0,4610.0,Debit Card,Delivered
ORD_01361,2024-09-19,2024-09-20,CUST_0002,Diya Chatterjee,Female,55,Surat,Gujarat,West,STR_110,Ahmedabad SG Highway Store,PRD_E11,Logitech MX Master 3S Mouse,Electronics,Accessories,Logitech,2,8995.0,15.0,15291.5,12400.0,2891.5,Debit Card,Delivered
ORD_01362,2024-09-19,2024-09-21,CUST_0304,Reyansh Mehta,Male,49,Patna,Bihar,East,STR_108,Kolkata Park Street Store,PRD_C04,Women Silk Embroidered Kurta Set,Clothing,Ethnic Wear,Biba,1,3899.0,0.0,3899.0,1400.0,2499.0,UPI,Delivered
ORD_01362,2024-09-19,2024-09-21,CUST_0304,Reyansh Mehta,Male,49,Patna,Bihar,East,STR_108,Kolkata Park Street Store,PRD_C07,Nike Air Zoom Pegasus Running Shoes,Clothing,Footwear,Nike,1,8995.0,5.0,8545.25,4200.0,4345.25,UPI,Delivered
ORD_01363,2024-09-20,2024-09-21,CUST_0299,Ravi Saxena,Male,25,Bengaluru,Karnataka,South,STR_108,Kolkata Park Street Store,PRD_H05,Kent Grand Plus Water Purifier,Home & Kitchen,Appliances,Kent,1,14999.0,20.0,11999.2,9500.0,2499.2,UPI,Delivered
ORD_01363,2024-09-20,2024-09-21,CUST_0299,Ravi Saxena,Male,25,Bengaluru,Karnataka,South,STR_108,Kolkata Park Street Store,PRD_F05,3-Seater Velvet Fabric Sofa,Furniture,Living Room,Wakefit,1,34999.0,0.0,34999.0,22000.0,12999.0,UPI,Delivered
ORD_01363,2024-09-20,2024-09-21,CUST_0299,Ravi Saxena,Male,25,Bengaluru,Karnataka,South,STR_108,Kolkata Park Street Store,PRD_E02,Dell XPS 13,Electronics,Laptops,Dell,1,85000.0,0.0,85000.0,65000.0,20000.0,UPI,Delivered
ORD_01364,2024-09-20,2024-09-24,CUST_0070,Aarav Joshi,Male,61,New Delhi,Delhi,North,STR_103,Delhi Connaught Hub,PRD_H03,Instant Pot Duo 7-in-1 Cooker,Home & Kitchen,Appliances,Instant Pot,2,9999.0,5.0,18998.1,11000.0,7998.1,Credit Card,Delivered
ORD_01364,2024-09-20,2024-09-24,CUST_0070,Aarav Joshi,Male,61,New Delhi,Delhi,North,STR_103,Delhi Connaught Hub,PRD_E10,LG 27-inch 4K UHD Monitor,Electronics,Monitors,LG,1,28500.0,5.0,27075.0,21000.0,6075.0,Credit Card,Delivered
ORD_01365,2024-09-21,2024-09-26,CUST_0280,Deepa Reddy,Female,37,New Delhi,Delhi,North,STR_103,Delhi Connaught Hub,PRD_E02,Dell XPS 13,Electronics,Laptops,Dell,1,85000.0,15.0,72250.0,65000.0,7250.0,Credit Card,Delivered
ORD_01365,2024-09-21,2024-09-26,CUST_0280,Deepa Reddy,Female,37,New Delhi,Delhi,North,STR_103,Delhi Connaught Hub,PRD_H03,Instant Pot Duo 7-in-1 Cooker,Home & Kitchen,Appliances,Instant Pot,1,9999.0,5.0,9499.05,5500.0,3999.05,Credit Card,Delivered
ORD_01366,2024-09-21,2024-09-23,CUST_0296,Ayaan Bhat,Male,61,Patna,Bihar,East,STR_109,Patna Central Outlet,PRD_E04,iPhone 15 Pro,Electronics,Smartphones,Apple,1,124900.0,0.0,124900.0,95000.0,29900.0,Credit Card,Delivered
ORD_01367,2024-09-22,2024-09-25,CUST_0250,Naveen Kapoor,Male,60,Jaipur,Rajasthan,North,STR_104,Noida Cyber Express,PRD_C08,Puma UltraRide Sneakers,Clothing,Footwear,Puma,1,4999.0,10.0,4499.1,2200.0,2299.1,UPI,Delivered
ORD_01368,2024-09-22,2024-09-25,CUST_0056,Gaurav Patel,Male,25,Noida,Uttar Pradesh,North,STR_103,Delhi Connaught Hub,PRD_H04,Dyson V8 Cordless Vacuum Cleaner,Home & Kitchen,Home Care,Dyson,1,29900.0,20.0,23920.0,19000.0,4920.0,UPI,Delivered
ORD_01368,2024-09-22,2024-09-25,CUST_0056,Gaurav Patel,Male,25,Noida,Uttar Pradesh,North,STR_103,Delhi Connaught Hub,PRD_C05,Women Designer Georgette Saree,Clothing,Ethnic Wear,FabIndia,3,4999.0,5.0,14247.15,5400.0,8847.15,UPI,Delivered
ORD_01369,2024-09-22,2024-09-27,CUST_0060,Vikram Gupta,Male,50,Bengaluru,Karnataka,South,STR_107,Chennai Express Store,PRD_C07,Nike Air Zoom Pegasus Running Shoes,Clothing,Footwear,Nike,2,8995.0,0.0,17990.0,8400.0,9590.0,Debit Card,Delivered
ORD_01370,2024-09-22,2024-09-24,CUST_0012,Kusum Patel,Female,27,Jaipur,Rajasthan,North,STR_104,Noida Cyber Express,PRD_E03,HP Pavilion Gaming Laptop,Electronics,Laptops,HP,1,62000.0,0.0,62000.0,48000.0,14000.0,Cash on Delivery (COD),Delivered
ORD_01370,2024-09-22,2024-09-24,CUST_0012,Kusum Patel,Female,27,Jaipur,Rajasthan,North,STR_104,Noida Cyber Express,PRD_F09,6-Seater Solid Oak Dining Set,Furniture,Dining,Durian,2,38000.0,15.0,64600.0,48000.0,16600.0,Cash on Delivery (COD),Delivered
ORD_01371,2024-09-23,2024-09-28,CUST_0031,Meena Sharma,Female,44,Surat,Gujarat,West,STR_110,Ahmedabad SG Highway Store,PRD_E07,Sony WH-1000XM5 Headphones,Electronics,Audio,Sony,1,28990.0,10.0,26091.0,20000.0,6091.0,Credit Card,Delivered
ORD_01372,2024-09-24,2024-09-29,CUST_0053,Aanya Reddy,Female,34,Bengaluru,Karnataka,South,STR_107,Chennai Express Store,PRD_E09,boAt Rockerz 450,Electronics,Audio,boAt,1,1499.0,10.0,1349.1,800.0,549.1,Credit Card,Delivered
ORD_01372,2024-09-24,2024-09-29,CUST_0053,Aanya Reddy,Female,34,Bengaluru,Karnataka,South,STR_107,Chennai Express Store,PRD_E12,Logitech Mechanical Keyboard,Electronics,Accessories,Logitech,1,6495.0,0.0,6495.0,4500.0,1995.0,Credit Card,Delivered
ORD_01372,2024-09-24,2024-09-29,CUST_0053,Aanya Reddy,Female,34,Bengaluru,Karnataka,South,STR_107,Chennai Express Store,PRD_H02,Prestige 750W Mixer Grinder,Home & Kitchen,Appliances,Prestige,1,3890.0,5.0,3695.5,2100.0,1595.5,Credit Card,Delivered
ORD_01373,2024-09-24,2024-09-27,CUST_0290,Rajesh Mehta,Male,31,Hyderabad,Telangana,South,STR_105,Bengaluru Indiranagar Mall,PRD_C07,Nike Air Zoom Pegasus Running Shoes,Clothing,Footwear,Nike,1,8995.0,15.0,7645.75,4200.0,3445.75,Cash on Delivery (COD),Delivered
ORD_01373,2024-09-24,2024-09-27,CUST_0290,Rajesh Mehta,Male,31,Hyderabad,Telangana,South,STR_105,Bengaluru Indiranagar Mall,PRD_C05,Women Designer Georgette Saree,Clothing,Ethnic Wear,FabIndia,2,4999.0,0.0,9998.0,3600.0,6398.0,Cash on Delivery (COD),Delivered
ORD_01374,2024-09-25,2024-09-30,CUST_0096,Ananya Das,Female,39,Ahmedabad,Gujarat,West,STR_110,Ahmedabad SG Highway Store,PRD_H01,Philips Air Fryer XL 4.1L,Home & Kitchen,Appliances,Philips,2,8495.0,20.0,13592.0,9600.0,3992.0,Debit Card,Delivered
ORD_01374,2024-09-25,2024-09-30,CUST_0096,Ananya Das,Female,39,Ahmedabad,Gujarat,West,STR_110,Ahmedabad SG Highway Store,PRD_H05,Kent Grand Plus Water Purifier,Home & Kitchen,Appliances,Kent,1,14999.0,0.0,14999.0,9500.0,5499.0,Debit Card,Delivered
ORD_01374,2024-09-25,2024-09-30,CUST_0096,Ananya Das,Female,39,Ahmedabad,Gujarat,West,STR_110,Ahmedabad SG Highway Store,PRD_C04,Women Silk Embroidered Kurta Set,Clothing,Ethnic Wear,Biba,1,3899.0,10.0,3509.1,1400.0,2109.1,Debit Card,Delivered
ORD_01375,2024-09-25,2024-09-29,CUST_0305,Arun Iyer,Male,45,Bengaluru,Karnataka,South,STR_105,Bengaluru Indiranagar Mall,PRD_E07,Sony WH-1000XM5 Headphones,Electronics,Audio,Sony,1,28990.0,10.0,26091.0,20000.0,6091.0,Credit Card,Delivered
ORD_01376,2024-09-26,2024-10-01,CUST_0135,Aanya Patil,Female,54,Noida,Uttar Pradesh,North,STR_103,Delhi Connaught Hub,PRD_H02,Prestige 750W Mixer Grinder,Home & Kitchen,Appliances,Prestige,1,3890.0,10.0,3501.0,2100.0,1401.0,UPI,Delivered
ORD_01377,2024-09-26,2024-09-30,CUST_0337,Gaurav Malhotra,Male,30,Jaipur,Rajasthan,North,STR_104,Noida Cyber Express,PRD_F07,King Size Engineered Wood Bed,Furniture,Bedroom,Wakefit,1,24999.0,5.0,23749.05,15000.0,8749.05,UPI,Delivered
ORD_01377,2024-09-26,2024-09-30,CUST_0337,Gaurav Malhotra,Male,30,Jaipur,Rajasthan,North,STR_104,Noida Cyber Express,PRD_C03,Men Tapered Chinos,Clothing,Casual Wear,Allen Solly,1,2199.0,5.0,2089.05,800.0,1289.05,UPI,Delivered
ORD_01378,2024-09-26,2024-09-30,CUST_0271,Shaurya Chatterjee,Male,34,Guwahati,Assam,East,STR_109,Patna Central Outlet,PRD_F04,Solid Teak Wood Study Table,Furniture,Desks,Urban Ladder,1,14500.0,5.0,13775.0,9000.0,4775.0,UPI,Cancelled
ORD_01379,2024-09-26,2024-09-28,CUST_0246,Deepak Pandey,Male,58,Jaipur,Rajasthan,North,STR_108,Kolkata Park Street Store,PRD_E03,HP Pavilion Gaming Laptop,Electronics,Laptops,HP,1,62000.0,20.0,49600.0,48000.0,1600.0,UPI,Delivered
ORD_01379,2024-09-26,2024-09-28,CUST_0246,Deepak Pandey,Male,58,Jaipur,Rajasthan,North,STR_108,Kolkata Park Street Store,PRD_E12,Logitech Mechanical Keyboard,Electronics,Accessories,Logitech,2,6495.0,10.0,11691.0,9000.0,2691.0,UPI,Delivered
ORD_01380,2024-09-26,2024-09-28,CUST_0155,Preeti Bhat,Female,49,Bhubaneswar,Odisha,East,STR_107,Chennai Express Store,PRD_E06,OnePlus 12,Electronics,Smartphones,OnePlus,1,64999.0,0.0,64999.0,45000.0,19999.0,Cash on Delivery (COD),Cancelled
ORD_01381,2024-09-27,2024-09-28,CUST_0081,Anita Saxena,Female,35,Jaipur,Rajasthan,North,STR_104,Noida Cyber Express,PRD_C09,Athletic Dry-Fit Tracksuit,Clothing,Activewear,Under Armour,1,3299.0,5.0,3134.05,1200.0,1934.05,Credit Card,Delivered
ORD_01382,2024-09-27,2024-10-01,CUST_0262,Pooja Thakur,Female,58,Pune,Maharashtra,West,STR_101,Mumbai Flagship Store,PRD_C01,Men Slim Fit Formal Blazer,Clothing,Formal Wear,Raymond,1,5999.0,10.0,5399.1,2600.0,2799.1,Credit Card,Returned
ORD_01383,2024-09-27,2024-09-29,CUST_0248,Rajendra Kapoor,Male,25,Surat,Gujarat,West,STR_109,Patna Central Outlet,PRD_E12,Logitech Mechanical Keyboard,Electronics,Accessories,Logitech,1,6495.0,5.0,6170.25,4500.0,1670.25,UPI,Delivered
ORD_01384,2024-09-28,2024-10-02,CUST_0227,Arun Patel,Male,21,Kochi,Kerala,South,STR_107,Chennai Express Store,PRD_H03,Instant Pot Duo 7-in-1 Cooker,Home & Kitchen,Appliances,Instant Pot,2,9999.0,5.0,18998.1,11000.0,7998.1,UPI,Cancelled
ORD_01385,2024-09-28,2024-10-03,CUST_0325,Nikhil Bose,Male,39,Surat,Gujarat,West,STR_101,Mumbai Flagship Store,PRD_F07,King Size Engineered Wood Bed,Furniture,Bedroom,Wakefit,1,24999.0,5.0,23749.05,15000.0,8749.05,Credit Card,Delivered
ORD_01385,2024-09-28,2024-10-03,CUST_0325,Nikhil Bose,Male,39,Surat,Gujarat,West,STR_101,Mumbai Flagship Store,PRD_E13,TP-Link AX3000 Wi-Fi 6 Router,Electronics,Networking,TP-Link,1,4999.0,5.0,4749.05,3200.0,1549.05,Credit Card,Delivered
ORD_01386,2024-09-29,2024-10-03,CUST_0241,Muhammad Pandey,Male,36,Hyderabad,Telangana,South,STR_106,Hyderabad Hitech Outlet,PRD_C07,Nike Air Zoom Pegasus Running Shoes,Clothing,Footwear,Nike,1,8995.0,20.0,7196.0,4200.0,2996.0,Credit Card,Delivered
ORD_01387,2024-09-29,2024-10-03,CUST_0227,Arun Patel,Male,21,Kochi,Kerala,South,STR_107,Chennai Express Store,PRD_E12,Logitech Mechanical Keyboard,Electronics,Accessories,Logitech,1,6495.0,5.0,6170.25,4500.0,1670.25,Credit Card,Delivered
ORD_01388,2024-09-29,2024-10-01,CUST_0151,Atharva Saxena,Male,39,Gurugram,Haryana,North,STR_103,Delhi Connaught Hub,PRD_E04,iPhone 15 Pro,Electronics,Smartphones,Apple,1,124900.0,5.0,118655.0,95000.0,23655.0,Credit Card,Delivered
ORD_01389,2024-09-29,2024-10-04,CUST_0122,Sunita Mishra,Female,37,Kolkata,West Bengal,East,STR_109,Patna Central Outlet,PRD_H01,Philips Air Fryer XL 4.1L,Home & Kitchen,Appliances,Philips,2,8495.0,10.0,15291.0,9600.0,5691.0,Net Banking,Delivered
ORD_01390,2024-10-01,2024-10-03,CUST_0128,Rudra Mishra,Male,40,Noida,Uttar Pradesh,North,STR_102,Pune Tech Hub Outlet,PRD_F10,Geometric Minimalist Bookshelf,Furniture,Storage,Home Centre,2,7999.0,0.0,15998.0,9000.0,6998.0,Net Banking,Delivered
ORD_01391,2024-10-01,2024-10-06,CUST_0281,Amit Singh,Male,52,Mumbai,Maharashtra,West,STR_102,Pune Tech Hub Outlet,PRD_C06,Men Stretch Denim Jeans,Clothing,Casual Wear,Levi's,1,2999.0,5.0,2849.05,1100.0,1749.05,Net Banking,Cancelled
ORD_01392,2024-10-02,2024-10-03,CUST_0281,Amit Singh,Male,52,Mumbai,Maharashtra,West,STR_102,Pune Tech Hub Outlet,PRD_E09,boAt Rockerz 450,Electronics,Audio,boAt,1,1499.0,0.0,1499.0,800.0,699.0,Credit Card,Delivered
ORD_01393,2024-10-02,2024-10-05,CUST_0034,Pooja Das,Female,56,Bhubaneswar,Odisha,East,STR_108,Kolkata Park Street Store,PRD_E02,Dell XPS 13,Electronics,Laptops,Dell,1,85000.0,5.0,80750.0,65000.0,15750.0,UPI,Delivered
ORD_01393,2024-10-02,2024-10-05,CUST_0034,Pooja Das,Female,56,Bhubaneswar,Odisha,East,STR_108,Kolkata Park Street Store,PRD_C09,Athletic Dry-Fit Tracksuit,Clothing,Activewear,Under Armour,3,3299.0,0.0,9897.0,3600.0,6297.0,UPI,Delivered
ORD_01393,2024-10-02,2024-10-05,CUST_0034,Pooja Das,Female,56,Bhubaneswar,Odisha,East,STR_108,Kolkata Park Street Store,PRD_F02,Executive Leather Boss Chair,Furniture,Chairs,Featherlite,2,18500.0,0.0,37000.0,22000.0,15000.0,UPI,Delivered
ORD_01394,2024-10-03,2024-10-04,CUST_0089,Ayaan Das,Male,60,Hyderabad,Telangana,South,STR_105,Bengaluru Indiranagar Mall,PRD_F02,Executive Leather Boss Chair,Furniture,Chairs,Featherlite,1,18500.0,0.0,18500.0,11000.0,7500.0,UPI,Delivered
ORD_01394,2024-10-03,2024-10-04,CUST_0089,Ayaan Das,Male,60,Hyderabad,Telangana,South,STR_105,Bengaluru Indiranagar Mall,PRD_C09,Athletic Dry-Fit Tracksuit,Clothing,Activewear,Under Armour,1,3299.0,0.0,3299.0,1200.0,2099.0,UPI,Delivered
ORD_01395,2024-10-03,2024-10-08,CUST_0276,Dinesh Patil,Male,34,Lucknow,Uttar Pradesh,North,STR_104,Noida Cyber Express,PRD_C10,UV Protected Polarized Sunglasses,Clothing,Accessories,Ray-Ban,2,3490.0,5.0,6631.0,2200.0,4431.0,Credit Card,Delivered
ORD_01396,2024-10-03,2024-10-04,CUST_0035,Swati Kapoor,Female,34,Kolkata,West Bengal,East,STR_108,Kolkata Park Street Store,PRD_F02,Executive Leather Boss Chair,Furniture,Chairs,Featherlite,1,18500.0,0.0,18500.0,11000.0,7500.0,Credit Card,Delivered
ORD_01397,2024-10-03,2024-10-04,CUST_0285,Rahul Malhotra,Male,57,Kolkata,West Bengal,East,STR_104,Noida Cyber Express,PRD_C10,UV Protected Polarized Sunglasses,Clothing,Accessories,Ray-Ban,2,3490.0,5.0,6631.0,2200.0,4431.0,Credit Card,Delivered
ORD_01397,2024-10-03,2024-10-04,CUST_0285,Rahul Malhotra,Male,57,Kolkata,West Bengal,East,STR_104,Noida Cyber Express,PRD_H02,Prestige 750W Mixer Grinder,Home & Kitchen,Appliances,Prestige,1,3890.0,10.0,3501.0,2100.0,1401.0,Credit Card,Delivered
ORD_01398,2024-10-04,2024-10-05,CUST_0248,Rajendra Kapoor,Male,25,Surat,Gujarat,West,STR_101,Mumbai Flagship Store,PRD_E04,iPhone 15 Pro,Electronics,Smartphones,Apple,1,124900.0,5.0,118655.0,95000.0,23655.0,UPI,Delivered
ORD_01398,2024-10-04,2024-10-05,CUST_0248,Rajendra Kapoor,Male,25,Surat,Gujarat,West,STR_101,Mumbai Flagship Store,PRD_F10,Geometric Minimalist Bookshelf,Furniture,Storage,Home Centre,1,7999.0,15.0,6799.15,4500.0,2299.15,UPI,Delivered
ORD_01398,2024-10-04,2024-10-05,CUST_0248,Rajendra Kapoor,Male,25,Surat,Gujarat,West,STR_101,Mumbai Flagship Store,PRD_H05,Kent Grand Plus Water Purifier,Home & Kitchen,Appliances,Kent,1,14999.0,10.0,13499.1,9500.0,3999.1,UPI,Delivered
ORD_01399,2024-10-05,2024-10-08,CUST_0332,Diya Mishra,Female,49,Bhubaneswar,Odisha,East,STR_104,Noida Cyber Express,PRD_F01,Ergonomic Mesh Office Chair,Furniture,Chairs,Green Soul,1,12999.0,0.0,12999.0,7500.0,5499.0,Cash on Delivery (COD),Returned
ORD_01400,2024-10-05,2024-10-08,CUST_0271,Shaurya Chatterjee,Male,34,Guwahati,Assam,East,STR_109,Patna Central Outlet,PRD_E09,boAt Rockerz 450,Electronics,Audio,boAt,2,1499.0,5.0,2848.1,1600.0,1248.1,Credit Card,Delivered
ORD_01400,2024-10-05,2024-10-08,CUST_0271,Shaurya Chatterjee,Male,34,Guwahati,Assam,East,STR_109,Patna Central Outlet,PRD_H05,Kent Grand Plus Water Purifier,Home & Kitchen,Appliances,Kent,1,14999.0,15.0,12749.15,9500.0,3249.15,Credit Card,Delivered
ORD_01401,2024-10-05,2024-10-09,CUST_0070,Aarav Joshi,Male,61,New Delhi,Delhi,North,STR_102,Pune Tech Hub Outlet,PRD_H05,Kent Grand Plus Water Purifier,Home & Kitchen,Appliances,Kent,2,14999.0,15.0,25498.3,19000.0,6498.3,Debit Card,Delivered
ORD_01402,2024-10-06,2024-10-10,CUST_0034,Pooja Das,Female,56,Bhubaneswar,Odisha,East,STR_108,Kolkata Park Street Store,PRD_C10,UV Protected Polarized Sunglasses,Clothing,Accessories,Ray-Ban,2,3490.0,5.0,6631.0,2200.0,4431.0,Debit Card,Delivered
ORD_01403,2024-10-06,2024-10-10,CUST_0220,Diya Saini,Female,61,Surat,Gujarat,West,STR_101,Mumbai Flagship Store,PRD_C04,Women Silk Embroidered Kurta Set,Clothing,Ethnic Wear,Biba,1,3899.0,10.0,3509.1,1400.0,2109.1,UPI,Delivered
ORD_01404,2024-10-06,2024-10-09,CUST_0306,Rajesh Das,Male,61,Pune,Maharashtra,West,STR_105,Bengaluru Indiranagar Mall,PRD_C03,Men Tapered Chinos,Clothing,Casual Wear,Allen Solly,1,2199.0,0.0,2199.0,800.0,1399.0,UPI,Delivered
ORD_01405,2024-10-07,2024-10-12,CUST_0155,Preeti Bhat,Female,49,Bhubaneswar,Odisha,East,STR_108,Kolkata Park Street Store,PRD_F08,4-Door Wardrobe with Mirror,Furniture,Bedroom,Spacewood,2,25500.0,5.0,48450.0,32000.0,16450.0,Credit Card,Delivered
ORD_01405,2024-10-07,2024-10-12,CUST_0155,Preeti Bhat,Female,49,Bhubaneswar,Odisha,East,STR_108,Kolkata Park Street Store,PRD_H03,Instant Pot Duo 7-in-1 Cooker,Home & Kitchen,Appliances,Instant Pot,1,9999.0,0.0,9999.0,5500.0,4499.0,Credit Card,Delivered
ORD_01406,2024-10-07,2024-10-12,CUST_0325,Nikhil Bose,Male,39,Surat,Gujarat,West,STR_102,Pune Tech Hub Outlet,PRD_E10,LG 27-inch 4K UHD Monitor,Electronics,Monitors,LG,1,28500.0,0.0,28500.0,21000.0,7500.0,Credit Card,Delivered
ORD_01406,2024-10-07,2024-10-12,CUST_0325,Nikhil Bose,Male,39,Surat,Gujarat,West,STR_102,Pune Tech Hub Outlet,PRD_C01,Men Slim Fit Formal Blazer,Clothing,Formal Wear,Raymond,1,5999.0,0.0,5999.0,2600.0,3399.0,Credit Card,Delivered
ORD_01407,2024-10-07,2024-10-11,CUST_0061,Krishna Sharma,Male,60,Patna,Bihar,East,STR_108,Kolkata Park Street Store,PRD_H02,Prestige 750W Mixer Grinder,Home & Kitchen,Appliances,Prestige,1,3890.0,5.0,3695.5,2100.0,1595.5,UPI,Delivered
ORD_01408,2024-10-07,2024-10-08,CUST_0019,Neha Saini,Female,46,Bhubaneswar,Odisha,East,STR_108,Kolkata Park Street Store,PRD_F04,Solid Teak Wood Study Table,Furniture,Desks,Urban Ladder,1,14500.0,0.0,14500.0,9000.0,5500.0,Credit Card,Delivered
ORD_01409,2024-10-08,2024-10-13,CUST_0204,Sameer Verma,Male,36,Ahmedabad,Gujarat,West,STR_104,Noida Cyber Express,PRD_E11,Logitech MX Master 3S Mouse,Electronics,Accessories,Logitech,1,8995.0,10.0,8095.5,6200.0,1895.5,Net Banking,Delivered
ORD_01410,2024-10-09,2024-10-10,CUST_0114,Rajeev Sharma,Male,40,Chennai,Tamil Nadu,South,STR_106,Hyderabad Hitech Outlet,PRD_F08,4-Door Wardrobe with Mirror,Furniture,Bedroom,Spacewood,1,25500.0,0.0,25500.0,16000.0,9500.0,UPI,Delivered
ORD_01410,2024-10-09,2024-10-10,CUST_0114,Rajeev Sharma,Male,40,Chennai,Tamil Nadu,South,STR_106,Hyderabad Hitech Outlet,PRD_E09,boAt Rockerz 450,Electronics,Audio,boAt,1,1499.0,0.0,1499.0,800.0,699.0,UPI,Delivered
ORD_01411,2024-10-09,2024-10-12,CUST_0231,Ayaan Saini,Male,40,Patna,Bihar,East,STR_109,Patna Central Outlet,PRD_H05,Kent Grand Plus Water Purifier,Home & Kitchen,Appliances,Kent,1,14999.0,15.0,12749.15,9500.0,3249.15,Cash on Delivery (COD),Delivered
ORD_01412,2024-10-09,2024-10-12,CUST_0171,Rashmi Kapoor,Female,49,Bhubaneswar,Odisha,East,STR_109,Patna Central Outlet,PRD_F08,4-Door Wardrobe with Mirror,Furniture,Bedroom,Spacewood,1,25500.0,5.0,24225.0,16000.0,8225.0,UPI,Delivered
ORD_01412,2024-10-09,2024-10-12,CUST_0171,Rashmi Kapoor,Female,49,Bhubaneswar,Odisha,East,STR_109,Patna Central Outlet,PRD_E11,Logitech MX Master 3S Mouse,Electronics,Accessories,Logitech,1,8995.0,0.0,8995.0,6200.0,2795.0,UPI,Delivered
ORD_01413,2024-10-10,2024-10-11,CUST_0076,Kiran Chauhan,Male,36,New Delhi,Delhi,North,STR_107,Chennai Express Store,PRD_E07,Sony WH-1000XM5 Headphones,Electronics,Audio,Sony,1,28990.0,10.0,26091.0,20000.0,6091.0,Net Banking,Delivered
ORD_01413,2024-10-10,2024-10-11,CUST_0076,Kiran Chauhan,Male,36,New Delhi,Delhi,North,STR_107,Chennai Express Store,PRD_C02,Premium Egyptian Cotton Shirt,Clothing,Formal Wear,Louis Philippe,2,2499.0,5.0,4748.1,1900.0,2848.1,Net Banking,Delivered
ORD_01413,2024-10-10,2024-10-11,CUST_0076,Kiran Chauhan,Male,36,New Delhi,Delhi,North,STR_107,Chennai Express Store,PRD_H02,Prestige 750W Mixer Grinder,Home & Kitchen,Appliances,Prestige,1,3890.0,5.0,3695.5,2100.0,1595.5,Net Banking,Delivered
ORD_01414,2024-10-11,2024-10-16,CUST_0315,Kusum Bose,Female,53,Surat,Gujarat,West,STR_102,Pune Tech Hub Outlet,PRD_C09,Athletic Dry-Fit Tracksuit,Clothing,Activewear,Under Armour,1,3299.0,5.0,3134.05,1200.0,1934.05,Net Banking,Delivered
ORD_01415,2024-10-11,2024-10-14,CUST_0070,Aarav Joshi,Male,61,New Delhi,Delhi,North,STR_104,Noida Cyber Express,PRD_F04,Solid Teak Wood Study Table,Furniture,Desks,Urban Ladder,1,14500.0,10.0,13050.0,9000.0,4050.0,UPI,Delivered
ORD_01416,2024-10-11,2024-10-13,CUST_0272,Rajendra Deshmukh,Male,31,Hyderabad,Telangana,South,STR_105,Bengaluru Indiranagar Mall,PRD_F04,Solid Teak Wood Study Table,Furniture,Desks,Urban Ladder,1,14500.0,0.0,14500.0,9000.0,5500.0,Net Banking,Delivered
ORD_01417,2024-10-11,2024-10-16,CUST_0262,Pooja Thakur,Female,58,Pune,Maharashtra,West,STR_110,Ahmedabad SG Highway Store,PRD_E07,Sony WH-1000XM5 Headphones,Electronics,Audio,Sony,1,28990.0,0.0,28990.0,20000.0,8990.0,UPI,Cancelled
ORD_01418,2024-10-12,2024-10-13,CUST_0140,Meena Reddy,Female,37,Chennai,Tamil Nadu,South,STR_105,Bengaluru Indiranagar Mall,PRD_E05,Samsung Galaxy S24,Electronics,Smartphones,Samsung,1,79999.0,0.0,79999.0,60000.0,19999.0,Credit Card,Delivered
ORD_01419,2024-10-13,2024-10-15,CUST_0141,Sunita Menon,Female,56,Lucknow,Uttar Pradesh,North,STR_103,Delhi Connaught Hub,PRD_C07,Nike Air Zoom Pegasus Running Shoes,Clothing,Footwear,Nike,2,8995.0,0.0,17990.0,8400.0,9590.0,UPI,Delivered
ORD_01420,2024-10-14,2024-10-18,CUST_0177,Suresh Patil,Male,41,Hyderabad,Telangana,South,STR_106,Hyderabad Hitech Outlet,PRD_F07,King Size Engineered Wood Bed,Furniture,Bedroom,Wakefit,2,24999.0,0.0,49998.0,30000.0,19998.0,Net Banking,Delivered
ORD_01420,2024-10-14,2024-10-18,CUST_0177,Suresh Patil,Male,41,Hyderabad,Telangana,South,STR_106,Hyderabad Hitech Outlet,PRD_F02,Executive Leather Boss Chair,Furniture,Chairs,Featherlite,1,18500.0,5.0,17575.0,11000.0,6575.0,Net Banking,Delivered
ORD_01421,2024-10-14,2024-10-18,CUST_0053,Aanya Reddy,Female,34,Bengaluru,Karnataka,South,STR_106,Hyderabad Hitech Outlet,PRD_E09,boAt Rockerz 450,Electronics,Audio,boAt,1,1499.0,10.0,1349.1,800.0,549.1,Credit Card,Delivered
ORD_01422,2024-10-15,2024-10-18,CUST_0193,Preeti Chatterjee,Female,58,Bengaluru,Karnataka,South,STR_105,Bengaluru Indiranagar Mall,PRD_H03,Instant Pot Duo 7-in-1 Cooker,Home & Kitchen,Appliances,Instant Pot,1,9999.0,10.0,8999.1,5500.0,3499.1,UPI,Delivered
ORD_01422,2024-10-15,2024-10-18,CUST_0193,Preeti Chatterjee,Female,58,Bengaluru,Karnataka,South,STR_105,Bengaluru Indiranagar Mall,PRD_F02,Executive Leather Boss Chair,Furniture,Chairs,Featherlite,1,18500.0,10.0,16650.0,11000.0,5650.0,UPI,Delivered
ORD_01422,2024-10-15,2024-10-18,CUST_0193,Preeti Chatterjee,Female,58,Bengaluru,Karnataka,South,STR_105,Bengaluru Indiranagar Mall,PRD_F05,3-Seater Velvet Fabric Sofa,Furniture,Living Room,Wakefit,1,34999.0,20.0,27999.2,22000.0,5999.2,UPI,Delivered
ORD_01423,2024-10-15,2024-10-16,CUST_0271,Shaurya Chatterjee,Male,34,Guwahati,Assam,East,STR_109,Patna Central Outlet,PRD_E01,MacBook Air M2,Electronics,Laptops,Apple,1,94900.0,10.0,85410.0,72000.0,13410.0,Credit Card,Delivered
ORD_01423,2024-10-15,2024-10-16,CUST_0271,Shaurya Chatterjee,Male,34,Guwahati,Assam,East,STR_109,Patna Central Outlet,PRD_E05,Samsung Galaxy S24,Electronics,Smartphones,Samsung,1,79999.0,10.0,71999.1,60000.0,11999.1,Credit Card,Delivered
ORD_01423,2024-10-15,2024-10-16,CUST_0271,Shaurya Chatterjee,Male,34,Guwahati,Assam,East,STR_109,Patna Central Outlet,PRD_H03,Instant Pot Duo 7-in-1 Cooker,Home & Kitchen,Appliances,Instant Pot,2,9999.0,0.0,19998.0,11000.0,8998.0,Credit Card,Delivered
ORD_01424,2024-10-16,2024-10-20,CUST_0070,Aarav Joshi,Male,61,New Delhi,Delhi,North,STR_104,Noida Cyber Express,PRD_E03,HP Pavilion Gaming Laptop,Electronics,Laptops,HP,1,62000.0,0.0,62000.0,48000.0,14000.0,Credit Card,Delivered
ORD_01425,2024-10-16,2024-10-21,CUST_0155,Preeti Bhat,Female,49,Bhubaneswar,Odisha,East,STR_108,Kolkata Park Street Store,PRD_E07,Sony WH-1000XM5 Headphones,Electronics,Audio,Sony,1,28990.0,5.0,27540.5,20000.0,7540.5,Cash on Delivery (COD),Cancelled
ORD_01425,2024-10-16,2024-10-21,CUST_0155,Preeti Bhat,Female,49,Bhubaneswar,Odisha,East,STR_108,Kolkata Park Street Store,PRD_F09,6-Seater Solid Oak Dining Set,Furniture,Dining,Durian,1,38000.0,0.0,38000.0,24000.0,14000.0,Cash on Delivery (COD),Cancelled
ORD_01426,2024-10-16,2024-10-20,CUST_0325,Nikhil Bose,Male,39,Surat,Gujarat,West,STR_101,Mumbai Flagship Store,PRD_E03,HP Pavilion Gaming Laptop,Electronics,Laptops,HP,1,62000.0,10.0,55800.0,48000.0,7800.0,Debit Card,Delivered
ORD_01427,2024-10-16,2024-10-21,CUST_0314,Sara Mehta,Female,30,New Delhi,Delhi,North,STR_104,Noida Cyber Express,PRD_E14,SanDisk 1TB Portable SSD,Electronics,Storage,SanDisk,1,8499.0,5.0,8074.05,6000.0,2074.05,UPI,Delivered
ORD_01427,2024-10-16,2024-10-21,CUST_0314,Sara Mehta,Female,30,New Delhi,Delhi,North,STR_104,Noida Cyber Express,PRD_E05,Samsung Galaxy S24,Electronics,Smartphones,Samsung,1,79999.0,10.0,71999.1,60000.0,11999.1,UPI,Delivered
ORD_01428,2024-10-16,2024-10-20,CUST_0160,Nikhil Rao,Male,49,Patna,Bihar,East,STR_109,Patna Central Outlet,PRD_E06,OnePlus 12,Electronics,Smartphones,OnePlus,1,64999.0,0.0,64999.0,45000.0,19999.0,UPI,Delivered
ORD_01429,2024-10-16,2024-10-21,CUST_0012,Kusum Patel,Female,27,Jaipur,Rajasthan,North,STR_104,Noida Cyber Express,PRD_E01,MacBook Air M2,Electronics,Laptops,Apple,1,94900.0,10.0,85410.0,72000.0,13410.0,UPI,Delivered
ORD_01429,2024-10-16,2024-10-21,CUST_0012,Kusum Patel,Female,27,Jaipur,Rajasthan,North,STR_104,Noida Cyber Express,PRD_E09,boAt Rockerz 450,Electronics,Audio,boAt,1,1499.0,0.0,1499.0,800.0,699.0,UPI,Delivered
ORD_01429,2024-10-16,2024-10-21,CUST_0012,Kusum Patel,Female,27,Jaipur,Rajasthan,North,STR_104,Noida Cyber Express,PRD_F02,Executive Leather Boss Chair,Furniture,Chairs,Featherlite,1,18500.0,0.0,18500.0,11000.0,7500.0,UPI,Delivered
ORD_01430,2024-10-16,2024-10-21,CUST_0262,Pooja Thakur,Female,58,Pune,Maharashtra,West,STR_110,Ahmedabad SG Highway Store,PRD_E02,Dell XPS 13,Electronics,Laptops,Dell,1,85000.0,5.0,80750.0,65000.0,15750.0,UPI,Delivered
ORD_01430,2024-10-16,2024-10-21,CUST_0262,Pooja Thakur,Female,58,Pune,Maharashtra,West,STR_110,Ahmedabad SG Highway Store,PRD_E10,LG 27-inch 4K UHD Monitor,Electronics,Monitors,LG,1,28500.0,15.0,24225.0,21000.0,3225.0,UPI,Delivered
ORD_01431,2024-10-16,2024-10-20,CUST_0272,Rajendra Deshmukh,Male,31,Hyderabad,Telangana,South,STR_107,Chennai Express Store,PRD_C04,Women Silk Embroidered Kurta Set,Clothing,Ethnic Wear,Biba,1,3899.0,10.0,3509.1,1400.0,2109.1,UPI,Delivered
ORD_01432,2024-10-17,2024-10-20,CUST_0039,Aarav Patel,Male,35,Pune,Maharashtra,West,STR_108,Kolkata Park Street Store,PRD_F03,Motorized Standing Desk,Furniture,Desks,ErgoSmart,1,26999.0,15.0,22949.15,18000.0,4949.15,UPI,Delivered
ORD_01433,2024-10-17,2024-10-18,CUST_0311,Vijay Saxena,Male,54,New Delhi,Delhi,North,STR_104,Noida Cyber Express,PRD_E03,HP Pavilion Gaming Laptop,Electronics,Laptops,HP,1,62000.0,10.0,55800.0,48000.0,7800.0,Net Banking,Delivered
ORD_01434,2024-10-19,2024-10-23,CUST_0184,Rashmi Thakur,Female,39,New Delhi,Delhi,North,STR_104,Noida Cyber Express,PRD_H05,Kent Grand Plus Water Purifier,Home & Kitchen,Appliances,Kent,1,14999.0,5.0,14249.05,9500.0,4749.05,Debit Card,Returned
ORD_01434,2024-10-19,2024-10-23,CUST_0184,Rashmi Thakur,Female,39,New Delhi,Delhi,North,STR_104,Noida Cyber Express,PRD_H02,Prestige 750W Mixer Grinder,Home & Kitchen,Appliances,Prestige,1,3890.0,5.0,3695.5,2100.0,1595.5,Debit Card,Returned
ORD_01435,2024-10-19,2024-10-21,CUST_0031,Meena Sharma,Female,44,Surat,Gujarat,West,STR_101,Mumbai Flagship Store,PRD_F05,3-Seater Velvet Fabric Sofa,Furniture,Living Room,Wakefit,1,34999.0,5.0,33249.05,22000.0,11249.05,UPI,Delivered
ORD_01436,2024-10-21,2024-10-26,CUST_0249,Naveen Mishra,Male,53,Chennai,Tamil Nadu,South,STR_110,Ahmedabad SG Highway Store,PRD_E12,Logitech Mechanical Keyboard,Electronics,Accessories,Logitech,1,6495.0,5.0,6170.25,4500.0,1670.25,Credit Card,Delivered
ORD_01437,2024-10-21,2024-10-23,CUST_0227,Arun Patel,Male,21,Kochi,Kerala,South,STR_106,Hyderabad Hitech Outlet,PRD_F06,L-Shape Sectional Luxury Sofa,Furniture,Living Room,Godrej Interio,1,52000.0,5.0,49400.0,34000.0,15400.0,Cash on Delivery (COD),Delivered
ORD_01438,2024-10-21,2024-10-22,CUST_0262,Pooja Thakur,Female,58,Pune,Maharashtra,West,STR_101,Mumbai Flagship Store,PRD_C10,UV Protected Polarized Sunglasses,Clothing,Accessories,Ray-Ban,2,3490.0,15.0,5933.0,2200.0,3733.0,Credit Card,Delivered
ORD_01439,2024-10-22,2024-10-23,CUST_0187,Shaurya Mehta,Male,50,Surat,Gujarat,West,STR_110,Ahmedabad SG Highway Store,PRD_E13,TP-Link AX3000 Wi-Fi 6 Router,Electronics,Networking,TP-Link,1,4999.0,5.0,4749.05,3200.0,1549.05,UPI,Delivered
ORD_01440,2024-10-22,2024-10-26,CUST_0135,Aanya Patil,Female,54,Noida,Uttar Pradesh,North,STR_104,Noida Cyber Express,PRD_F07,King Size Engineered Wood Bed,Furniture,Bedroom,Wakefit,2,24999.0,10.0,44998.2,30000.0,14998.2,UPI,Delivered
ORD_01441,2024-10-22,2024-10-25,CUST_0155,Preeti Bhat,Female,49,Bhubaneswar,Odisha,East,STR_109,Patna Central Outlet,PRD_F07,King Size Engineered Wood Bed,Furniture,Bedroom,Wakefit,1,24999.0,0.0,24999.0,15000.0,9999.0,Credit Card,Delivered
ORD_01442,2024-10-22,2024-10-23,CUST_0204,Sameer Verma,Male,36,Ahmedabad,Gujarat,West,STR_110,Ahmedabad SG Highway Store,PRD_H02,Prestige 750W Mixer Grinder,Home & Kitchen,Appliances,Prestige,1,3890.0,15.0,3306.5,2100.0,1206.5,Credit Card,Delivered
ORD_01443,2024-10-23,2024-10-28,CUST_0140,Meena Reddy,Female,37,Chennai,Tamil Nadu,South,STR_106,Hyderabad Hitech Outlet,PRD_E14,SanDisk 1TB Portable SSD,Electronics,Storage,SanDisk,1,8499.0,5.0,8074.05,6000.0,2074.05,Credit Card,Delivered
ORD_01443,2024-10-23,2024-10-28,CUST_0140,Meena Reddy,Female,37,Chennai,Tamil Nadu,South,STR_106,Hyderabad Hitech Outlet,PRD_F01,Ergonomic Mesh Office Chair,Furniture,Chairs,Green Soul,1,12999.0,0.0,12999.0,7500.0,5499.0,Credit Card,Delivered
ORD_01443,2024-10-23,2024-10-28,CUST_0140,Meena Reddy,Female,37,Chennai,Tamil Nadu,South,STR_106,Hyderabad Hitech Outlet,PRD_E01,MacBook Air M2,Electronics,Laptops,Apple,1,94900.0,5.0,90155.0,72000.0,18155.0,Credit Card,Delivered
ORD_01444,2024-10-24,2024-10-25,CUST_0242,Riya Patel,Female,58,Gurugram,Haryana,North,STR_101,Mumbai Flagship Store,PRD_E12,Logitech Mechanical Keyboard,Electronics,Accessories,Logitech,1,6495.0,0.0,6495.0,4500.0,1995.0,UPI,Delivered
ORD_01445,2024-10-24,2024-10-29,CUST_0166,Rakesh Patel,Male,37,Jaipur,Rajasthan,North,STR_103,Delhi Connaught Hub,PRD_C02,Premium Egyptian Cotton Shirt,Clothing,Formal Wear,Louis Philippe,1,2499.0,0.0,2499.0,950.0,1549.0,Credit Card,Delivered
ORD_01446,2024-10-24,2024-10-29,CUST_0076,Kiran Chauhan,Male,36,New Delhi,Delhi,North,STR_103,Delhi Connaught Hub,PRD_E05,Samsung Galaxy S24,Electronics,Smartphones,Samsung,1,79999.0,10.0,71999.1,60000.0,11999.1,Credit Card,Delivered
ORD_01447,2024-10-24,2024-10-26,CUST_0231,Ayaan Saini,Male,40,Patna,Bihar,East,STR_101,Mumbai Flagship Store,PRD_E04,iPhone 15 Pro,Electronics,Smartphones,Apple,1,124900.0,5.0,118655.0,95000.0,23655.0,Cash on Delivery (COD),Returned
ORD_01448,2024-10-25,2024-10-26,CUST_0248,Rajendra Kapoor,Male,25,Surat,Gujarat,West,STR_101,Mumbai Flagship Store,PRD_C03,Men Tapered Chinos,Clothing,Casual Wear,Allen Solly,1,2199.0,15.0,1869.15,800.0,1069.15,UPI,Delivered
ORD_01449,2024-10-26,2024-10-29,CUST_0166,Rakesh Patel,Male,37,Jaipur,Rajasthan,North,STR_102,Pune Tech Hub Outlet,PRD_H03,Instant Pot Duo 7-in-1 Cooker,Home & Kitchen,Appliances,Instant Pot,1,9999.0,0.0,9999.0,5500.0,4499.0,Credit Card,Delivered
ORD_01450,2024-10-26,2024-10-29,CUST_0262,Pooja Thakur,Female,58,Pune,Maharashtra,West,STR_101,Mumbai Flagship Store,PRD_C10,UV Protected Polarized Sunglasses,Clothing,Accessories,Ray-Ban,1,3490.0,0.0,3490.0,1100.0,2390.0,UPI,Delivered
ORD_01450,2024-10-26,2024-10-29,CUST_0262,Pooja Thakur,Female,58,Pune,Maharashtra,West,STR_101,Mumbai Flagship Store,PRD_C03,Men Tapered Chinos,Clothing,Casual Wear,Allen Solly,3,2199.0,5.0,6267.15,2400.0,3867.15,UPI,Delivered
ORD_01451,2024-10-26,2024-10-27,CUST_0187,Shaurya Mehta,Male,50,Surat,Gujarat,West,STR_102,Pune Tech Hub Outlet,PRD_E05,Samsung Galaxy S24,Electronics,Smartphones,Samsung,1,79999.0,0.0,79999.0,60000.0,19999.0,Cash on Delivery (COD),Delivered
ORD_01452,2024-10-27,2024-10-31,CUST_0350,Muhammad Bose,Male,38,Hyderabad,Telangana,South,STR_109,Patna Central Outlet,PRD_E07,Sony WH-1000XM5 Headphones,Electronics,Audio,Sony,1,28990.0,5.0,27540.5,20000.0,7540.5,Credit Card,Delivered
ORD_01453,2024-10-30,2024-10-31,CUST_0250,Naveen Kapoor,Male,60,Jaipur,Rajasthan,North,STR_103,Delhi Connaught Hub,PRD_E03,HP Pavilion Gaming Laptop,Electronics,Laptops,HP,1,62000.0,0.0,62000.0,48000.0,14000.0,UPI,Delivered
ORD_01454,2024-10-30,2024-11-02,CUST_0199,Vijay Bose,Male,49,Surat,Gujarat,West,STR_105,Bengaluru Indiranagar Mall,PRD_C01,Men Slim Fit Formal Blazer,Clothing,Formal Wear,Raymond,1,5999.0,5.0,5699.05,2600.0,3099.05,Debit Card,Delivered
ORD_01454,2024-10-30,2024-11-02,CUST_0199,Vijay Bose,Male,49,Surat,Gujarat,West,STR_105,Bengaluru Indiranagar Mall,PRD_C09,Athletic Dry-Fit Tracksuit,Clothing,Activewear,Under Armour,2,3299.0,20.0,5278.4,2400.0,2878.4,Debit Card,Delivered
ORD_01454,2024-10-30,2024-11-02,CUST_0199,Vijay Bose,Male,49,Surat,Gujarat,West,STR_105,Bengaluru Indiranagar Mall,PRD_E05,Samsung Galaxy S24,Electronics,Smartphones,Samsung,1,79999.0,5.0,75999.05,60000.0,15999.05,Debit Card,Delivered
ORD_01455,2024-10-30,2024-11-03,CUST_0155,Preeti Bhat,Female,49,Bhubaneswar,Odisha,East,STR_108,Kolkata Park Street Store,PRD_F03,Motorized Standing Desk,Furniture,Desks,ErgoSmart,2,26999.0,10.0,48598.2,36000.0,12598.2,Debit Card,Delivered
ORD_01455,2024-10-30,2024-11-03,CUST_0155,Preeti Bhat,Female,49,Bhubaneswar,Odisha,East,STR_108,Kolkata Park Street Store,PRD_C09,Athletic Dry-Fit Tracksuit,Clothing,Activewear,Under Armour,1,3299.0,10.0,2969.1,1200.0,1769.1,Debit Card,Delivered
ORD_01456,2024-10-30,2024-11-01,CUST_0155,Preeti Bhat,Female,49,Bhubaneswar,Odisha,East,STR_108,Kolkata Park Street Store,PRD_E10,LG 27-inch 4K UHD Monitor,Electronics,Monitors,LG,1,28500.0,0.0,28500.0,21000.0,7500.0,Cash on Delivery (COD),Delivered
ORD_01457,2024-10-31,2024-11-05,CUST_0246,Deepak Pandey,Male,58,Jaipur,Rajasthan,North,STR_104,Noida Cyber Express,PRD_C08,Puma UltraRide Sneakers,Clothing,Footwear,Puma,1,4999.0,0.0,4999.0,2200.0,2799.0,UPI,Delivered
ORD_01457,2024-10-31,2024-11-05,CUST_0246,Deepak Pandey,Male,58,Jaipur,Rajasthan,North,STR_104,Noida Cyber Express,PRD_E05,Samsung Galaxy S24,Electronics,Smartphones,Samsung,1,79999.0,0.0,79999.0,60000.0,19999.0,UPI,Delivered
ORD_01457,2024-10-31,2024-11-05,CUST_0246,Deepak Pandey,Male,58,Jaipur,Rajasthan,North,STR_104,Noida Cyber Express,PRD_E12,Logitech Mechanical Keyboard,Electronics,Accessories,Logitech,1,6495.0,0.0,6495.0,4500.0,1995.0,UPI,Delivered
ORD_01458,2024-10-31,2024-11-01,CUST_0148,Meera Mehta,Female,33,Surat,Gujarat,West,STR_110,Ahmedabad SG Highway Store,PRD_C09,Athletic Dry-Fit Tracksuit,Clothing,Activewear,Under Armour,3,3299.0,0.0,9897.0,3600.0,6297.0,UPI,Delivered
ORD_01458,2024-10-31,2024-11-01,CUST_0148,Meera Mehta,Female,33,Surat,Gujarat,West,STR_110,Ahmedabad SG Highway Store,PRD_E09,boAt Rockerz 450,Electronics,Audio,boAt,2,1499.0,5.0,2848.1,1600.0,1248.1,UPI,Delivered
ORD_01458,2024-10-31,2024-11-01,CUST_0148,Meera Mehta,Female,33,Surat,Gujarat,West,STR_110,Ahmedabad SG Highway Store,PRD_F05,3-Seater Velvet Fabric Sofa,Furniture,Living Room,Wakefit,2,34999.0,0.0,69998.0,44000.0,25998.0,UPI,Delivered
ORD_01459,2024-10-31,2024-11-01,CUST_0337,Gaurav Malhotra,Male,30,Jaipur,Rajasthan,North,STR_104,Noida Cyber Express,PRD_F09,6-Seater Solid Oak Dining Set,Furniture,Dining,Durian,1,38000.0,0.0,38000.0,24000.0,14000.0,Credit Card,Delivered
ORD_01460,2024-10-31,2024-11-05,CUST_0199,Vijay Bose,Male,49,Surat,Gujarat,West,STR_110,Ahmedabad SG Highway Store,PRD_C06,Men Stretch Denim Jeans,Clothing,Casual Wear,Levi's,2,2999.0,5.0,5698.1,2200.0,3498.1,UPI,Delivered
ORD_01461,2024-11-01,2024-11-02,CUST_0035,Swati Kapoor,Female,34,Kolkata,West Bengal,East,STR_101,Mumbai Flagship Store,PRD_C02,Premium Egyptian Cotton Shirt,Clothing,Formal Wear,Louis Philippe,1,2499.0,15.0,2124.15,950.0,1174.15,UPI,Delivered
ORD_01462,2024-11-01,2024-11-02,CUST_0306,Rajesh Das,Male,61,Pune,Maharashtra,West,STR_110,Ahmedabad SG Highway Store,PRD_E03,HP Pavilion Gaming Laptop,Electronics,Laptops,HP,1,62000.0,0.0,62000.0,48000.0,14000.0,UPI,Returned
ORD_01463,2024-11-01,2024-11-04,CUST_0227,Arun Patel,Male,21,Kochi,Kerala,South,STR_105,Bengaluru Indiranagar Mall,PRD_E02,Dell XPS 13,Electronics,Laptops,Dell,1,85000.0,0.0,85000.0,65000.0,20000.0,Credit Card,Delivered
ORD_01464,2024-11-03,2024-11-07,CUST_0248,Rajendra Kapoor,Male,25,Surat,Gujarat,West,STR_102,Pune Tech Hub Outlet,PRD_C04,Women Silk Embroidered Kurta Set,Clothing,Ethnic Wear,Biba,2,3899.0,10.0,7018.2,2800.0,4218.2,Credit Card,Delivered
ORD_01465,2024-11-03,2024-11-07,CUST_0183,Shweta Saini,Female,24,Patna,Bihar,East,STR_109,Patna Central Outlet,PRD_H03,Instant Pot Duo 7-in-1 Cooker,Home & Kitchen,Appliances,Instant Pot,1,9999.0,0.0,9999.0,5500.0,4499.0,UPI,Delivered
ORD_01465,2024-11-03,2024-11-07,CUST_0183,Shweta Saini,Female,24,Patna,Bihar,East,STR_109,Patna Central Outlet,PRD_C08,Puma UltraRide Sneakers,Clothing,Footwear,Puma,3,4999.0,0.0,14997.0,6600.0,8397.0,UPI,Delivered
ORD_01465,2024-11-03,2024-11-07,CUST_0183,Shweta Saini,Female,24,Patna,Bihar,East,STR_109,Patna Central Outlet,PRD_C10,UV Protected Polarized Sunglasses,Clothing,Accessories,Ray-Ban,2,3490.0,5.0,6631.0,2200.0,4431.0,UPI,Delivered
ORD_01466,2024-11-03,2024-11-04,CUST_0012,Kusum Patel,Female,27,Jaipur,Rajasthan,North,STR_104,Noida Cyber Express,PRD_E05,Samsung Galaxy S24,Electronics,Smartphones,Samsung,1,79999.0,5.0,75999.05,60000.0,15999.05,Credit Card,Delivered
ORD_01467,2024-11-03,2024-11-07,CUST_0325,Nikhil Bose,Male,39,Surat,Gujarat,West,STR_110,Ahmedabad SG Highway Store,PRD_H05,Kent Grand Plus Water Purifier,Home & Kitchen,Appliances,Kent,1,14999.0,15.0,12749.15,9500.0,3249.15,UPI,Delivered
ORD_01468,2024-11-04,2024-11-09,CUST_0128,Rudra Mishra,Male,40,Noida,Uttar Pradesh,North,STR_103,Delhi Connaught Hub,PRD_F03,Motorized Standing Desk,Furniture,Desks,ErgoSmart,2,26999.0,0.0,53998.0,36000.0,17998.0,UPI,Delivered
ORD_01469,2024-11-04,2024-11-07,CUST_0186,Aadhya Nair,Female,56,Mumbai,Maharashtra,West,STR_101,Mumbai Flagship Store,PRD_F03,Motorized Standing Desk,Furniture,Desks,ErgoSmart,1,26999.0,10.0,24299.1,18000.0,6299.1,UPI,Delivered
ORD_01470,2024-11-04,2024-11-05,CUST_0199,Vijay Bose,Male,49,Surat,Gujarat,West,STR_110,Ahmedabad SG Highway Store,PRD_C07,Nike Air Zoom Pegasus Running Shoes,Clothing,Footwear,Nike,3,8995.0,15.0,22937.25,12600.0,10337.25,UPI,Delivered
ORD_01470,2024-11-04,2024-11-05,CUST_0199,Vijay Bose,Male,49,Surat,Gujarat,West,STR_110,Ahmedabad SG Highway Store,PRD_E13,TP-Link AX3000 Wi-Fi 6 Router,Electronics,Networking,TP-Link,1,4999.0,10.0,4499.1,3200.0,1299.1,UPI,Delivered
ORD_01470,2024-11-04,2024-11-05,CUST_0199,Vijay Bose,Male,49,Surat,Gujarat,West,STR_110,Ahmedabad SG Highway Store,PRD_C02,Premium Egyptian Cotton Shirt,Clothing,Formal Wear,Louis Philippe,2,2499.0,15.0,4248.3,1900.0,2348.3,UPI,Delivered
ORD_01471,2024-11-04,2024-11-07,CUST_0177,Suresh Patil,Male,41,Hyderabad,Telangana,South,STR_107,Chennai Express Store,PRD_F08,4-Door Wardrobe with Mirror,Furniture,Bedroom,Spacewood,1,25500.0,5.0,24225.0,16000.0,8225.0,Debit Card,Delivered
ORD_01471,2024-11-04,2024-11-07,CUST_0177,Suresh Patil,Male,41,Hyderabad,Telangana,South,STR_107,Chennai Express Store,PRD_E14,SanDisk 1TB Portable SSD,Electronics,Storage,SanDisk,1,8499.0,20.0,6799.2,6000.0,799.2,Debit Card,Delivered
ORD_01472,2024-11-04,2024-11-07,CUST_0262,Pooja Thakur,Female,58,Pune,Maharashtra,West,STR_110,Ahmedabad SG Highway Store,PRD_H05,Kent Grand Plus Water Purifier,Home & Kitchen,Appliances,Kent,2,14999.0,15.0,25498.3,19000.0,6498.3,UPI,Delivered
ORD_01473,2024-11-04,2024-11-05,CUST_0274,Muhammad Gupta,Male,60,Noida,Uttar Pradesh,North,STR_104,Noida Cyber Express,PRD_C03,Men Tapered Chinos,Clothing,Casual Wear,Allen Solly,1,2199.0,0.0,2199.0,800.0,1399.0,UPI,Delivered
ORD_01474,2024-11-05,2024-11-08,CUST_0199,Vijay Bose,Male,49,Surat,Gujarat,West,STR_101,Mumbai Flagship Store,PRD_F08,4-Door Wardrobe with Mirror,Furniture,Bedroom,Spacewood,1,25500.0,0.0,25500.0,16000.0,9500.0,Debit Card,Delivered
ORD_01475,2024-11-05,2024-11-08,CUST_0089,Ayaan Das,Male,60,Hyderabad,Telangana,South,STR_105,Bengaluru Indiranagar Mall,PRD_C04,Women Silk Embroidered Kurta Set,Clothing,Ethnic Wear,Biba,3,3899.0,0.0,11697.0,4200.0,7497.0,Credit Card,Delivered
ORD_01476,2024-11-05,2024-11-09,CUST_0012,Kusum Patel,Female,27,Jaipur,Rajasthan,North,STR_104,Noida Cyber Express,PRD_H01,Philips Air Fryer XL 4.1L,Home & Kitchen,Appliances,Philips,1,8495.0,5.0,8070.25,4800.0,3270.25,UPI,Returned
ORD_01477,2024-11-05,2024-11-07,CUST_0241,Muhammad Pandey,Male,36,Hyderabad,Telangana,South,STR_106,Hyderabad Hitech Outlet,PRD_F07,King Size Engineered Wood Bed,Furniture,Bedroom,Wakefit,1,24999.0,5.0,23749.05,15000.0,8749.05,Credit Card,Delivered
ORD_01478,2024-11-05,2024-11-10,CUST_0271,Shaurya Chatterjee,Male,34,Guwahati,Assam,East,STR_109,Patna Central Outlet,PRD_H02,Prestige 750W Mixer Grinder,Home & Kitchen,Appliances,Prestige,1,3890.0,0.0,3890.0,2100.0,1790.0,UPI,Delivered
ORD_01478,2024-11-05,2024-11-10,CUST_0271,Shaurya Chatterjee,Male,34,Guwahati,Assam,East,STR_109,Patna Central Outlet,PRD_E12,Logitech Mechanical Keyboard,Electronics,Accessories,Logitech,1,6495.0,10.0,5845.5,4500.0,1345.5,UPI,Delivered
ORD_01479,2024-11-06,2024-11-07,CUST_0071,Aadhya Chatterjee,Female,56,Patna,Bihar,East,STR_108,Kolkata Park Street Store,PRD_C05,Women Designer Georgette Saree,Clothing,Ethnic Wear,FabIndia,1,4999.0,0.0,4999.0,1800.0,3199.0,UPI,Delivered
ORD_01480,2024-11-06,2024-11-10,CUST_0155,Preeti Bhat,Female,49,Bhubaneswar,Odisha,East,STR_109,Patna Central Outlet,PRD_H04,Dyson V8 Cordless Vacuum Cleaner,Home & Kitchen,Home Care,Dyson,1,29900.0,5.0,28405.0,19000.0,9405.0,Credit Card,Delivered
ORD_01480,2024-11-06,2024-11-10,CUST_0155,Preeti Bhat,Female,49,Bhubaneswar,Odisha,East,STR_109,Patna Central Outlet,PRD_F02,Executive Leather Boss Chair,Furniture,Chairs,Featherlite,1,18500.0,0.0,18500.0,11000.0,7500.0,Credit Card,Delivered
ORD_01481,2024-11-07,2024-11-11,CUST_0098,Anika Gupta,Female,23,Mumbai,Maharashtra,West,STR_109,Patna Central Outlet,PRD_E08,Apple AirPods Pro 2,Electronics,Audio,Apple,1,22900.0,5.0,21755.0,16000.0,5755.0,Credit Card,Delivered
ORD_01482,2024-11-07,2024-11-08,CUST_0249,Naveen Mishra,Male,53,Chennai,Tamil Nadu,South,STR_105,Bengaluru Indiranagar Mall,PRD_E08,Apple AirPods Pro 2,Electronics,Audio,Apple,1,22900.0,10.0,20610.0,16000.0,4610.0,Cash on Delivery (COD),Delivered
ORD_01483,2024-11-07,2024-11-08,CUST_0246,Deepak Pandey,Male,58,Jaipur,Rajasthan,North,STR_106,Hyderabad Hitech Outlet,PRD_F03,Motorized Standing Desk,Furniture,Desks,ErgoSmart,2,26999.0,0.0,53998.0,36000.0,17998.0,Net Banking,Delivered
ORD_01484,2024-11-08,2024-11-13,CUST_0155,Preeti Bhat,Female,49,Bhubaneswar,Odisha,East,STR_109,Patna Central Outlet,PRD_E02,Dell XPS 13,Electronics,Laptops,Dell,1,85000.0,5.0,80750.0,65000.0,15750.0,Credit Card,Delivered
ORD_01485,2024-11-08,2024-11-13,CUST_0034,Pooja Das,Female,56,Bhubaneswar,Odisha,East,STR_108,Kolkata Park Street Store,PRD_F07,King Size Engineered Wood Bed,Furniture,Bedroom,Wakefit,1,24999.0,10.0,22499.1,15000.0,7499.1,Credit Card,Delivered
ORD_01486,2024-11-08,2024-11-10,CUST_0281,Amit Singh,Male,52,Mumbai,Maharashtra,West,STR_101,Mumbai Flagship Store,PRD_F06,L-Shape Sectional Luxury Sofa,Furniture,Living Room,Godrej Interio,1,52000.0,0.0,52000.0,34000.0,18000.0,Debit Card,Delivered
ORD_01486,2024-11-08,2024-11-10,CUST_0281,Amit Singh,Male,52,Mumbai,Maharashtra,West,STR_101,Mumbai Flagship Store,PRD_F03,Motorized Standing Desk,Furniture,Desks,ErgoSmart,1,26999.0,10.0,24299.1,18000.0,6299.1,Debit Card,Delivered
ORD_01487,2024-11-09,2024-11-11,CUST_0249,Naveen Mishra,Male,53,Chennai,Tamil Nadu,South,STR_105,Bengaluru Indiranagar Mall,PRD_C03,Men Tapered Chinos,Clothing,Casual Wear,Allen Solly,2,2199.0,15.0,3738.3,1600.0,2138.3,UPI,Delivered
ORD_01488,2024-11-09,2024-11-13,CUST_0070,Aarav Joshi,Male,61,New Delhi,Delhi,North,STR_103,Delhi Connaught Hub,PRD_E07,Sony WH-1000XM5 Headphones,Electronics,Audio,Sony,1,28990.0,0.0,28990.0,20000.0,8990.0,Net Banking,Delivered
ORD_01489,2024-11-10,2024-11-12,CUST_0262,Pooja Thakur,Female,58,Pune,Maharashtra,West,STR_110,Ahmedabad SG Highway Store,PRD_E11,Logitech MX Master 3S Mouse,Electronics,Accessories,Logitech,1,8995.0,10.0,8095.5,6200.0,1895.5,Cash on Delivery (COD),Delivered
ORD_01490,2024-11-10,2024-11-11,CUST_0008,Shaurya Rao,Male,43,Surat,Gujarat,West,STR_110,Ahmedabad SG Highway Store,PRD_H04,Dyson V8 Cordless Vacuum Cleaner,Home & Kitchen,Home Care,Dyson,1,29900.0,5.0,28405.0,19000.0,9405.0,Credit Card,Delivered
ORD_01491,2024-11-10,2024-11-11,CUST_0306,Rajesh Das,Male,61,Pune,Maharashtra,West,STR_103,Delhi Connaught Hub,PRD_F10,Geometric Minimalist Bookshelf,Furniture,Storage,Home Centre,1,7999.0,0.0,7999.0,4500.0,3499.0,Debit Card,Returned
ORD_01492,2024-11-10,2024-11-15,CUST_0051,Ananya Rao,Female,45,Mumbai,Maharashtra,West,STR_110,Ahmedabad SG Highway Store,PRD_C07,Nike Air Zoom Pegasus Running Shoes,Clothing,Footwear,Nike,1,8995.0,5.0,8545.25,4200.0,4345.25,Net Banking,Delivered
ORD_01493,2024-11-10,2024-11-11,CUST_0013,Sunita Deshmukh,Female,31,Chennai,Tamil Nadu,South,STR_105,Bengaluru Indiranagar Mall,PRD_F07,King Size Engineered Wood Bed,Furniture,Bedroom,Wakefit,1,24999.0,10.0,22499.1,15000.0,7499.1,Cash on Delivery (COD),Delivered
ORD_01494,2024-11-11,2024-11-16,CUST_0325,Nikhil Bose,Male,39,Surat,Gujarat,West,STR_101,Mumbai Flagship Store,PRD_F01,Ergonomic Mesh Office Chair,Furniture,Chairs,Green Soul,2,12999.0,5.0,24698.1,15000.0,9698.1,Credit Card,Delivered
ORD_01495,2024-11-11,2024-11-13,CUST_0166,Rakesh Patel,Male,37,Jaipur,Rajasthan,North,STR_103,Delhi Connaught Hub,PRD_F07,King Size Engineered Wood Bed,Furniture,Bedroom,Wakefit,1,24999.0,20.0,19999.2,15000.0,4999.2,UPI,Delivered
ORD_01495,2024-11-11,2024-11-13,CUST_0166,Rakesh Patel,Male,37,Jaipur,Rajasthan,North,STR_103,Delhi Connaught Hub,PRD_E01,MacBook Air M2,Electronics,Laptops,Apple,1,94900.0,0.0,94900.0,72000.0,22900.0,UPI,Delivered
ORD_01496,2024-11-11,2024-11-15,CUST_0162,Riya Saini,Female,37,Gurugram,Haryana,North,STR_103,Delhi Connaught Hub,PRD_C09,Athletic Dry-Fit Tracksuit,Clothing,Activewear,Under Armour,2,3299.0,0.0,6598.0,2400.0,4198.0,UPI,Delivered
ORD_01496,2024-11-11,2024-11-15,CUST_0162,Riya Saini,Female,37,Gurugram,Haryana,North,STR_103,Delhi Connaught Hub,PRD_F08,4-Door Wardrobe with Mirror,Furniture,Bedroom,Spacewood,2,25500.0,5.0,48450.0,32000.0,16450.0,UPI,Delivered
ORD_01496,2024-11-11,2024-11-15,CUST_0162,Riya Saini,Female,37,Gurugram,Haryana,North,STR_103,Delhi Connaught Hub,PRD_F09,6-Seater Solid Oak Dining Set,Furniture,Dining,Durian,1,38000.0,10.0,34200.0,24000.0,10200.0,UPI,Delivered
ORD_01497,2024-11-11,2024-11-16,CUST_0253,Meena Banerjee,Female,25,Patna,Bihar,East,STR_109,Patna Central Outlet,PRD_C08,Puma UltraRide Sneakers,Clothing,Footwear,Puma,2,4999.0,10.0,8998.2,4400.0,4598.2,UPI,Delivered
ORD_01497,2024-11-11,2024-11-16,CUST_0253,Meena Banerjee,Female,25,Patna,Bihar,East,STR_109,Patna Central Outlet,PRD_E08,Apple AirPods Pro 2,Electronics,Audio,Apple,1,22900.0,10.0,20610.0,16000.0,4610.0,UPI,Delivered
ORD_01498,2024-11-11,2024-11-13,CUST_0010,Karthik Patel,Male,61,Bengaluru,Karnataka,South,STR_105,Bengaluru Indiranagar Mall,PRD_H02,Prestige 750W Mixer Grinder,Home & Kitchen,Appliances,Prestige,2,3890.0,5.0,7391.0,4200.0,3191.0,UPI,Delivered
ORD_01499,2024-11-11,2024-11-14,CUST_0137,Rashmi Joshi,Female,26,Jaipur,Rajasthan,North,STR_104,Noida Cyber Express,PRD_E05,Samsung Galaxy S24,Electronics,Smartphones,Samsung,1,79999.0,5.0,75999.05,60000.0,15999.05,Cash on Delivery (COD),Delivered
ORD_01500,2024-11-11,2024-11-13,CUST_0231,Ayaan Saini,Male,40,Patna,Bihar,East,STR_109,Patna Central Outlet,PRD_C04,Women Silk Embroidered Kurta Set,Clothing,Ethnic Wear,Biba,1,3899.0,0.0,3899.0,1400.0,2499.0,Debit Card,Delivered
ORD_01501,2024-11-12,2024-11-15,CUST_0070,Aarav Joshi,Male,61,New Delhi,Delhi,North,STR_104,Noida Cyber Express,PRD_E12,Logitech Mechanical Keyboard,Electronics,Accessories,Logitech,1,6495.0,20.0,5196.0,4500.0,696.0,Credit Card,Delivered
ORD_01502,2024-11-12,2024-11-14,CUST_0121,Neha Deshmukh,Female,42,Hyderabad,Telangana,South,STR_105,Bengaluru Indiranagar Mall,PRD_F04,Solid Teak Wood Study Table,Furniture,Desks,Urban Ladder,1,14500.0,0.0,14500.0,9000.0,5500.0,Debit Card,Delivered
ORD_01502,2024-11-12,2024-11-14,CUST_0121,Neha Deshmukh,Female,42,Hyderabad,Telangana,South,STR_105,Bengaluru Indiranagar Mall,PRD_C08,Puma UltraRide Sneakers,Clothing,Footwear,Puma,2,4999.0,0.0,9998.0,4400.0,5598.0,Debit Card,Delivered
ORD_01502,2024-11-12,2024-11-14,CUST_0121,Neha Deshmukh,Female,42,Hyderabad,Telangana,South,STR_105,Bengaluru Indiranagar Mall,PRD_H05,Kent Grand Plus Water Purifier,Home & Kitchen,Appliances,Kent,1,14999.0,0.0,14999.0,9500.0,5499.0,Debit Card,Delivered
ORD_01503,2024-11-13,2024-11-14,CUST_0097,Shaurya Saxena,Male,40,Jaipur,Rajasthan,North,STR_103,Delhi Connaught Hub,PRD_C10,UV Protected Polarized Sunglasses,Clothing,Accessories,Ray-Ban,1,3490.0,5.0,3315.5,1100.0,2215.5,Cash on Delivery (COD),Delivered
ORD_01504,2024-11-13,2024-11-15,CUST_0013,Sunita Deshmukh,Female,31,Chennai,Tamil Nadu,South,STR_107,Chennai Express Store,PRD_C03,Men Tapered Chinos,Clothing,Casual Wear,Allen Solly,1,2199.0,15.0,1869.15,800.0,1069.15,Debit Card,Delivered
ORD_01505,2024-11-13,2024-11-14,CUST_0325,Nikhil Bose,Male,39,Surat,Gujarat,West,STR_109,Patna Central Outlet,PRD_H02,Prestige 750W Mixer Grinder,Home & Kitchen,Appliances,Prestige,1,3890.0,15.0,3306.5,2100.0,1206.5,UPI,Delivered
ORD_01506,2024-11-13,2024-11-14,CUST_0151,Atharva Saxena,Male,39,Gurugram,Haryana,North,STR_103,Delhi Connaught Hub,PRD_F08,4-Door Wardrobe with Mirror,Furniture,Bedroom,Spacewood,1,25500.0,0.0,25500.0,16000.0,9500.0,UPI,Delivered
ORD_01507,2024-11-13,2024-11-17,CUST_0306,Rajesh Das,Male,61,Pune,Maharashtra,West,STR_101,Mumbai Flagship Store,PRD_E04,iPhone 15 Pro,Electronics,Smartphones,Apple,1,124900.0,5.0,118655.0,95000.0,23655.0,Credit Card,Delivered
ORD_01507,2024-11-13,2024-11-17,CUST_0306,Rajesh Das,Male,61,Pune,Maharashtra,West,STR_101,Mumbai Flagship Store,PRD_F08,4-Door Wardrobe with Mirror,Furniture,Bedroom,Spacewood,2,25500.0,10.0,45900.0,32000.0,13900.0,Credit Card,Delivered
ORD_01508,2024-11-14,2024-11-16,CUST_0012,Kusum Patel,Female,27,Jaipur,Rajasthan,North,STR_104,Noida Cyber Express,PRD_C01,Men Slim Fit Formal Blazer,Clothing,Formal Wear,Raymond,1,5999.0,0.0,5999.0,2600.0,3399.0,Credit Card,Delivered
ORD_01509,2024-11-16,2024-11-21,CUST_0243,Kavita Joshi,Female,59,New Delhi,Delhi,North,STR_103,Delhi Connaught Hub,PRD_E01,MacBook Air M2,Electronics,Laptops,Apple,1,94900.0,5.0,90155.0,72000.0,18155.0,UPI,Returned
ORD_01510,2024-11-17,2024-11-19,CUST_0107,Divya Saxena,Female,54,Lucknow,Uttar Pradesh,North,STR_104,Noida Cyber Express,PRD_C10,UV Protected Polarized Sunglasses,Clothing,Accessories,Ray-Ban,3,3490.0,10.0,9423.0,3300.0,6123.0,Credit Card,Delivered
ORD_01511,2024-11-18,2024-11-23,CUST_0265,Alok Reddy,Male,51,New Delhi,Delhi,North,STR_103,Delhi Connaught Hub,PRD_F02,Executive Leather Boss Chair,Furniture,Chairs,Featherlite,1,18500.0,5.0,17575.0,11000.0,6575.0,Credit Card,Delivered
ORD_01512,2024-11-19,2024-11-24,CUST_0337,Gaurav Malhotra,Male,30,Jaipur,Rajasthan,North,STR_103,Delhi Connaught Hub,PRD_C09,Athletic Dry-Fit Tracksuit,Clothing,Activewear,Under Armour,1,3299.0,5.0,3134.05,1200.0,1934.05,Credit Card,Delivered
ORD_01512,2024-11-19,2024-11-24,CUST_0337,Gaurav Malhotra,Male,30,Jaipur,Rajasthan,North,STR_103,Delhi Connaught Hub,PRD_F10,Geometric Minimalist Bookshelf,Furniture,Storage,Home Centre,2,7999.0,0.0,15998.0,9000.0,6998.0,Credit Card,Delivered
ORD_01513,2024-11-19,2024-11-22,CUST_0116,Rashmi Patil,Female,22,Bhubaneswar,Odisha,East,STR_108,Kolkata Park Street Store,PRD_E12,Logitech Mechanical Keyboard,Electronics,Accessories,Logitech,1,6495.0,10.0,5845.5,4500.0,1345.5,Debit Card,Delivered
ORD_01513,2024-11-19,2024-11-22,CUST_0116,Rashmi Patil,Female,22,Bhubaneswar,Odisha,East,STR_108,Kolkata Park Street Store,PRD_C07,Nike Air Zoom Pegasus Running Shoes,Clothing,Footwear,Nike,1,8995.0,15.0,7645.75,4200.0,3445.75,Debit Card,Delivered
ORD_01514,2024-11-19,2024-11-24,CUST_0316,Rajesh Menon,Male,59,New Delhi,Delhi,North,STR_104,Noida Cyber Express,PRD_F09,6-Seater Solid Oak Dining Set,Furniture,Dining,Durian,1,38000.0,20.0,30400.0,24000.0,6400.0,Credit Card,Delivered
ORD_01515,2024-11-19,2024-11-24,CUST_0315,Kusum Bose,Female,53,Surat,Gujarat,West,STR_102,Pune Tech Hub Outlet,PRD_F09,6-Seater Solid Oak Dining Set,Furniture,Dining,Durian,2,38000.0,20.0,60800.0,48000.0,12800.0,Credit Card,Returned
ORD_01516,2024-11-19,2024-11-24,CUST_0117,Rajesh Das,Male,31,Kochi,Kerala,South,STR_106,Hyderabad Hitech Outlet,PRD_C04,Women Silk Embroidered Kurta Set,Clothing,Ethnic Wear,Biba,1,3899.0,0.0,3899.0,1400.0,2499.0,Cash on Delivery (COD),Cancelled
ORD_01517,2024-11-19,2024-11-21,CUST_0248,Rajendra Kapoor,Male,25,Surat,Gujarat,West,STR_101,Mumbai Flagship Store,PRD_C07,Nike Air Zoom Pegasus Running Shoes,Clothing,Footwear,Nike,2,8995.0,0.0,17990.0,8400.0,9590.0,Credit Card,Delivered
ORD_01518,2024-11-19,2024-11-20,CUST_0128,Rudra Mishra,Male,40,Noida,Uttar Pradesh,North,STR_104,Noida Cyber Express,PRD_F01,Ergonomic Mesh Office Chair,Furniture,Chairs,Green Soul,1,12999.0,5.0,12349.05,7500.0,4849.05,UPI,Delivered
ORD_01518,2024-11-19,2024-11-20,CUST_0128,Rudra Mishra,Male,40,Noida,Uttar Pradesh,North,STR_104,Noida Cyber Express,PRD_E05,Samsung Galaxy S24,Electronics,Smartphones,Samsung,1,79999.0,10.0,71999.1,60000.0,11999.1,UPI,Delivered
ORD_01519,2024-11-20,2024-11-24,CUST_0089,Ayaan Das,Male,60,Hyderabad,Telangana,South,STR_107,Chennai Express Store,PRD_C01,Men Slim Fit Formal Blazer,Clothing,Formal Wear,Raymond,2,5999.0,10.0,10798.2,5200.0,5598.2,Credit Card,Delivered
ORD_01520,2024-11-20,2024-11-21,CUST_0155,Preeti Bhat,Female,49,Bhubaneswar,Odisha,East,STR_108,Kolkata Park Street Store,PRD_E03,HP Pavilion Gaming Laptop,Electronics,Laptops,HP,1,62000.0,5.0,58900.0,48000.0,10900.0,Credit Card,Delivered
ORD_01521,2024-11-21,2024-11-24,CUST_0070,Aarav Joshi,Male,61,New Delhi,Delhi,North,STR_103,Delhi Connaught Hub,PRD_E03,HP Pavilion Gaming Laptop,Electronics,Laptops,HP,1,62000.0,10.0,55800.0,48000.0,7800.0,UPI,Delivered
ORD_01522,2024-11-21,2024-11-24,CUST_0074,Reyansh Nair,Male,23,Chennai,Tamil Nadu,South,STR_105,Bengaluru Indiranagar Mall,PRD_E05,Samsung Galaxy S24,Electronics,Smartphones,Samsung,1,79999.0,10.0,71999.1,60000.0,11999.1,Credit Card,Delivered
ORD_01523,2024-11-21,2024-11-25,CUST_0140,Meena Reddy,Female,37,Chennai,Tamil Nadu,South,STR_110,Ahmedabad SG Highway Store,PRD_E12,Logitech Mechanical Keyboard,Electronics,Accessories,Logitech,1,6495.0,0.0,6495.0,4500.0,1995.0,UPI,Delivered
ORD_01524,2024-11-21,2024-11-22,CUST_0060,Vikram Gupta,Male,50,Bengaluru,Karnataka,South,STR_106,Hyderabad Hitech Outlet,PRD_F03,Motorized Standing Desk,Furniture,Desks,ErgoSmart,1,26999.0,20.0,21599.2,18000.0,3599.2,Credit Card,Delivered
ORD_01524,2024-11-21,2024-11-22,CUST_0060,Vikram Gupta,Male,50,Bengaluru,Karnataka,South,STR_106,Hyderabad Hitech Outlet,PRD_F08,4-Door Wardrobe with Mirror,Furniture,Bedroom,Spacewood,1,25500.0,10.0,22950.0,16000.0,6950.0,Credit Card,Delivered
ORD_01525,2024-11-22,2024-11-23,CUST_0338,Ajay Sharma,Male,36,Chennai,Tamil Nadu,South,STR_105,Bengaluru Indiranagar Mall,PRD_E10,LG 27-inch 4K UHD Monitor,Electronics,Monitors,LG,1,28500.0,10.0,25650.0,21000.0,4650.0,UPI,Delivered
ORD_01525,2024-11-22,2024-11-23,CUST_0338,Ajay Sharma,Male,36,Chennai,Tamil Nadu,South,STR_105,Bengaluru Indiranagar Mall,PRD_F08,4-Door Wardrobe with Mirror,Furniture,Bedroom,Spacewood,1,25500.0,10.0,22950.0,16000.0,6950.0,UPI,Delivered
ORD_01526,2024-11-22,2024-11-23,CUST_0034,Pooja Das,Female,56,Bhubaneswar,Odisha,East,STR_109,Patna Central Outlet,PRD_C07,Nike Air Zoom Pegasus Running Shoes,Clothing,Footwear,Nike,1,8995.0,15.0,7645.75,4200.0,3445.75,Credit Card,Delivered
ORD_01526,2024-11-22,2024-11-23,CUST_0034,Pooja Das,Female,56,Bhubaneswar,Odisha,East,STR_109,Patna Central Outlet,PRD_F07,King Size Engineered Wood Bed,Furniture,Bedroom,Wakefit,1,24999.0,0.0,24999.0,15000.0,9999.0,Credit Card,Delivered
ORD_01527,2024-11-22,2024-11-27,CUST_0028,Alok Pillai,Male,61,Surat,Gujarat,West,STR_102,Pune Tech Hub Outlet,PRD_E07,Sony WH-1000XM5 Headphones,Electronics,Audio,Sony,1,28990.0,10.0,26091.0,20000.0,6091.0,Credit Card,Delivered
ORD_01528,2024-11-22,2024-11-24,CUST_0056,Gaurav Patel,Male,25,Noida,Uttar Pradesh,North,STR_103,Delhi Connaught Hub,PRD_F08,4-Door Wardrobe with Mirror,Furniture,Bedroom,Spacewood,1,25500.0,20.0,20400.0,16000.0,4400.0,Debit Card,Delivered
ORD_01529,2024-11-23,2024-11-24,CUST_0034,Pooja Das,Female,56,Bhubaneswar,Odisha,East,STR_108,Kolkata Park Street Store,PRD_E01,MacBook Air M2,Electronics,Laptops,Apple,1,94900.0,10.0,85410.0,72000.0,13410.0,UPI,Delivered
ORD_01530,2024-11-23,2024-11-25,CUST_0325,Nikhil Bose,Male,39,Surat,Gujarat,West,STR_101,Mumbai Flagship Store,PRD_C10,UV Protected Polarized Sunglasses,Clothing,Accessories,Ray-Ban,1,3490.0,10.0,3141.0,1100.0,2041.0,UPI,Delivered
ORD_01531,2024-11-24,2024-11-28,CUST_0338,Ajay Sharma,Male,36,Chennai,Tamil Nadu,South,STR_101,Mumbai Flagship Store,PRD_E04,iPhone 15 Pro,Electronics,Smartphones,Apple,1,124900.0,0.0,124900.0,95000.0,29900.0,Net Banking,Delivered
ORD_01531,2024-11-24,2024-11-28,CUST_0338,Ajay Sharma,Male,36,Chennai,Tamil Nadu,South,STR_101,Mumbai Flagship Store,PRD_H04,Dyson V8 Cordless Vacuum Cleaner,Home & Kitchen,Home Care,Dyson,1,29900.0,0.0,29900.0,19000.0,10900.0,Net Banking,Delivered
ORD_01531,2024-11-24,2024-11-28,CUST_0338,Ajay Sharma,Male,36,Chennai,Tamil Nadu,South,STR_101,Mumbai Flagship Store,PRD_F10,Geometric Minimalist Bookshelf,Furniture,Storage,Home Centre,2,7999.0,10.0,14398.2,9000.0,5398.2,Net Banking,Delivered
ORD_01532,2024-11-24,2024-11-29,CUST_0093,Mohan Thakur,Male,40,Mumbai,Maharashtra,West,STR_102,Pune Tech Hub Outlet,PRD_F07,King Size Engineered Wood Bed,Furniture,Bedroom,Wakefit,1,24999.0,0.0,24999.0,15000.0,9999.0,UPI,Delivered
ORD_01532,2024-11-24,2024-11-29,CUST_0093,Mohan Thakur,Male,40,Mumbai,Maharashtra,West,STR_102,Pune Tech Hub Outlet,PRD_E14,SanDisk 1TB Portable SSD,Electronics,Storage,SanDisk,1,8499.0,10.0,7649.1,6000.0,1649.1,UPI,Delivered
ORD_01532,2024-11-24,2024-11-29,CUST_0093,Mohan Thakur,Male,40,Mumbai,Maharashtra,West,STR_102,Pune Tech Hub Outlet,PRD_F04,Solid Teak Wood Study Table,Furniture,Desks,Urban Ladder,1,14500.0,5.0,13775.0,9000.0,4775.0,UPI,Delivered
ORD_01533,2024-11-24,2024-11-28,CUST_0304,Reyansh Mehta,Male,49,Patna,Bihar,East,STR_109,Patna Central Outlet,PRD_H04,Dyson V8 Cordless Vacuum Cleaner,Home & Kitchen,Home Care,Dyson,1,29900.0,0.0,29900.0,19000.0,10900.0,UPI,Delivered
ORD_01533,2024-11-24,2024-11-28,CUST_0304,Reyansh Mehta,Male,49,Patna,Bihar,East,STR_109,Patna Central Outlet,PRD_E10,LG 27-inch 4K UHD Monitor,Electronics,Monitors,LG,1,28500.0,10.0,25650.0,21000.0,4650.0,UPI,Delivered
ORD_01534,2024-11-25,2024-11-30,CUST_0221,Anita Pandey,Female,23,Patna,Bihar,East,STR_108,Kolkata Park Street Store,PRD_E12,Logitech Mechanical Keyboard,Electronics,Accessories,Logitech,2,6495.0,0.0,12990.0,9000.0,3990.0,Credit Card,Delivered
ORD_01535,2024-11-25,2024-11-28,CUST_0262,Pooja Thakur,Female,58,Pune,Maharashtra,West,STR_101,Mumbai Flagship Store,PRD_E08,Apple AirPods Pro 2,Electronics,Audio,Apple,1,22900.0,5.0,21755.0,16000.0,5755.0,Cash on Delivery (COD),Returned
ORD_01535,2024-11-25,2024-11-28,CUST_0262,Pooja Thakur,Female,58,Pune,Maharashtra,West,STR_101,Mumbai Flagship Store,PRD_E07,Sony WH-1000XM5 Headphones,Electronics,Audio,Sony,1,28990.0,5.0,27540.5,20000.0,7540.5,Cash on Delivery (COD),Returned
ORD_01536,2024-11-25,2024-11-27,CUST_0008,Shaurya Rao,Male,43,Surat,Gujarat,West,STR_101,Mumbai Flagship Store,PRD_H04,Dyson V8 Cordless Vacuum Cleaner,Home & Kitchen,Home Care,Dyson,2,29900.0,0.0,59800.0,38000.0,21800.0,UPI,Delivered
ORD_01536,2024-11-25,2024-11-27,CUST_0008,Shaurya Rao,Male,43,Surat,Gujarat,West,STR_101,Mumbai Flagship Store,PRD_E12,Logitech Mechanical Keyboard,Electronics,Accessories,Logitech,1,6495.0,10.0,5845.5,4500.0,1345.5,UPI,Delivered
ORD_01537,2024-11-25,2024-11-27,CUST_0151,Atharva Saxena,Male,39,Gurugram,Haryana,North,STR_105,Bengaluru Indiranagar Mall,PRD_E05,Samsung Galaxy S24,Electronics,Smartphones,Samsung,1,79999.0,0.0,79999.0,60000.0,19999.0,Credit Card,Delivered
ORD_01538,2024-11-25,2024-11-30,CUST_0247,Aditya Kumar,Male,24,Lucknow,Uttar Pradesh,North,STR_103,Delhi Connaught Hub,PRD_F08,4-Door Wardrobe with Mirror,Furniture,Bedroom,Spacewood,1,25500.0,20.0,20400.0,16000.0,4400.0,UPI,Delivered
ORD_01539,2024-11-25,2024-11-26,CUST_0241,Muhammad Pandey,Male,36,Hyderabad,Telangana,South,STR_107,Chennai Express Store,PRD_E05,Samsung Galaxy S24,Electronics,Smartphones,Samsung,1,79999.0,10.0,71999.1,60000.0,11999.1,Credit Card,Delivered
ORD_01540,2024-11-26,2024-11-28,CUST_0090,Aryan Chatterjee,Male,53,Bengaluru,Karnataka,South,STR_106,Hyderabad Hitech Outlet,PRD_H05,Kent Grand Plus Water Purifier,Home & Kitchen,Appliances,Kent,1,14999.0,0.0,14999.0,9500.0,5499.0,Cash on Delivery (COD),Delivered
ORD_01540,2024-11-26,2024-11-28,CUST_0090,Aryan Chatterjee,Male,53,Bengaluru,Karnataka,South,STR_106,Hyderabad Hitech Outlet,PRD_C04,Women Silk Embroidered Kurta Set,Clothing,Ethnic Wear,Biba,2,3899.0,10.0,7018.2,2800.0,4218.2,Cash on Delivery (COD),Delivered
ORD_01541,2024-11-26,2024-11-29,CUST_0213,Suresh Malhotra,Male,61,Bengaluru,Karnataka,South,STR_107,Chennai Express Store,PRD_F09,6-Seater Solid Oak Dining Set,Furniture,Dining,Durian,1,38000.0,10.0,34200.0,24000.0,10200.0,Credit Card,Delivered
ORD_01542,2024-11-27,2024-12-02,CUST_0273,Anita Chatterjee,Female,57,Hyderabad,Telangana,South,STR_105,Bengaluru Indiranagar Mall,PRD_H03,Instant Pot Duo 7-in-1 Cooker,Home & Kitchen,Appliances,Instant Pot,1,9999.0,0.0,9999.0,5500.0,4499.0,UPI,Delivered
ORD_01542,2024-11-27,2024-12-02,CUST_0273,Anita Chatterjee,Female,57,Hyderabad,Telangana,South,STR_105,Bengaluru Indiranagar Mall,PRD_C05,Women Designer Georgette Saree,Clothing,Ethnic Wear,FabIndia,1,4999.0,5.0,4749.05,1800.0,2949.05,UPI,Delivered
ORD_01542,2024-11-27,2024-12-02,CUST_0273,Anita Chatterjee,Female,57,Hyderabad,Telangana,South,STR_105,Bengaluru Indiranagar Mall,PRD_C07,Nike Air Zoom Pegasus Running Shoes,Clothing,Footwear,Nike,1,8995.0,0.0,8995.0,4200.0,4795.0,UPI,Delivered
ORD_01543,2024-11-28,2024-12-03,CUST_0053,Aanya Reddy,Female,34,Bengaluru,Karnataka,South,STR_107,Chennai Express Store,PRD_E01,MacBook Air M2,Electronics,Laptops,Apple,1,94900.0,5.0,90155.0,72000.0,18155.0,UPI,Returned
ORD_01544,2024-11-29,2024-12-04,CUST_0199,Vijay Bose,Male,49,Surat,Gujarat,West,STR_102,Pune Tech Hub Outlet,PRD_F04,Solid Teak Wood Study Table,Furniture,Desks,Urban Ladder,1,14500.0,5.0,13775.0,9000.0,4775.0,Net Banking,Delivered
ORD_01545,2024-11-30,2024-12-02,CUST_0070,Aarav Joshi,Male,61,New Delhi,Delhi,North,STR_109,Patna Central Outlet,PRD_E14,SanDisk 1TB Portable SSD,Electronics,Storage,SanDisk,1,8499.0,0.0,8499.0,6000.0,2499.0,UPI,Delivered
ORD_01546,2024-11-30,2024-12-04,CUST_0028,Alok Pillai,Male,61,Surat,Gujarat,West,STR_102,Pune Tech Hub Outlet,PRD_H04,Dyson V8 Cordless Vacuum Cleaner,Home & Kitchen,Home Care,Dyson,2,29900.0,5.0,56810.0,38000.0,18810.0,Debit Card,Delivered
ORD_01546,2024-11-30,2024-12-04,CUST_0028,Alok Pillai,Male,61,Surat,Gujarat,West,STR_102,Pune Tech Hub Outlet,PRD_E07,Sony WH-1000XM5 Headphones,Electronics,Audio,Sony,1,28990.0,0.0,28990.0,20000.0,8990.0,Debit Card,Delivered
ORD_01547,2024-11-30,2024-12-04,CUST_0116,Rashmi Patil,Female,22,Bhubaneswar,Odisha,East,STR_108,Kolkata Park Street Store,PRD_E07,Sony WH-1000XM5 Headphones,Electronics,Audio,Sony,1,28990.0,10.0,26091.0,20000.0,6091.0,UPI,Delivered
ORD_01548,2024-12-01,2024-12-05,CUST_0242,Riya Patel,Female,58,Gurugram,Haryana,North,STR_103,Delhi Connaught Hub,PRD_F05,3-Seater Velvet Fabric Sofa,Furniture,Living Room,Wakefit,1,34999.0,0.0,34999.0,22000.0,12999.0,UPI,Returned
ORD_01549,2024-12-02,2024-12-07,CUST_0074,Reyansh Nair,Male,23,Chennai,Tamil Nadu,South,STR_107,Chennai Express Store,PRD_F10,Geometric Minimalist Bookshelf,Furniture,Storage,Home Centre,2,7999.0,0.0,15998.0,9000.0,6998.0,Cash on Delivery (COD),Cancelled
ORD_01550,2024-12-02,2024-12-03,CUST_0089,Ayaan Das,Male,60,Hyderabad,Telangana,South,STR_108,Kolkata Park Street Store,PRD_C09,Athletic Dry-Fit Tracksuit,Clothing,Activewear,Under Armour,1,3299.0,5.0,3134.05,1200.0,1934.05,Credit Card,Delivered
ORD_01550,2024-12-02,2024-12-03,CUST_0089,Ayaan Das,Male,60,Hyderabad,Telangana,South,STR_108,Kolkata Park Street Store,PRD_C06,Men Stretch Denim Jeans,Clothing,Casual Wear,Levi's,2,2999.0,10.0,5398.2,2200.0,3198.2,Credit Card,Delivered
ORD_01551,2024-12-02,2024-12-03,CUST_0140,Meena Reddy,Female,37,Chennai,Tamil Nadu,South,STR_108,Kolkata Park Street Store,PRD_C07,Nike Air Zoom Pegasus Running Shoes,Clothing,Footwear,Nike,1,8995.0,5.0,8545.25,4200.0,4345.25,Credit Card,Delivered
ORD_01552,2024-12-04,2024-12-09,CUST_0293,Saanvi Yadav,Female,32,Gurugram,Haryana,North,STR_103,Delhi Connaught Hub,PRD_C03,Men Tapered Chinos,Clothing,Casual Wear,Allen Solly,2,2199.0,0.0,4398.0,1600.0,2798.0,Net Banking,Delivered
ORD_01552,2024-12-04,2024-12-09,CUST_0293,Saanvi Yadav,Female,32,Gurugram,Haryana,North,STR_103,Delhi Connaught Hub,PRD_E04,iPhone 15 Pro,Electronics,Smartphones,Apple,1,124900.0,0.0,124900.0,95000.0,29900.0,Net Banking,Delivered
ORD_01553,2024-12-04,2024-12-08,CUST_0096,Ananya Das,Female,39,Ahmedabad,Gujarat,West,STR_102,Pune Tech Hub Outlet,PRD_E08,Apple AirPods Pro 2,Electronics,Audio,Apple,1,22900.0,0.0,22900.0,16000.0,6900.0,UPI,Delivered
ORD_01553,2024-12-04,2024-12-08,CUST_0096,Ananya Das,Female,39,Ahmedabad,Gujarat,West,STR_102,Pune Tech Hub Outlet,PRD_C09,Athletic Dry-Fit Tracksuit,Clothing,Activewear,Under Armour,4,3299.0,10.0,11876.4,4800.0,7076.4,UPI,Delivered
ORD_01553,2024-12-04,2024-12-08,CUST_0096,Ananya Das,Female,39,Ahmedabad,Gujarat,West,STR_102,Pune Tech Hub Outlet,PRD_C06,Men Stretch Denim Jeans,Clothing,Casual Wear,Levi's,2,2999.0,5.0,5698.1,2200.0,3498.1,UPI,Delivered
ORD_01554,2024-12-04,2024-12-05,CUST_0071,Aadhya Chatterjee,Female,56,Patna,Bihar,East,STR_105,Bengaluru Indiranagar Mall,PRD_E03,HP Pavilion Gaming Laptop,Electronics,Laptops,HP,1,62000.0,10.0,55800.0,48000.0,7800.0,Net Banking,Delivered
ORD_01555,2024-12-04,2024-12-05,CUST_0155,Preeti Bhat,Female,49,Bhubaneswar,Odisha,East,STR_109,Patna Central Outlet,PRD_E10,LG 27-inch 4K UHD Monitor,Electronics,Monitors,LG,1,28500.0,15.0,24225.0,21000.0,3225.0,UPI,Delivered
ORD_01556,2024-12-04,2024-12-08,CUST_0155,Preeti Bhat,Female,49,Bhubaneswar,Odisha,East,STR_105,Bengaluru Indiranagar Mall,PRD_E04,iPhone 15 Pro,Electronics,Smartphones,Apple,1,124900.0,5.0,118655.0,95000.0,23655.0,Cash on Delivery (COD),Delivered
ORD_01557,2024-12-04,2024-12-07,CUST_0051,Ananya Rao,Female,45,Mumbai,Maharashtra,West,STR_102,Pune Tech Hub Outlet,PRD_F04,Solid Teak Wood Study Table,Furniture,Desks,Urban Ladder,1,14500.0,0.0,14500.0,9000.0,5500.0,UPI,Delivered
ORD_01558,2024-12-05,2024-12-06,CUST_0187,Shaurya Mehta,Male,50,Surat,Gujarat,West,STR_102,Pune Tech Hub Outlet,PRD_E01,MacBook Air M2,Electronics,Laptops,Apple,1,94900.0,10.0,85410.0,72000.0,13410.0,Cash on Delivery (COD),Delivered
ORD_01559,2024-12-06,2024-12-09,CUST_0200,Pranav Pillai,Male,21,Patna,Bihar,East,STR_109,Patna Central Outlet,PRD_F08,4-Door Wardrobe with Mirror,Furniture,Bedroom,Spacewood,2,25500.0,0.0,51000.0,32000.0,19000.0,UPI,Delivered
ORD_01559,2024-12-06,2024-12-09,CUST_0200,Pranav Pillai,Male,21,Patna,Bihar,East,STR_109,Patna Central Outlet,PRD_F03,Motorized Standing Desk,Furniture,Desks,ErgoSmart,1,26999.0,0.0,26999.0,18000.0,8999.0,UPI,Delivered
ORD_01559,2024-12-06,2024-12-09,CUST_0200,Pranav Pillai,Male,21,Patna,Bihar,East,STR_109,Patna Central Outlet,PRD_E03,HP Pavilion Gaming Laptop,Electronics,Laptops,HP,1,62000.0,15.0,52700.0,48000.0,4700.0,UPI,Delivered
ORD_01560,2024-12-06,2024-12-11,CUST_0242,Riya Patel,Female,58,Gurugram,Haryana,North,STR_104,Noida Cyber Express,PRD_C07,Nike Air Zoom Pegasus Running Shoes,Clothing,Footwear,Nike,2,8995.0,5.0,17090.5,8400.0,8690.5,Debit Card,Delivered
ORD_01561,2024-12-07,2024-12-11,CUST_0246,Deepak Pandey,Male,58,Jaipur,Rajasthan,North,STR_103,Delhi Connaught Hub,PRD_C08,Puma UltraRide Sneakers,Clothing,Footwear,Puma,1,4999.0,10.0,4499.1,2200.0,2299.1,Net Banking,Delivered
ORD_01562,2024-12-07,2024-12-11,CUST_0053,Aanya Reddy,Female,34,Bengaluru,Karnataka,South,STR_108,Kolkata Park Street Store,PRD_E13,TP-Link AX3000 Wi-Fi 6 Router,Electronics,Networking,TP-Link,1,4999.0,0.0,4999.0,3200.0,1799.0,Net Banking,Delivered
ORD_01563,2024-12-07,2024-12-10,CUST_0199,Vijay Bose,Male,49,Surat,Gujarat,West,STR_105,Bengaluru Indiranagar Mall,PRD_E10,LG 27-inch 4K UHD Monitor,Electronics,Monitors,LG,1,28500.0,0.0,28500.0,21000.0,7500.0,UPI,Delivered
ORD_01564,2024-12-07,2024-12-08,CUST_0051,Ananya Rao,Female,45,Mumbai,Maharashtra,West,STR_110,Ahmedabad SG Highway Store,PRD_F02,Executive Leather Boss Chair,Furniture,Chairs,Featherlite,1,18500.0,5.0,17575.0,11000.0,6575.0,UPI,Returned
ORD_01565,2024-12-07,2024-12-10,CUST_0314,Sara Mehta,Female,30,New Delhi,Delhi,North,STR_103,Delhi Connaught Hub,PRD_E09,boAt Rockerz 450,Electronics,Audio,boAt,1,1499.0,0.0,1499.0,800.0,699.0,UPI,Delivered
ORD_01566,2024-12-08,2024-12-12,CUST_0274,Muhammad Gupta,Male,60,Noida,Uttar Pradesh,North,STR_103,Delhi Connaught Hub,PRD_F03,Motorized Standing Desk,Furniture,Desks,ErgoSmart,1,26999.0,5.0,25649.05,18000.0,7649.05,Cash on Delivery (COD),Delivered
ORD_01567,2024-12-08,2024-12-13,CUST_0115,Rajendra Thakur,Male,52,Jaipur,Rajasthan,North,STR_104,Noida Cyber Express,PRD_C07,Nike Air Zoom Pegasus Running Shoes,Clothing,Footwear,Nike,1,8995.0,0.0,8995.0,4200.0,4795.0,Credit Card,Delivered
ORD_01568,2024-12-08,2024-12-10,CUST_0265,Alok Reddy,Male,51,New Delhi,Delhi,North,STR_104,Noida Cyber Express,PRD_F03,Motorized Standing Desk,Furniture,Desks,ErgoSmart,1,26999.0,10.0,24299.1,18000.0,6299.1,UPI,Delivered
ORD_01569,2024-12-08,2024-12-11,CUST_0051,Ananya Rao,Female,45,Mumbai,Maharashtra,West,STR_110,Ahmedabad SG Highway Store,PRD_F02,Executive Leather Boss Chair,Furniture,Chairs,Featherlite,1,18500.0,20.0,14800.0,11000.0,3800.0,UPI,Delivered
ORD_01570,2024-12-08,2024-12-11,CUST_0272,Rajendra Deshmukh,Male,31,Hyderabad,Telangana,South,STR_106,Hyderabad Hitech Outlet,PRD_C04,Women Silk Embroidered Kurta Set,Clothing,Ethnic Wear,Biba,1,3899.0,5.0,3704.05,1400.0,2304.05,Debit Card,Delivered
ORD_01571,2024-12-09,2024-12-12,CUST_0262,Pooja Thakur,Female,58,Pune,Maharashtra,West,STR_110,Ahmedabad SG Highway Store,PRD_F09,6-Seater Solid Oak Dining Set,Furniture,Dining,Durian,1,38000.0,0.0,38000.0,24000.0,14000.0,Credit Card,Delivered
ORD_01572,2024-12-09,2024-12-12,CUST_0081,Anita Saxena,Female,35,Jaipur,Rajasthan,North,STR_104,Noida Cyber Express,PRD_E02,Dell XPS 13,Electronics,Laptops,Dell,1,85000.0,10.0,76500.0,65000.0,11500.0,Credit Card,Returned
ORD_01572,2024-12-09,2024-12-12,CUST_0081,Anita Saxena,Female,35,Jaipur,Rajasthan,North,STR_104,Noida Cyber Express,PRD_C05,Women Designer Georgette Saree,Clothing,Ethnic Wear,FabIndia,1,4999.0,5.0,4749.05,1800.0,2949.05,Credit Card,Returned
ORD_01572,2024-12-09,2024-12-12,CUST_0081,Anita Saxena,Female,35,Jaipur,Rajasthan,North,STR_104,Noida Cyber Express,PRD_E03,HP Pavilion Gaming Laptop,Electronics,Laptops,HP,1,62000.0,0.0,62000.0,48000.0,14000.0,Credit Card,Returned
ORD_01573,2024-12-10,2024-12-15,CUST_0044,Kiran Deshmukh,Male,62,Pune,Maharashtra,West,STR_110,Ahmedabad SG Highway Store,PRD_E14,SanDisk 1TB Portable SSD,Electronics,Storage,SanDisk,1,8499.0,0.0,8499.0,6000.0,2499.0,Credit Card,Delivered
ORD_01574,2024-12-10,2024-12-12,CUST_0112,Sameer Deshmukh,Male,24,Kolkata,West Bengal,East,STR_108,Kolkata Park Street Store,PRD_F02,Executive Leather Boss Chair,Furniture,Chairs,Featherlite,2,18500.0,15.0,31450.0,22000.0,9450.0,Debit Card,Delivered
ORD_01575,2024-12-10,2024-12-12,CUST_0213,Suresh Malhotra,Male,61,Bengaluru,Karnataka,South,STR_104,Noida Cyber Express,PRD_C05,Women Designer Georgette Saree,Clothing,Ethnic Wear,FabIndia,2,4999.0,5.0,9498.1,3600.0,5898.1,Credit Card,Delivered
ORD_01576,2024-12-10,2024-12-14,CUST_0035,Swati Kapoor,Female,34,Kolkata,West Bengal,East,STR_109,Patna Central Outlet,PRD_E13,TP-Link AX3000 Wi-Fi 6 Router,Electronics,Networking,TP-Link,1,4999.0,10.0,4499.1,3200.0,1299.1,UPI,Returned
ORD_01577,2024-12-10,2024-12-12,CUST_0053,Aanya Reddy,Female,34,Bengaluru,Karnataka,South,STR_101,Mumbai Flagship Store,PRD_C10,UV Protected Polarized Sunglasses,Clothing,Accessories,Ray-Ban,1,3490.0,10.0,3141.0,1100.0,2041.0,Cash on Delivery (COD),Delivered
ORD_01577,2024-12-10,2024-12-12,CUST_0053,Aanya Reddy,Female,34,Bengaluru,Karnataka,South,STR_101,Mumbai Flagship Store,PRD_H05,Kent Grand Plus Water Purifier,Home & Kitchen,Appliances,Kent,1,14999.0,10.0,13499.1,9500.0,3999.1,Cash on Delivery (COD),Delivered
ORD_01577,2024-12-10,2024-12-12,CUST_0053,Aanya Reddy,Female,34,Bengaluru,Karnataka,South,STR_101,Mumbai Flagship Store,PRD_C06,Men Stretch Denim Jeans,Clothing,Casual Wear,Levi's,2,2999.0,10.0,5398.2,2200.0,3198.2,Cash on Delivery (COD),Delivered
ORD_01578,2024-12-10,2024-12-13,CUST_0266,Kabir Iyer,Male,28,Chennai,Tamil Nadu,South,STR_106,Hyderabad Hitech Outlet,PRD_C01,Men Slim Fit Formal Blazer,Clothing,Formal Wear,Raymond,1,5999.0,5.0,5699.05,2600.0,3099.05,UPI,Delivered
ORD_01579,2024-12-11,2024-12-14,CUST_0307,Ayaan Joshi,Male,56,Surat,Gujarat,West,STR_102,Pune Tech Hub Outlet,PRD_E11,Logitech MX Master 3S Mouse,Electronics,Accessories,Logitech,1,8995.0,0.0,8995.0,6200.0,2795.0,UPI,Delivered
ORD_01580,2024-12-11,2024-12-14,CUST_0199,Vijay Bose,Male,49,Surat,Gujarat,West,STR_110,Ahmedabad SG Highway Store,PRD_E08,Apple AirPods Pro 2,Electronics,Audio,Apple,1,22900.0,0.0,22900.0,16000.0,6900.0,Credit Card,Delivered
ORD_01580,2024-12-11,2024-12-14,CUST_0199,Vijay Bose,Male,49,Surat,Gujarat,West,STR_110,Ahmedabad SG Highway Store,PRD_F04,Solid Teak Wood Study Table,Furniture,Desks,Urban Ladder,1,14500.0,5.0,13775.0,9000.0,4775.0,Credit Card,Delivered
ORD_01581,2024-12-11,2024-12-16,CUST_0140,Meena Reddy,Female,37,Chennai,Tamil Nadu,South,STR_105,Bengaluru Indiranagar Mall,PRD_C01,Men Slim Fit Formal Blazer,Clothing,Formal Wear,Raymond,2,5999.0,0.0,11998.0,5200.0,6798.0,UPI,Cancelled
ORD_01582,2024-12-11,2024-12-16,CUST_0034,Pooja Das,Female,56,Bhubaneswar,Odisha,East,STR_109,Patna Central Outlet,PRD_E14,SanDisk 1TB Portable SSD,Electronics,Storage,SanDisk,1,8499.0,10.0,7649.1,6000.0,1649.1,Cash on Delivery (COD),Delivered
ORD_01582,2024-12-11,2024-12-16,CUST_0034,Pooja Das,Female,56,Bhubaneswar,Odisha,East,STR_109,Patna Central Outlet,PRD_F05,3-Seater Velvet Fabric Sofa,Furniture,Living Room,Wakefit,1,34999.0,0.0,34999.0,22000.0,12999.0,Cash on Delivery (COD),Delivered
ORD_01583,2024-12-11,2024-12-15,CUST_0278,Pranav Das,Male,23,Bengaluru,Karnataka,South,STR_106,Hyderabad Hitech Outlet,PRD_F05,3-Seater Velvet Fabric Sofa,Furniture,Living Room,Wakefit,2,34999.0,15.0,59498.3,44000.0,15498.3,Credit Card,Delivered
ORD_01583,2024-12-11,2024-12-15,CUST_0278,Pranav Das,Male,23,Bengaluru,Karnataka,South,STR_106,Hyderabad Hitech Outlet,PRD_E13,TP-Link AX3000 Wi-Fi 6 Router,Electronics,Networking,TP-Link,1,4999.0,15.0,4249.15,3200.0,1049.15,Credit Card,Delivered
ORD_01584,2024-12-11,2024-12-12,CUST_0241,Muhammad Pandey,Male,36,Hyderabad,Telangana,South,STR_105,Bengaluru Indiranagar Mall,PRD_F10,Geometric Minimalist Bookshelf,Furniture,Storage,Home Centre,1,7999.0,0.0,7999.0,4500.0,3499.0,Credit Card,Delivered
ORD_01585,2024-12-11,2024-12-15,CUST_0325,Nikhil Bose,Male,39,Surat,Gujarat,West,STR_107,Chennai Express Store,PRD_C02,Premium Egyptian Cotton Shirt,Clothing,Formal Wear,Louis Philippe,1,2499.0,5.0,2374.05,950.0,1424.05,Credit Card,Delivered
ORD_01586,2024-12-11,2024-12-13,CUST_0116,Rashmi Patil,Female,22,Bhubaneswar,Odisha,East,STR_108,Kolkata Park Street Store,PRD_F02,Executive Leather Boss Chair,Furniture,Chairs,Featherlite,1,18500.0,15.0,15725.0,11000.0,4725.0,Credit Card,Delivered
ORD_01586,2024-12-11,2024-12-13,CUST_0116,Rashmi Patil,Female,22,Bhubaneswar,Odisha,East,STR_108,Kolkata Park Street Store,PRD_F03,Motorized Standing Desk,Furniture,Desks,ErgoSmart,1,26999.0,0.0,26999.0,18000.0,8999.0,Credit Card,Delivered
ORD_01587,2024-12-11,2024-12-12,CUST_0024,Sandeep Rao,Male,54,Patna,Bihar,East,STR_109,Patna Central Outlet,PRD_E03,HP Pavilion Gaming Laptop,Electronics,Laptops,HP,1,62000.0,15.0,52700.0,48000.0,4700.0,Cash on Delivery (COD),Cancelled
ORD_01587,2024-12-11,2024-12-12,CUST_0024,Sandeep Rao,Male,54,Patna,Bihar,East,STR_109,Patna Central Outlet,PRD_C07,Nike Air Zoom Pegasus Running Shoes,Clothing,Footwear,Nike,2,8995.0,0.0,17990.0,8400.0,9590.0,Cash on Delivery (COD),Cancelled
ORD_01587,2024-12-11,2024-12-12,CUST_0024,Sandeep Rao,Male,54,Patna,Bihar,East,STR_109,Patna Central Outlet,PRD_C10,UV Protected Polarized Sunglasses,Clothing,Accessories,Ray-Ban,3,3490.0,5.0,9946.5,3300.0,6646.5,Cash on Delivery (COD),Cancelled
ORD_01588,2024-12-12,2024-12-13,CUST_0135,Aanya Patil,Female,54,Noida,Uttar Pradesh,North,STR_103,Delhi Connaught Hub,PRD_C04,Women Silk Embroidered Kurta Set,Clothing,Ethnic Wear,Biba,1,3899.0,0.0,3899.0,1400.0,2499.0,Credit Card,Delivered
ORD_01589,2024-12-12,2024-12-14,CUST_0262,Pooja Thakur,Female,58,Pune,Maharashtra,West,STR_102,Pune Tech Hub Outlet,PRD_F03,Motorized Standing Desk,Furniture,Desks,ErgoSmart,1,26999.0,0.0,26999.0,18000.0,8999.0,Debit Card,Delivered
ORD_01590,2024-12-13,2024-12-14,CUST_0196,Sneha Malhotra,Female,35,Kochi,Kerala,South,STR_102,Pune Tech Hub Outlet,PRD_F03,Motorized Standing Desk,Furniture,Desks,ErgoSmart,1,26999.0,0.0,26999.0,18000.0,8999.0,Credit Card,Delivered
ORD_01591,2024-12-13,2024-12-18,CUST_0297,Sunita Malhotra,Female,43,Pune,Maharashtra,West,STR_110,Ahmedabad SG Highway Store,PRD_F07,King Size Engineered Wood Bed,Furniture,Bedroom,Wakefit,1,24999.0,10.0,22499.1,15000.0,7499.1,UPI,Delivered
ORD_01592,2024-12-13,2024-12-17,CUST_0121,Neha Deshmukh,Female,42,Hyderabad,Telangana,South,STR_107,Chennai Express Store,PRD_E02,Dell XPS 13,Electronics,Laptops,Dell,1,85000.0,0.0,85000.0,65000.0,20000.0,UPI,Delivered
ORD_01593,2024-12-13,2024-12-14,CUST_0051,Ananya Rao,Female,45,Mumbai,Maharashtra,West,STR_102,Pune Tech Hub Outlet,PRD_C02,Premium Egyptian Cotton Shirt,Clothing,Formal Wear,Louis Philippe,1,2499.0,5.0,2374.05,950.0,1424.05,UPI,Delivered
ORD_01594,2024-12-13,2024-12-14,CUST_0246,Deepak Pandey,Male,58,Jaipur,Rajasthan,North,STR_104,Noida Cyber Express,PRD_F02,Executive Leather Boss Chair,Furniture,Chairs,Featherlite,1,18500.0,10.0,16650.0,11000.0,5650.0,Credit Card,Delivered
ORD_01595,2024-12-13,2024-12-18,CUST_0307,Ayaan Joshi,Male,56,Surat,Gujarat,West,STR_106,Hyderabad Hitech Outlet,PRD_F10,Geometric Minimalist Bookshelf,Furniture,Storage,Home Centre,1,7999.0,10.0,7199.1,4500.0,2699.1,Net Banking,Delivered
ORD_01595,2024-12-13,2024-12-18,CUST_0307,Ayaan Joshi,Male,56,Surat,Gujarat,West,STR_106,Hyderabad Hitech Outlet,PRD_E14,SanDisk 1TB Portable SSD,Electronics,Storage,SanDisk,1,8499.0,10.0,7649.1,6000.0,1649.1,Net Banking,Delivered
ORD_01596,2024-12-13,2024-12-16,CUST_0151,Atharva Saxena,Male,39,Gurugram,Haryana,North,STR_104,Noida Cyber Express,PRD_C10,UV Protected Polarized Sunglasses,Clothing,Accessories,Ray-Ban,2,3490.0,0.0,6980.0,2200.0,4780.0,Net Banking,Delivered
ORD_01597,2024-12-14,2024-12-19,CUST_0105,Dinesh Chauhan,Male,48,Guwahati,Assam,East,STR_108,Kolkata Park Street Store,PRD_F07,King Size Engineered Wood Bed,Furniture,Bedroom,Wakefit,1,24999.0,0.0,24999.0,15000.0,9999.0,Cash on Delivery (COD),Delivered
ORD_01597,2024-12-14,2024-12-19,CUST_0105,Dinesh Chauhan,Male,48,Guwahati,Assam,East,STR_108,Kolkata Park Street Store,PRD_E06,OnePlus 12,Electronics,Smartphones,OnePlus,1,64999.0,10.0,58499.1,45000.0,13499.1,Cash on Delivery (COD),Delivered
ORD_01598,2024-12-14,2024-12-17,CUST_0039,Aarav Patel,Male,35,Pune,Maharashtra,West,STR_101,Mumbai Flagship Store,PRD_C08,Puma UltraRide Sneakers,Clothing,Footwear,Puma,2,4999.0,10.0,8998.2,4400.0,4598.2,UPI,Delivered
ORD_01598,2024-12-14,2024-12-17,CUST_0039,Aarav Patel,Male,35,Pune,Maharashtra,West,STR_101,Mumbai Flagship Store,PRD_E02,Dell XPS 13,Electronics,Laptops,Dell,1,85000.0,15.0,72250.0,65000.0,7250.0,UPI,Delivered
ORD_01599,2024-12-14,2024-12-17,CUST_0004,Kavita Kapoor,Female,56,Mumbai,Maharashtra,West,STR_110,Ahmedabad SG Highway Store,PRD_H05,Kent Grand Plus Water Purifier,Home & Kitchen,Appliances,Kent,2,14999.0,0.0,29998.0,19000.0,10998.0,Credit Card,Delivered
ORD_01600,2024-12-14,2024-12-16,CUST_0137,Rashmi Joshi,Female,26,Jaipur,Rajasthan,North,STR_104,Noida Cyber Express,PRD_F08,4-Door Wardrobe with Mirror,Furniture,Bedroom,Spacewood,2,25500.0,0.0,51000.0,32000.0,19000.0,Net Banking,Delivered
